row,aa_wt,position,wt_prob,A,C,D,E,F,G,H,I,K,L,M,N,P,Q,R,S,T,V,W,Y,gene
0,M,1,0.15000644326210022,0.01594693958759308,0.006258418783545494,0.09018683433532715,0.027995353564620018,0.0026281054597347975,0.3398207128047943,0.06928989291191101,0.0029526865109801292,0.006291418336331844,0.014976407401263714,0.15000644326210022,0.010805552825331688,0.015921587124466896,0.17559503018856049,0.021844256669282913,0.019928067922592163,0.005610133055597544,0.012760338373482227,0.002471293555572629,0.007577783893793821,9n7_non-resurfaced
1,A,2,0.2954738438129425,0.2954738438129425,0.00795751716941595,0.011064145714044571,0.017293503507971764,0.0028498650062829256,0.04073870927095413,0.000750450708437711,0.0013909897534176707,0.0007363400072790682,0.005218027625232935,0.0013391600223258138,0.002373968018218875,0.009485644288361073,0.00407591974362731,0.005660921335220337,0.5649035573005676,0.014775264076888561,0.009674609638750553,0.0023850752040743828,0.0012380854459479451,9n7_non-resurfaced
2,E,3,0.5497781038284302,0.006356876343488693,0.00043344838195480406,0.0820416808128357,0.5497781038284302,0.00041253119707107544,0.010466868057847023,0.009074479341506958,0.0005690451944246888,0.00847986526787281,0.00442402483895421,0.0005767878028564155,0.0021298525389283895,0.0017277037259191275,0.30145183205604553,0.002997864503413439,0.002733376808464527,0.0016979918582364917,0.012124300934374332,0.0007543471874669194,0.0013879967154935002,9n7_non-resurfaced
3,V,4,0.8496232032775879,0.02765072137117386,0.00022418747539632022,0.002707556588575244,0.028400614857673645,0.002847045660018921,0.004908126778900623,0.00034444802440702915,0.025082428008317947,0.0012805353617295623,0.02357224002480507,0.020381297916173935,0.0004938478814437985,0.0011843558168038726,0.0035183941945433617,0.0007672357023693621,0.001970598241314292,0.004176369868218899,0.8496232032775879,0.00016595135093666613,0.0003402409784030169,9n7_non-resurfaced
4,Q,5,0.9091691970825195,0.0008416317868977785,0.00015349758905358613,0.0008914995705708861,0.006364534609019756,0.00029432986048050225,0.0006940741441212595,0.022527864202857018,0.0008801408112049103,0.01495899073779583,0.009130174294114113,0.0009052861132659018,0.002039222279563546,0.006045952904969454,0.9091691970825195,0.013202188536524773,0.004382471088320017,0.004902997985482216,0.0011814826866611838,0.0006139071774668992,0.0006823315634392202,9n7_non-resurfaced
5,L,6,0.9707784056663513,0.0003605546080507338,0.00012967377551831305,3.810922135016881e-05,8.15517341834493e-05,0.004562960937619209,7.3708884883672e-05,0.000688312400598079,0.003131512086838484,4.3650456063915044e-05,0.9707784056663513,0.002484611701220274,6.677185592707247e-05,0.0025236448273062706,0.001536406110972166,0.0009398474358022213,0.001936358748935163,0.0006408071494661272,0.009230571798980236,0.000520647969096899,0.00017506217409390956,9n7_non-resurfaced
6,Q,7,0.018473530188202858,0.011860727332532406,0.00012748358130920678,0.0008010595920495689,0.004874317441135645,0.002317545935511589,0.001884954166598618,0.0006190100102685392,0.010792355053126812,0.0035573546774685383,0.060171179473400116,0.010644132271409035,0.0003046204219572246,0.0004508183046709746,0.018473530188202858,0.003315642010420561,0.0016008141683414578,0.0020546549931168556,0.865354061126709,0.0005068033351562917,0.00017652360838837922,9n7_non-resurfaced
7,A,8,0.0011816583573818207,0.0011816583573818207,9.128310011874419e-06,0.005103688687086105,0.9804896712303162,2.0836405383306555e-05,0.0039059901610016823,0.0001235164381796494,4.1192746721208096e-05,0.0035106369759887457,0.00016332417726516724,4.3186220864299685e-05,0.0001322891766903922,0.00012635503662750125,0.0035969908349215984,0.00036412724875845015,0.0001682180300122127,0.00011174979590578005,0.0007234836230054498,5.508473259396851e-05,5.820443402626552e-05,9n7_non-resurfaced
8,S,9,0.9296166896820068,0.008644728921353817,0.0020597241818904877,0.0008099808474071324,0.0010801093885675073,0.005521067418158054,0.007148734759539366,0.00042040212429128587,0.0011851780582219362,0.0006025067414157093,0.0042194495908916,0.0003558011958375573,0.0014160145074129105,0.007243197411298752,0.0009172974387183785,0.007041421718895435,0.9296166896820068,0.013397558592259884,0.0013232269557192922,0.005247384775429964,0.0015746216522529721,9n7_non-resurfaced
9,G,10,0.9432954788208008,0.009299401193857193,0.0010026840027421713,0.010084676556289196,0.008053887635469437,8.627213537693024e-05,0.9432954788208008,0.00021516354172490537,0.00010854146967176348,0.0003985889779869467,0.00030544676701538265,0.00013769467477686703,0.0008584155002608895,0.00030853954376652837,0.0002860284294001758,0.008941035717725754,0.012276661582291126,0.0008405812550336123,0.002460730727761984,0.0008736065938137472,6.910714728292078e-05,9n7_non-resurfaced
10,G,11,0.9228348135948181,0.013994884677231312,0.0010494687594473362,0.006224903743714094,0.011604257859289646,0.00020518274686764926,0.9228348135948181,0.00036001167609356344,0.00029557140078395605,0.0006965998327359557,0.0008604312897659838,0.00017935193318407983,0.0006458754651248455,0.0035654245875775814,0.0007244048174470663,0.014186662621796131,0.015529301017522812,0.0012492425739765167,0.0043666730634868145,0.0011249142698943615,9.524646156933159e-05,9n7_non-resurfaced
11,G,12,0.929098904132843,0.009676484391093254,0.002225531730800867,0.01897042989730835,0.0076558347791433334,0.00010326613119104877,0.929098904132843,0.0002643385960254818,0.00020241351739969105,0.00035947238211520016,0.00022582495876122266,0.00011316112068016082,0.0010513269808143377,0.00022403040202334523,0.00029998942045494914,0.0077270702458918095,0.016313347965478897,0.0009591502603143454,0.003654049476608634,0.000583662127610296,0.00017548077448736876,9n7_non-resurfaced
12,F,13,0.004296150989830494,0.0018117502331733704,0.0008908511372283101,0.0001437480968888849,0.00018644444935489446,0.004296150989830494,0.00043549606925807893,0.0012941563036292791,0.0022645150311291218,5.940669507253915e-05,0.8968254327774048,0.0017114783404394984,0.00018276819901075214,0.019894825294613838,0.0023448471911251545,0.0038688266649842262,0.04479800537228584,0.0013672404456883669,0.016293829306960106,0.0010532535379752517,0.00021765097335446626,9n7_non-resurfaced
13,V,14,0.8321326971054077,0.03256428241729736,0.001411817385815084,0.0034835641272366047,0.012220562435686588,0.006006283685564995,0.013732421211898327,0.001608693622983992,0.013267653994262218,0.005549434572458267,0.029978981241583824,0.00568200321868062,0.0016632704064249992,0.009772082790732384,0.00471236789599061,0.009009236469864845,0.008615887723863125,0.006225212477147579,0.8321326971054077,0.0011984703596681356,0.0009762321133166552,9n7_non-resurfaced
14,Q,15,0.8424566388130188,0.0025391061790287495,0.000161391930305399,0.0018350542522966862,0.034247513860464096,0.00011523561988724396,0.002818369073793292,0.007405922282487154,0.0005136632244102657,0.04968426749110222,0.006488928571343422,0.0009180755587294698,0.003234419273212552,0.02140195108950138,0.8424566388130188,0.015734976157546043,0.0037145111709833145,0.005003032740205526,0.0010216294322162867,0.0002975549141410738,0.00026103772688657045,9n7_non-resurfaced
15,A,16,0.1315402388572693,0.1315402388572693,0.0001638306275708601,0.0010311843361705542,0.002065864624455571,0.0005037918454036117,0.0021154058631509542,0.0019720259588211775,0.0007547234417870641,0.0003944240161217749,0.01250621397048235,0.0006540387985296547,0.00039752243901602924,0.7992596626281738,0.0024662059731781483,0.002545626601204276,0.02416452392935753,0.01164348516613245,0.005047688726335764,0.0004442575736902654,0.00019543828966561705,9n7_non-resurfaced
16,G,17,0.9485496878623962,0.004797595087438822,0.0005339045310392976,0.005662312265485525,0.010512888431549072,3.700416345964186e-05,0.9485496878623962,0.00018137542065232992,0.00011134239321108907,0.0005441724788397551,0.0002683429920580238,0.0004751064407173544,0.0004820330359507352,0.000261888955719769,0.0004413086280692369,0.01655738614499569,0.004824538715183735,0.00035221019061282277,0.0038471564184874296,0.0012992452830076218,3.491080133244395e-05,9n7_non-resurfaced
17,G,18,0.8256291151046753,0.016555707901716232,0.00025052583077922463,0.00601586326956749,0.0196236539632082,2.5518318579997867e-05,0.8256291151046753,0.00025733833899721503,0.00016401283210143447,0.0048651620745658875,0.00040916274883784354,0.0006700333906337619,0.0006718355580233037,0.0009866480249911547,0.0023560032714158297,0.10429241508245468,0.008062772452831268,0.0017438947688788176,0.00609345268458128,0.001220394973643124,3.840773206320591e-05,9n7_non-resurfaced
18,S,19,0.9764547944068909,0.0027205098886042833,0.0007337552960962057,0.0003115077270194888,0.00018755198107101023,0.0025328202173113823,0.001965948846191168,0.0002205518976552412,0.00043133890721946955,0.00013762840535491705,0.0011210001539438963,9.302594844484702e-05,0.0020634792745113373,0.004197441041469574,0.00017676454444881529,0.002032364020124078,0.9764547944068909,0.0035640092100948095,0.0002542073489166796,7.923354860395193e-05,0.0006548074306920171,9n7_non-resurfaced
19,L,20,0.9414435029029846,0.0009494373225606978,0.0006000968860462308,0.0002059119287878275,0.0006172979483380914,0.008458531461656094,0.0002074133517453447,0.005368717480450869,0.007146203424781561,0.00018491990340407938,0.9414435029029846,0.004270443692803383,0.00017026410205289721,0.004167051985859871,0.0038841746281832457,0.002027927665039897,0.0017429525032639503,0.0008938258979469538,0.016340935602784157,0.0006924005574546754,0.0005795173929072917,9n7_non-resurfaced
20,R,21,0.854367196559906,0.00045843960833735764,0.0003103055350948125,0.0001698583655524999,0.0017985125305131078,1.9287816030555405e-05,0.0016971004661172628,0.0009511237149126828,0.0014107326278463006,0.10371232777833939,0.00035173475043848157,0.0008813796448521316,0.0035880624782294035,0.00050875183660537,0.00256830221042037,0.854367196559906,0.0068307374604046345,0.019451186060905457,0.00013825332280248404,0.0006238148198463023,4.667734174290672e-05,9n7_non-resurfaced
21,L,22,0.9877290725708008,0.00010387118527432904,8.31717043183744e-05,1.8160644685849547e-05,3.0799987143836915e-05,0.002707029227167368,3.1143972591962665e-05,0.00016936601605266333,0.0011767706600949168,2.3797003450454213e-05,0.9877290725708008,0.0011106462916359305,2.270214827149175e-05,0.0013012421550229192,0.000624530075583607,0.0005841428064741194,0.00037506557418964803,0.00010308427590643987,0.0035695983096957207,0.0001437684113625437,5.950440026936121e-05,9n7_non-resurfaced
22,S,23,0.9693464636802673,0.00293160742148757,0.0019217832013964653,0.00026972961495630443,0.00011152129445690662,0.0059106857515871525,0.0008011813624761999,0.0002100139536196366,0.00095363799482584,0.00010361375461798161,0.003923553042113781,0.00013956098700873554,0.0022034095600247383,0.0019098195480182767,0.00016547375707887113,0.0011350270360708237,0.9693464636802673,0.005595668684691191,0.0010099327191710472,0.0002225215284852311,0.0010917597683146596,9n7_non-resurfaced
23,C,24,0.9942751526832581,1.9722698198165745e-05,0.9942751526832581,3.721355460584164e-05,1.1430734048190061e-05,0.00023314080317504704,0.0004364506748970598,9.62137128226459e-05,1.1611106856435072e-05,1.2387902643240523e-05,5.294552829582244e-05,2.0683989987446694e-06,4.021780478069559e-05,1.3834024684911128e-05,1.1216925486223772e-05,0.0016104207606986165,0.0008181893499568105,7.77357581682736e-06,1.670335404924117e-05,0.00038835592567920685,0.0018799332901835442,9n7_non-resurfaced
24,A,25,0.7158616781234741,0.7158616781234741,0.0009692458552308381,0.0035635638050734997,0.023282885551452637,0.0017844254616647959,0.008372204378247261,0.0005019474192522466,0.009475430473685265,0.004017193801701069,0.004344305954873562,0.0021980784367769957,0.0013184193521738052,0.00672664912417531,0.0021297233179211617,0.0023663309402763844,0.026754649356007576,0.08597953617572784,0.09918323904275894,0.0004318589635659009,0.0006028409115970135,9n7_non-resurfaced
25,A,26,0.7696527242660522,0.7696527242660522,0.0008347985567525029,0.005163996480405331,0.005076765548437834,0.000849675852805376,0.03176667168736458,0.00032571074552834034,0.007741482928395271,0.0005311494460329413,0.0021146018989384174,0.0014775970485061407,0.0007094447501003742,0.004642949905246496,0.0002960248675663024,0.0012934866826981306,0.01001540943980217,0.1060481071472168,0.050353679805994034,0.00013202040281612426,0.0007853242568671703,9n7_non-resurfaced
26,S,27,0.9481294751167297,0.002707960084080696,0.001244294922798872,0.0008140387362800539,0.0004893497098237276,0.007909771054983139,0.0035039247013628483,0.0005147423362359405,0.0019403804326429963,0.0006793464417569339,0.002787301316857338,0.0003626539546530694,0.004819149151444435,0.002638906007632613,0.00027326951385475695,0.0035529432352632284,0.9481294751167297,0.013246424496173859,0.0004618932434823364,0.0005091176135465503,0.0033041974529623985,9n7_non-resurfaced
27,G,28,0.9036300182342529,0.009405458346009254,0.0021187160164117813,0.017404308542609215,0.017439311370253563,0.0011143042938783765,0.9036300182342529,0.0010533725144341588,0.0008351776632480323,0.001113689155317843,0.0013429127866402268,0.0003813332587014884,0.0016982160741463304,0.0004950916627421975,0.000916694407351315,0.01584547385573387,0.01189969852566719,0.0012385676382109523,0.009373675100505352,0.001752953976392746,0.0008627062197774649,9n7_non-resurfaced
28,F,29,0.4802582859992981,0.024192849174141884,0.005064912606030703,0.04108836129307747,0.02902258187532425,0.4802582859992981,0.11047321557998657,0.008577444590628147,0.029512645676732063,0.0086549436673522,0.022472592070698738,0.002385449828580022,0.00815504789352417,0.0026637462433427572,0.0030999197624623775,0.031383413821458817,0.04531274735927582,0.013895262964069843,0.035521816462278366,0.0036186857614666224,0.09459017962217331,9n7_non-resurfaced
29,T,30,0.604184627532959,0.024938009679317474,0.0013943862868472934,0.03459482640028,0.007736339699476957,0.00701817125082016,0.011364305391907692,0.005956318695098162,0.043978188186883926,0.00970233604311943,0.004612606018781662,0.003384536597877741,0.044710323214530945,0.028812244534492493,0.002319963648915291,0.009052463807165623,0.14032810926437378,0.604184627532959,0.008345984853804111,0.0005362837109714746,0.006837424356490374,9n7_non-resurfaced
30,S,31,0.011606057174503803,0.002719212556257844,0.005395398009568453,0.004856456071138382,0.0008857506909407675,0.7287352681159973,0.0032284739427268505,0.0058553703129291534,0.02697323076426983,0.0006259625079110265,0.1256900429725647,0.0037021676544100046,0.0033015504013746977,0.0033157907892018557,0.0010399316670373082,0.0029224285390228033,0.011606057174503803,0.0022413991391658783,0.01913365162909031,0.004877381958067417,0.042649734765291214,9n7_non-resurfaced
31,R,32,0.03893527016043663,0.018773669376969337,0.0031387978233397007,0.021259522065520287,0.005217764992266893,0.009904231876134872,0.07926037162542343,0.005921284668147564,0.014970778487622738,0.014644619077444077,0.00883208867162466,0.0012005482567474246,0.059080012142658234,0.011748818680644035,0.0032399892807006836,0.03893527016043663,0.5783625245094299,0.10194852203130722,0.0057646408677101135,0.0027408688329160213,0.014826718717813492,9n7_non-resurfaced
32,T,33,0.11344099044799805,0.01634889282286167,0.0032465863041579723,0.14744549989700317,0.01754194311797619,0.014309785328805447,0.05224394053220749,0.029648026451468468,0.023772604763507843,0.03487705439329147,0.007643242832273245,0.002886188682168722,0.13754220306873322,0.008139986544847488,0.007266711443662643,0.044238850474357605,0.25786328315734863,0.11344099044799805,0.009988192468881607,0.0035079955123364925,0.0679435282945633,9n7_non-resurfaced
33,T,34,0.01137446891516447,0.011642837896943092,0.013361791148781776,0.036353982985019684,0.002983331447467208,0.05567515641450882,0.009329963475465775,0.06870537996292114,0.005502768326550722,0.002120673656463623,0.011336468160152435,0.0011541746789589524,0.05128130689263344,0.005661468021571636,0.0065540471114218235,0.009961603209376335,0.05888587236404419,0.01137446891516447,0.009426767937839031,0.002036046702414751,0.6264678239822388,9n7_non-resurfaced
34,A,35,0.20387984812259674,0.20387984812259674,0.00532999262213707,0.04662732779979706,0.018224544823169708,0.01639682799577713,0.15873096883296967,0.021618423983454704,0.009557211771607399,0.005538367200642824,0.014286715537309647,0.006361621897667646,0.023866869509220123,0.08122190833091736,0.008876730687916279,0.029297346249222755,0.09307043254375458,0.04851171746850014,0.04124275967478752,0.0541437529027462,0.11307521164417267,9n7_non-resurfaced
35,M,36,0.9183589220046997,0.002082439372316003,9.668327402323484e-05,0.000167373291333206,0.0005895148497074842,0.00030262619839049876,0.00021813111379742622,0.00037174703902564943,0.02844437211751938,0.0020570624619722366,0.01608612760901451,0.9183589220046997,0.0004719130811281502,0.001324302051216364,0.0024210938718169928,0.0026680626906454563,0.0008983195875771344,0.010955839417874813,0.012090702541172504,0.00016110046999529004,0.00012907900963909924,9n7_non-resurfaced
36,G,37,0.16471919417381287,0.0567215159535408,0.002277305582538247,0.021072281524538994,0.009296480566263199,0.0034614349715411663,0.16471919417381287,0.17828859388828278,0.0023684443440288305,0.008107077330350876,0.0037431123200803995,0.001709167961962521,0.08496111631393433,0.00360899162478745,0.02802117168903351,0.033965207636356354,0.3294507563114166,0.028976857662200928,0.007826057262718678,0.0006160637130960822,0.030718643218278885,9n7_non-resurfaced
37,W,38,0.9793623685836792,0.00010976079647662118,0.003271029330790043,4.8837038775673136e-05,0.00010613169433781877,0.0003387482138350606,0.0023265331983566284,0.00012904079630970955,0.0001038919945131056,4.99874513479881e-05,0.0024709526915103197,0.0001083669631043449,5.5694079492241144e-05,7.740392175037414e-05,0.00023308715026360005,0.00862918235361576,0.0015525605995208025,8.961192361311987e-05,0.00018797650409396738,0.9793623685836792,0.0006238524219952524,9n7_non-resurfaced
38,F,39,0.7545447945594788,0.0018613507272675633,0.0017728598322719336,0.00044169925968162715,0.0003377357788849622,0.7545447945594788,0.0005058141541667283,0.005083093885332346,0.0346231609582901,0.00018826300220098346,0.027500953525304794,0.003131686942651868,0.0009258131613023579,0.00023500602401327342,0.0007732943049632013,0.0011306492378935218,0.006426530424505472,0.001770037692040205,0.11112210899591446,0.0007085044053383172,0.046818993985652924,9n7_non-resurfaced
39,R,40,0.9689286351203918,0.00011591005750233307,0.0030254556331783533,3.197622936568223e-05,0.00019483872165437788,8.733393769944087e-05,0.003909586928784847,0.0038837541360408068,0.00033843479468487203,0.0023662152234464884,0.0026847657281905413,0.00036364165134727955,0.0002498924732208252,0.0007968497811816633,0.005441601853817701,0.9689286351203918,0.0025728661566972733,0.00048408625298179686,0.000576687220018357,0.0036419504322111607,0.0001654885709285736,9n7_non-resurfaced
40,Q,41,0.9539221525192261,0.0003975854197051376,5.7034994824789464e-05,0.0002598658320493996,0.005749784409999847,0.00015017091936897486,0.00037325944867916405,0.010770430788397789,0.00017660271259956062,0.003609358100220561,0.01203460805118084,0.0006143669597804546,0.00036619429010897875,0.004202774725854397,0.9539221525192261,0.005192311014980078,0.0003734613419510424,0.00029886537231504917,0.0005237992736510932,0.000431386026320979,0.00036378263030201197,9n7_non-resurfaced
41,A,42,0.883510947227478,0.883510947227478,0.00014913248014636338,0.002171723172068596,0.0038934065960347652,0.00039567594649270177,0.0042000035755336285,0.00024186031077988446,0.0018186320085078478,0.0005271562840789557,0.0019082623766735196,0.0009542499901726842,0.0006442502490244806,0.010974099859595299,0.000796735635958612,0.0008656603167764843,0.018296221271157265,0.03222491219639778,0.03586116060614586,5.9934493037872016e-05,0.0002022239496000111,9n7_non-resurfaced
42,P,43,0.9494786858558655,0.0145181305706501,2.078971556329634e-05,0.00030037356191314757,0.0005836684722453356,0.0001632911153137684,0.000282962282653898,0.0008692360133863986,0.00032800447661429644,0.00013299247075337917,0.009227484464645386,6.842719449196011e-05,0.00011926837760256603,0.9494786858558655,0.002849555341526866,0.0015196019085124135,0.014244298450648785,0.004077725578099489,0.0009948565857484937,4.8348927521146834e-05,7.050974818412215e-05,9n7_non-resurfaced
43,G,44,0.9392015337944031,0.006669539958238602,0.0005175583646632731,0.010207115672528744,0.017522964626550674,4.986672138329595e-05,0.9392015337944031,0.00022448042000178248,7.693654333706945e-05,0.000845417904201895,0.00026973793865181506,7.617928349645808e-05,0.0008366266265511513,0.00011709034879459068,0.0004123852704651654,0.013116324320435524,0.003420478431507945,0.00033261021599173546,0.004933189135044813,0.0009695634944364429,4.5846372813684866e-05,9n7_non-resurfaced
44,K,45,0.948072612285614,0.0008153713424690068,1.8983306290465407e-05,0.0005041772383265197,0.010864108800888062,2.0015824702568352e-05,0.0017937863012775779,0.0003599100455176085,0.0007481672219000757,0.948072612285614,0.00025467248633503914,0.001619348069652915,0.008835612796247005,0.0003331129264552146,0.005681969691067934,0.012304862029850483,0.0014074703212827444,0.0057748835533857346,0.00031513330759480596,3.728025694726966e-05,0.00015198504843283445,9n7_non-resurfaced
45,E,46,0.915677547454834,0.005244656465947628,1.4439911865338217e-05,0.043612122535705566,0.915677547454834,2.86939502984751e-05,0.015513105317950249,0.0001870498963398859,0.000101048281067051,0.006786131300032139,0.00013517524348571897,7.142955291783437e-05,0.0011400649091228843,0.00028799264691770077,0.006415514275431633,0.0005322506767697632,0.0004653365758713335,0.0007928825216367841,0.002757871989160776,4.9652087909635156e-05,0.00012289173901081085,9n7_non-resurfaced
46,R,47,0.6394302248954773,0.0016123874811455607,0.0030640955083072186,0.00011126523168059066,0.00034041705657728016,0.0032177616376429796,0.0017075579380616546,0.009844805113971233,0.003345816396176815,0.0037228974979370832,0.25994327664375305,0.004444951191544533,0.0004484822857193649,0.026083139702677727,0.021945713087916374,0.6394302248954773,0.008138002827763557,0.0016679450636729598,0.006351472809910774,0.0038820868358016014,0.0005748341209255159,9n7_non-resurfaced
47,E,48,0.9122242331504822,0.0045646801590919495,2.0811801732634194e-05,0.00881214253604412,0.9122242331504822,3.666800694190897e-05,0.004799626301974058,0.0006757060764357448,0.0002802627859637141,0.01371093187481165,0.0006438136333599687,0.00024922736338339746,0.000730899628251791,0.0002518414694350213,0.044594161212444305,0.0009592251153662801,0.0003787787863984704,0.0011547815520316362,0.0055389064364135265,6.786124868085608e-05,0.00017723569180816412,9n7_non-resurfaced
48,F,49,0.26163342595100403,0.004938093479722738,0.006599856540560722,0.000473485590191558,0.0007867009844630957,0.26163342595100403,0.0027155643329024315,0.002499951748177409,0.005397722590714693,0.0013689867919310927,0.21492743492126465,0.003274757182225585,0.0005146077601239085,0.0017987373284995556,0.0019797682762145996,0.012607025913894176,0.011478211730718613,0.0017393581802025437,0.025864822790026665,0.42559733986854553,0.013651825487613678,9n7_non-resurfaced
49,V,50,0.8322401642799377,0.01334596611559391,0.00028973552980460227,0.0006259129149839282,0.0012958726147189736,0.005869853775948286,0.0014461585087701678,0.0006781829870305955,0.04282965511083603,0.0005281714838929474,0.054059382528066635,0.03326118737459183,0.00020466554269660264,0.0003342253912705928,0.0004802502226084471,0.0023603602312505245,0.001193591277115047,0.006873849779367447,0.8322401642799377,0.0005425442941486835,0.0011884209234267473,9n7_non-resurfaced
50,A,51,0.8667116165161133,0.8667116165161133,0.0035671102814376354,0.0008121245773509145,0.0016963069792836905,0.001287525868974626,0.01902865432202816,0.00023484065604861826,0.0011934491340070963,0.00021517659479286522,0.0018789555178955197,0.0004091383598279208,0.0004273196682333946,0.0049618617631495,0.00030478014377877116,0.0006046874914318323,0.06264354288578033,0.015042951330542564,0.017625130712985992,0.0002541272551752627,0.0009971066610887647,9n7_non-resurfaced
51,A,52,0.21206547319889069,0.21206547319889069,0.016697145998477936,0.03005889244377613,0.021635349839925766,0.032623592764139175,0.046721141785383224,0.027234626933932304,0.015141134150326252,0.00827601458877325,0.03368333354592323,0.004183691926300526,0.013201245106756687,0.0010703389998525381,0.011731614358723164,0.07211227715015411,0.09001652896404266,0.05704110115766525,0.05479057505726814,0.010349677875638008,0.24125465750694275,9n7_non-resurfaced
52,I,53,0.752814769744873,0.006671849638223648,0.0008985877502709627,0.002763379830867052,0.0011163739254698157,0.012647224590182304,0.003191886004060507,0.0012817630777135491,0.752814769744873,0.005334998480975628,0.040911417454481125,0.012998277321457863,0.009779767133295536,0.0017257977742701769,0.0011582636507228017,0.008922422304749489,0.023868367075920105,0.03017161786556244,0.07985198497772217,0.000481136521557346,0.0033625008072704077,9n7_non-resurfaced
53,S,54,0.2927035689353943,0.014342871494591236,0.001432398334145546,0.012913777492940426,0.004023819230496883,0.004868647083640099,0.008426775224506855,0.005164476111531258,0.08625228703022003,0.042285606265068054,0.006244793068617582,0.006176740862429142,0.054476939141750336,0.005843362770974636,0.004068244714289904,0.052928145974874496,0.2927035689353943,0.37772661447525024,0.00944085605442524,0.0018268016865476966,0.008795668371021748,9n7_non-resurfaced
54,Y,55,0.06239720433950424,0.038718484342098236,0.002188276033848524,0.027927014976739883,0.018803920596837997,0.017292147502303123,0.09709440171718597,0.01408806350082159,0.012941790744662285,0.04639996588230133,0.016065688803792,0.004026640672236681,0.050594769418239594,0.016091488301753998,0.01730484701693058,0.09936637431383133,0.2525498569011688,0.08510353416204453,0.011175373569130898,0.10978080332279205,0.06239720433950424,9n7_non-resurfaced
55,Y,56,0.039325419813394547,0.06502329558134079,0.004275752231478691,0.06800411641597748,0.02430441789329052,0.01348568219691515,0.30155715346336365,0.010390141978859901,0.013759531080722809,0.03314904868602753,0.012523023411631584,0.002479134127497673,0.031777191907167435,0.04768901318311691,0.008207421749830246,0.06997382640838623,0.16306808590888977,0.034778155386447906,0.02278393693268299,0.03335187956690788,0.039325419813394547,9n7_non-resurfaced
56,S,57,0.13373154401779175,0.03232087567448616,0.0038780898321419954,0.23491916060447693,0.037048451602458954,0.007038763724267483,0.2861274182796478,0.011332145892083645,0.010277030058205128,0.023775309324264526,0.0069375974126160145,0.002197288442403078,0.06751377880573273,0.010390195064246655,0.005814247764647007,0.02805354818701744,0.13373154401779175,0.0355168916285038,0.01350035984069109,0.0048492238856852055,0.044562604278326035,9n7_non-resurfaced
57,D,58,0.035094499588012695,0.02081097476184368,0.0026227657217532396,0.035094499588012695,0.015650436282157898,0.00566877331584692,0.48197051882743835,0.008235350251197815,0.010657749138772488,0.014420849271118641,0.007278245408087969,0.0025392924435436726,0.04085882380604744,0.006051967386156321,0.005437254440039396,0.04768470674753189,0.22249558568000793,0.02898040972650051,0.014359754510223866,0.008457055315375328,0.020606137812137604,9n7_non-resurfaced
58,T,59,0.07044664770364761,0.05023164302110672,0.005812981631606817,0.1004042997956276,0.03433820605278015,0.015897508710622787,0.17332212626934052,0.011312207207083702,0.029399164021015167,0.04886674880981445,0.012586253695189953,0.0057360283099114895,0.052603624761104584,0.011402771808207035,0.010021506808698177,0.08056667447090149,0.13878920674324036,0.07044664770364761,0.04035472497344017,0.01135461125522852,0.09642784297466278,9n7_non-resurfaced
59,D,60,0.04003060981631279,0.11521265655755997,0.002283514477312565,0.04003060981631279,0.012762539088726044,0.020741788670420647,0.05377444997429848,0.01983138546347618,0.05422261357307434,0.017404166981577873,0.01591608114540577,0.0077572958543896675,0.056885696947574615,0.045972056686878204,0.007499038241803646,0.030446570366621017,0.13874778151512146,0.1961911916732788,0.05091693997383118,0.005337759852409363,0.107926145195961,9n7_non-resurfaced
60,L,61,0.00709717720746994,0.010772386565804482,0.00023975648218765855,0.003863754216581583,0.006766442209482193,0.003925739787518978,0.0031625167466700077,0.0018731075106188655,0.18702548742294312,0.2927268147468567,0.00709717720746994,0.02213907614350319,0.020203134045004845,0.0016992844175547361,0.004051628988236189,0.039682477712631226,0.01966090127825737,0.35101833939552307,0.017056599259376526,0.0014888494042679667,0.005474507808685303,9n7_non-resurfaced
61,Y,62,0.4600282609462738,0.013237225823104382,0.0073945531621575356,0.053508173674345016,0.023730281740427017,0.04880368709564209,0.027975309640169144,0.0593034029006958,0.02014993131160736,0.02562340721487999,0.02674267813563347,0.0035119974054396152,0.037964530289173126,0.0035051482263952494,0.015281623229384422,0.05778754875063896,0.05438333749771118,0.027066674083471298,0.016938017681241035,0.016892606392502785,0.4600282609462738,9n7_non-resurfaced
62,Y,63,0.9260760545730591,0.001157033839263022,0.0032559551764279604,0.003846320090815425,0.0007669831975363195,0.022207682952284813,0.0009078891016542912,0.0161131601780653,0.0007946096593514085,0.0004767692007590085,0.0027648392133414745,0.0001858983450802043,0.0036102246958762407,0.0005003089900128543,0.001407252042554319,0.0017595215467736125,0.011121721938252449,0.0010584781412035227,0.001058198045939207,0.0008842532988637686,0.9260760545730591,9n7_non-resurfaced
63,A,64,0.5873328447341919,0.5873328447341919,0.0010586503194645047,0.01627354882657528,0.014591271057724953,0.00458361953496933,0.021047858521342278,0.002600625157356262,0.008173944428563118,0.004300531931221485,0.008566531352698803,0.002124662511050701,0.0077096386812627316,0.0698242336511612,0.0028467371594160795,0.0037612570449709892,0.10610063374042511,0.07382849603891373,0.06022220849990845,0.0006919121951796114,0.004197150003165007,9n7_non-resurfaced
64,D,65,0.803246021270752,0.07716360688209534,0.0001505541877122596,0.803246021270752,0.037044331431388855,0.00041146844159811735,0.020604997873306274,0.011096042580902576,0.0003037793794646859,0.0015808729222044349,0.0005157290142960846,0.00010792518878588453,0.018675435334444046,0.0029326186049729586,0.004618536215275526,0.0009574905852787197,0.010290051810443401,0.0032751045655459166,0.0025504084769636393,0.00011634757538558915,0.004273813217878342,9n7_non-resurfaced
65,S,66,0.8992888927459717,0.013530980795621872,0.0006306139403022826,0.0004414793511386961,0.0002744650118984282,0.004407070577144623,0.0025649634189903736,0.0014094517100602388,0.0009276610217057168,0.0015231720171868801,0.0038455924950540066,0.00020087567099835724,0.0021402037236839533,0.016187800094485283,0.0007862470811232924,0.009825024753808975,0.8992888927459717,0.03794696554541588,0.0007433924474753439,0.001066417433321476,0.002199318492785096,9n7_non-resurfaced
66,V,67,0.9555476903915405,0.008965066634118557,9.10736562218517e-05,0.0004231471102684736,0.0006930094677954912,0.0015281559899449348,0.0016704013105481863,4.881902350462042e-05,0.016377203166484833,0.00012936056009493768,0.009141255170106888,0.0031532365828752518,5.683633571607061e-05,0.0002243551571154967,5.237506775301881e-05,0.00029902567621320486,0.0003454551624599844,0.001012322842143476,0.9555476903915405,5.614760812022723e-05,0.00010095365723827854,9n7_non-resurfaced
67,K,68,0.9214164018630981,0.00045196962310001254,0.00010281886352458969,0.0003175857418682426,0.005475126672536135,2.8368778657750227e-05,0.0006183208897709846,0.0006055787671357393,0.0005692961858585477,0.9214164018630981,0.00032874513999558985,0.0011430508457124233,0.008359474129974842,0.00016542038065381348,0.011334246955811977,0.042159054428339005,0.0012937019346281886,0.004979526624083519,0.00023485897690989077,0.00013079142081551254,9.728837903821841e-05,9n7_non-resurfaced
68,G,69,0.9508423805236816,0.003058917121961713,0.0010878078173846006,0.013332568109035492,0.008012264966964722,8.867102587828413e-05,0.9508423805236816,0.0003500801685731858,0.00018425352755002677,0.0008845147676765919,0.0002024206187343225,0.00010200814722338691,0.0029032977763563395,0.00019107130356132984,0.00026471519959159195,0.00837868731468916,0.006212608888745308,0.0005571307265199721,0.0027424702420830727,0.00038508084253408015,0.00012614850129466504,9n7_non-resurfaced
69,R,70,0.965149462223053,0.00019371746748220176,0.00418254965916276,9.600580960977823e-05,0.00022230074682738632,0.0001677295658737421,0.003571264212951064,0.006406671367585659,0.0003392333455849439,0.0018226809334009886,0.002753410255536437,0.00027508236235007644,0.0005742103094235063,0.0021633158903568983,0.005371056031435728,0.965149462223053,0.003136058570817113,0.0007839656318537891,0.0002263314090669155,0.001968996599316597,0.0004778496513608843,9n7_non-resurfaced
70,F,71,0.9762944579124451,0.0005421406240202487,0.0007283324957825243,4.622303822543472e-05,2.7278929337626323e-05,0.9762944579124451,7.986914715729654e-05,0.00012614695879165083,0.0016295239329338074,2.0046734789502807e-05,0.00957651250064373,0.000264384230831638,4.2716921598184854e-05,0.00017594444216229022,4.397424345370382e-05,7.797486614435911e-05,0.0022486592642962933,0.00034282286651432514,0.005839546676725149,2.4836965167196468e-05,0.0017733360873535275,9n7_non-resurfaced
71,T,72,0.9131081104278564,0.003961990121752024,3.165911039104685e-05,0.00016182594117708504,0.00030959173454903066,0.0003029012295883149,0.0001454091543564573,0.0002451177570037544,0.04149213060736656,0.005393581464886665,0.0009848977206274867,0.003025168552994728,0.0036095925606787205,0.0004232761566527188,0.0003694034239742905,0.0016961138462647796,0.022290924564003944,0.9131081104278564,0.0022391374222934246,1.5126282050914597e-05,7.785937486914918e-05,9n7_non-resurfaced
72,I,73,0.9310884475708008,0.0010059993946924806,0.00027914662496186793,3.9213275158545e-05,2.146203587471973e-05,0.0043486664071679115,0.0001553616748424247,6.0117188695585355e-05,0.9310884475708008,5.699743633158505e-05,0.011661837808787823,0.015518257394433022,0.00038369084359146655,9.29133384488523e-05,3.1306153687182814e-05,0.00013652491907123476,0.001621374860405922,0.006406399421393871,0.02627585642039776,5.1478804380167276e-05,0.0005418478394858539,9n7_non-resurfaced
73,S,74,0.9734311103820801,0.0012202977668493986,0.0003632154257502407,0.0001924375828821212,3.478652433841489e-05,0.003669080790132284,0.0011396424379199743,0.00021811629994772375,0.0006806481396779418,0.00014757149619981647,0.0011543023865669966,4.6321627451106906e-05,0.0032838559709489346,0.0011938276002183557,3.89540073229e-05,0.001349559286609292,0.9734311103820801,0.010050132870674133,8.53004603413865e-05,0.00012186247477075085,0.001488625188358128,9n7_non-resurfaced
74,R,75,0.9140257835388184,0.004670515190809965,0.009756360203027725,0.0003686554846353829,0.0006941892206668854,0.0007597593939863145,0.012546215206384659,0.007271576207131147,0.002818318782374263,0.0017413594760000706,0.011654672212898731,0.0006242173258215189,0.0012641011271625757,0.0022673076018691063,0.005839449819177389,0.9140257835388184,0.014143773354589939,0.004952661227434874,0.00124736363068223,0.002132192486897111,0.0011789174750447273,9n7_non-resurfaced
75,D,76,0.9644821882247925,0.0019505969248712063,3.836111500277184e-05,0.9644821882247925,0.013071401976048946,4.5357883209362626e-05,0.00492290360853076,0.0019333326490595937,6.015318649588153e-05,0.00014571455540135503,6.818999099778011e-05,1.9707440515048802e-05,0.009715202264487743,4.724739119410515e-05,0.00021563985501416028,5.661414616042748e-05,0.00042851504986174405,0.00022263677965383977,0.0007631416665390134,1.0969219147227705e-05,0.0017790893325582147,9n7_non-resurfaced
76,N,77,0.918468177318573,0.0009070549858734012,9.02264509932138e-05,0.035130735486745834,0.0005511814961209893,8.993025403469801e-05,0.001250333385542035,0.002363066654652357,0.0026262719184160233,0.008107964880764484,9.330866305390373e-05,0.0001833195419749245,0.918468177318573,0.0001947685523191467,0.0001967084244824946,0.0006300765089690685,0.01175266969949007,0.01593845896422863,0.00024293467868119478,6.766906153643504e-06,0.0011358729097992182,9n7_non-resurfaced
77,A,78,0.7525678873062134,0.7525678873062134,0.001010766252875328,0.0070726037956774235,0.0035159033723175526,0.002664444502443075,0.02970781736075878,0.0005753759760409594,0.0024959570728242397,0.0004709741042461246,0.0020841092336922884,0.0006265061674639583,0.0022230360191315413,0.005710903089493513,0.000717773160431534,0.0015277813654392958,0.1301109343767166,0.03201970458030701,0.023478183895349503,0.00010238387039862573,0.0010356175480410457,9n7_non-resurfaced
78,K,79,0.778503954410553,0.00044507032725960016,1.992639954551123e-05,0.00036196023575030267,0.02160470187664032,2.511094498913735e-05,0.0009354304638691247,0.000993013265542686,0.0014839739305898547,0.778503954410553,0.0005650955135934055,0.0014896058710291982,0.009255681186914444,0.00016596254135947675,0.1499136984348297,0.025195445865392685,0.0019197521032765508,0.0063691879622638226,0.00040240288944914937,9.023416350828484e-05,0.00011324290971970186,9n7_non-resurfaced
79,N,80,0.8868436813354492,0.0002852282486855984,0.0001943513343576342,0.007990610785782337,0.0005432596663013101,0.00019002272165380418,0.001250075176358223,0.0060392869636416435,0.0035582827404141426,0.01633807271718979,7.6174212154001e-05,0.00011093688226537779,0.8868436813354492,0.0001204433647217229,0.00046758807729929686,0.0009997120359912515,0.063478484749794,0.008271693252027035,0.00011713146523106843,1.5486226402572356e-05,0.003022105200216174,9n7_non-resurfaced
80,T,81,0.710557758808136,0.010707415640354156,0.00022683005954604596,0.0004167972947470844,0.0007928779232315719,0.0068911039270460606,0.0002633473777677864,0.0002004792622756213,0.09879611432552338,0.002274999162182212,0.0036309254355728626,0.06144888699054718,0.0037178511265665293,0.0005222151521593332,0.0003640996874310076,0.001284480676986277,0.08873103559017181,0.710557758808136,0.00787753239274025,0.0001322696916759014,0.0010884047951549292,9n7_non-resurfaced
81,V,82,0.43016067147254944,0.006752114277333021,0.00012193034490337595,7.82301212893799e-05,0.0002610052761156112,0.0027575306594371796,0.00015136103320401162,0.00023548255558125675,0.0073928507044911385,0.00011097364040324464,0.5305393934249878,0.017449917271733284,4.886271199211478e-05,0.0010429543908685446,0.0010174763156101108,0.0004408944514580071,0.00026483010151423514,0.0008671064861118793,0.43016067147254944,0.00011143486335640773,0.00016774395771790296,9n7_non-resurfaced
82,Y,83,0.8800532817840576,0.0003019175201188773,0.0053023966029286385,0.0029731865506619215,0.00016343117749784142,0.06803492456674576,0.00016640777175780386,0.01553104817867279,0.0034131992142647505,0.00012155335571151227,0.0018101659370586276,0.00018585172074381262,0.004038864281028509,8.843684190651402e-05,0.0003844984748866409,0.0007243556901812553,0.01148984208703041,0.0019865345675498247,0.0028592091985046864,0.0002652413386385888,0.8800532817840576,9n7_non-resurfaced
83,L,84,0.981838583946228,9.287211287301034e-05,0.00011378494673408568,7.3665555646584835e-06,1.2988707567274105e-05,0.005358545575290918,2.019521161855664e-05,0.00011244280176470056,0.001041423063725233,1.9817109205177985e-05,0.981838583946228,0.003222681814804673,3.115392246400006e-05,0.0029888846911489964,0.0003239945217501372,0.0007006027735769749,0.0007650110637769103,0.00013396535359788686,0.002728678286075592,0.00034968805266544223,0.00010774854308692738,9n7_non-resurfaced
84,Q,85,0.9645530581474304,0.0001259993005078286,7.7963930380065e-05,0.0003015718830283731,0.005619868170469999,0.00020775514713022858,0.00011269219248788431,0.015322061255574226,0.00019152685126755387,0.0028947603423148394,0.002726165810599923,0.000368891516700387,0.000635919626802206,0.0009412302169948816,0.9645530581474304,0.003990538883954287,0.0005010321619920433,0.0004102504171896726,0.00021609629038721323,8.604853064753115e-05,0.0006316631915979087,9n7_non-resurfaced
85,M,86,0.9827035665512085,0.00012342719128355384,7.821193139534444e-05,2.9879978683311492e-05,9.769128519110382e-05,0.00018483874737285078,7.32365733711049e-05,3.155244485242292e-05,0.0078065283596515656,0.00026689452352002263,0.004340547602623701,0.9827035665512085,2.9826909667463042e-05,4.9352773203281686e-05,0.00010774765542009845,0.0008849229197949171,0.00017397775081917644,0.0011782211950048804,0.0016288388287648559,0.00013942226360086352,2.7491072614793666e-05,9n7_non-resurfaced
86,N,87,0.7606563568115234,0.001864201738499105,0.0005845888517796993,0.03847084194421768,0.001432901481166482,0.0008579966379329562,0.0043176570907235146,0.007717269007116556,0.005449398886412382,0.013434610329568386,0.0002567532064858824,9.733461774885654e-05,0.7606563568115234,0.000502603710629046,0.0006673814496025443,0.004170820116996765,0.14517351984977722,0.010770189575850964,0.0006005207542330027,2.7555714041227475e-05,0.0027821382973343134,9n7_non-resurfaced
87,S,88,0.7995714545249939,0.002599478466436267,0.0005673128180205822,0.0056943465024232864,0.0007110551814548671,0.0006870065699331462,0.018229931592941284,0.0007805113564245403,0.0038904983084648848,0.00509265623986721,0.0005791818839497864,0.00029517029179260135,0.11813852190971375,0.00014758380712009966,0.00043801305582746863,0.0303642600774765,0.7995714545249939,0.011080297641456127,0.00024975015548989177,0.00012788426829501987,0.0006415433017536998,9n7_non-resurfaced
88,L,89,0.9779761433601379,0.00013587450666818768,7.911119610071182e-05,9.299568773712963e-06,2.2803544197813608e-05,0.0019729300402104855,2.5729807020979933e-05,0.00017340850899927318,0.006134647410362959,1.7593321899767034e-05,0.9779761433601379,0.002184440614655614,3.712962643476203e-05,0.0017774846637621522,0.0006135530420579016,0.00024630202096886933,0.00041114314808510244,0.00026551485643722117,0.007707000710070133,0.0001183635467896238,5.5728763982187957e-05,9n7_non-resurfaced
89,K,90,0.526970386505127,0.0006205273675732315,0.0002956173848360777,0.00015036245167721063,0.0018956997664645314,3.6626235669245943e-05,0.003436153754591942,0.0018985149217769504,0.0017735182773321867,0.526970386505127,0.0008459409000352025,0.001297093229368329,0.002613494638353586,0.0004518349887803197,0.00865072850137949,0.4390900433063507,0.002289910800755024,0.006467360071837902,0.00033137790160253644,0.0006369662005454302,0.00010797745926538482,9n7_non-resurfaced
90,P,91,0.495468407869339,0.2862013280391693,0.0004543084360193461,0.005463448353111744,0.004298499319702387,0.0008624742040410638,0.004967162385582924,0.000914425530936569,0.0022987755946815014,0.0008106654859147966,0.01028111856430769,0.0011573706287890673,0.002509196288883686,0.495468407869339,0.0019101479556411505,0.0016949494602158666,0.043174080550670624,0.10161594301462173,0.03554645925760269,0.00011686910147545859,0.0002158267452614382,9n7_non-resurfaced
91,E,92,0.9567617774009705,0.006227376405149698,1.0143947292817757e-05,0.019837986677885056,0.9567617774009705,9.925599442794919e-06,0.007727699354290962,5.653950574924238e-05,8.437121869064867e-05,0.004203515127301216,7.970611477503553e-05,8.908886229619384e-05,0.0006118353921920061,3.775056029553525e-05,0.0016302240546792746,0.0002380175283178687,0.0007727025076746941,0.000573434866964817,0.0009714119951240718,1.5732139218016528e-05,4.2889245378319174e-05,9n7_non-resurfaced
92,D,93,0.9849119186401367,0.0007402462651953101,2.2858546799398027e-05,0.9849119186401367,0.005323311779648066,3.9034137444105e-05,0.0022317268885672092,0.0009163139038719237,3.61930942744948e-05,7.909559644758701e-05,4.869147596764378e-05,1.1805012036347762e-05,0.0035236452240496874,2.8657210350502282e-05,6.473331450251862e-05,2.3496131689171307e-05,0.00019177889043930918,7.750459189992398e-05,0.0006158235482871532,4.017996616312303e-06,0.001081993104889989,9n7_non-resurfaced
93,T,94,0.8825187087059021,0.005992184858769178,0.0002922013809438795,0.0002686386869754642,0.0002937602112069726,0.00047957643982954323,0.0006644465611316264,0.00021284798276610672,0.006757573690265417,0.0016783266328275204,0.0009428827906958759,0.004191945306956768,0.0020748397801071405,0.0019743316806852818,0.000248770258622244,0.0021390218753367662,0.08824509382247925,0.8825187087059021,0.000690669403411448,8.395840268349275e-05,0.00018759029626380652,9n7_non-resurfaced
94,A,95,0.9657354354858398,0.9657354354858398,8.1725484051276e-05,0.0006877954583615065,0.0010663634166121483,6.000190842314623e-05,0.02240198664367199,2.709139334911015e-05,5.0847062084358186e-05,4.572534089675173e-05,0.00013183971168473363,6.972980190766975e-05,3.7489804526558146e-05,0.0010108842980116606,2.501456947356928e-05,9.499138104729354e-05,0.0047602299600839615,0.0013719225535169244,0.0022701492998749018,1.6151343515957706e-05,2.359429345233366e-05,9n7_non-resurfaced
95,T,96,0.05170782282948494,0.009505685418844223,0.0005650161765515804,0.002747186226770282,0.004971746355295181,0.006397024728357792,0.0008745339000597596,0.0005077452515251935,0.09601083397865295,0.0038415216840803623,0.08709653466939926,0.04944301024079323,0.0021736030466854572,0.000226495714741759,0.0018860608106479049,0.002244713716208935,0.0028863362967967987,0.05170782282948494,0.6740605235099792,0.00022886581427883357,0.002562591340392828,9n7_non-resurfaced
96,Y,97,0.9799579977989197,8.517740934621543e-05,0.0027266417164355516,0.0010859136236831546,3.8125675928313285e-05,0.009662825614213943,7.526650006184354e-05,0.0020731736440211535,0.0003312657936476171,2.6722962502390146e-05,0.0006623803055845201,6.507042417069897e-05,0.0009109706152230501,9.239327482646331e-05,6.792489875806496e-05,0.00019836588762700558,0.0013242312707006931,0.0001699955901131034,0.00026251081726513803,0.0001348771620541811,0.9799579977989197,9n7_non-resurfaced
97,Y,98,0.8927782773971558,0.0005664507625624537,0.006507751531898975,0.001446013804525137,0.00021563579502981156,0.07215079665184021,0.0003329087339807302,0.007451997138559818,0.002246887655928731,0.00010140438098460436,0.004858772270381451,0.0004386841901578009,0.0023734059650450945,0.0003620879433583468,0.00032995440415106714,0.0007514802855439484,0.0037885853089392185,0.0007707070326432586,0.0016937897307798266,0.0007036308525130153,0.8927782773971558,9n7_non-resurfaced
98,C,99,0.9785182476043701,0.0002893740020226687,0.9785182476043701,0.00020989618496969342,0.00011374122550478205,0.0018014531815424562,0.0020474903285503387,0.0006491165258921683,0.00033940686262212694,7.158513471949846e-05,0.00030246906680986285,4.2713731090771034e-05,0.0002692771959118545,0.00017914529598783702,0.00013824659981764853,0.004786755423992872,0.0035492682363837957,0.0002097141114063561,0.00038285733899101615,0.0011292170966044068,0.004847787320613861,9n7_non-resurfaced
99,A,100,0.5966113209724426,0.5966113209724426,0.003668625606223941,0.021806396543979645,0.019347818568348885,0.006345281843096018,0.03547150269150734,0.004055457189679146,0.01931563764810562,0.013570766896009445,0.012618516571819782,0.005650131963193417,0.01751950941979885,0.019503358751535416,0.0051314556039869785,0.011574184522032738,0.027552610263228416,0.10519833862781525,0.06405302882194519,0.00211433251388371,0.008518067188560963,9n7_non-resurfaced
100,D,101,0.014085513539612293,0.07356073707342148,0.013336194679141045,0.014085513539612293,0.03165208175778389,0.006764364428818226,0.0477450005710125,0.011194642633199692,0.028451742604374886,0.191671222448349,0.02561228908598423,0.01198915671557188,0.021137550473213196,0.023504743352532387,0.02506290376186371,0.2997715175151825,0.0372685045003891,0.08100487291812897,0.03675007447600365,0.0077721416018903255,0.011335443705320358,9n7_non-resurfaced
101,I,102,0.027196815237402916,0.06487882137298584,0.019548464566469193,0.12406713515520096,0.06770950555801392,0.032984938472509384,0.09301578998565674,0.025448426604270935,0.027196815237402916,0.03465769812464714,0.04874705895781517,0.01552130188792944,0.030311517417430878,0.048179641366004944,0.02622205764055252,0.07444819808006287,0.06640975922346115,0.0562024749815464,0.05028717219829559,0.026399284601211548,0.06757517158985138,9n7_non-resurfaced
102,T,103,0.0556839220225811,0.042966000735759735,0.025447839871048927,0.07186906039714813,0.041860148310661316,0.04811004176735878,0.09983470290899277,0.027195334434509277,0.04779791459441185,0.03551197424530983,0.06069079041481018,0.013310951180756092,0.04314383864402771,0.053294114768505096,0.02381029911339283,0.058312803506851196,0.0879625603556633,0.0556839220225811,0.04644108563661575,0.020641565322875977,0.09587840735912323,9n7_non-resurfaced
103,S,104,0.07799029350280762,0.0435180589556694,0.01950247399508953,0.0763097032904625,0.04208972677588463,0.048580560833215714,0.11050685495138168,0.03337317332625389,0.042784444987773895,0.03310196101665497,0.05530627444386482,0.012645455077290535,0.0450291745364666,0.04290064424276352,0.02699924260377884,0.05356970056891441,0.07799029350280762,0.05216870829463005,0.04949292913079262,0.021786460652947426,0.11207663267850876,9n7_non-resurfaced
104,Y,105,0.09561942517757416,0.04816203936934471,0.01607515849173069,0.07735992968082428,0.037944208830595016,0.05026428401470184,0.12136070430278778,0.025196712464094162,0.043085262179374695,0.028375305235385895,0.055800970643758774,0.012153886258602142,0.04506155103445053,0.039739321917295456,0.019003815948963165,0.04929985851049423,0.0997261330485344,0.06291726976633072,0.04763546958565712,0.02508108876645565,0.09561942517757416,9n7_non-resurfaced
105,Y,106,0.10248740017414093,0.04540951922535896,0.017431139945983887,0.06958172470331192,0.03608095273375511,0.05280207470059395,0.10421684384346008,0.02889612317085266,0.03942820057272911,0.02954847179353237,0.06361512839794159,0.012967685237526894,0.04707423597574234,0.05617611110210419,0.023107586428523064,0.046974509954452515,0.09366844594478607,0.06130076199769974,0.04598800837993622,0.02304970473051071,0.10248740017414093,9n7_non-resurfaced
106,V,107,0.038726139813661575,0.05821874365210533,0.016430184245109558,0.06846418231725693,0.03851538524031639,0.03710567206144333,0.10736013203859329,0.029910054057836533,0.02862550877034664,0.03767857700586319,0.04354606941342354,0.009501535445451736,0.05205230787396431,0.05733495578169823,0.026607787236571312,0.0585777573287487,0.09452631324529648,0.06266508996486664,0.038726139813661575,0.0222312118858099,0.11166020482778549,9n7_non-resurfaced
107,D,108,0.040362950414419174,0.03562112897634506,0.02358187362551689,0.040362950414419174,0.020738041028380394,0.13381792604923248,0.05081827566027641,0.027851125225424767,0.03969022259116173,0.031239429488778114,0.12812787294387817,0.08538523316383362,0.03202171251177788,0.04756254330277443,0.025214601308107376,0.03524237871170044,0.07981979101896286,0.04813850298523903,0.04514201357960701,0.014328541234135628,0.05487506464123726,9n7_non-resurfaced
108,V,109,0.02103409729897976,0.035678453743457794,0.003683948889374733,0.5548340082168579,0.0420495979487896,0.006817074492573738,0.06756048649549484,0.02408948540687561,0.008089575916528702,0.013281385414302349,0.014316403307020664,0.003134293481707573,0.04734201356768608,0.01039701048284769,0.016307923942804337,0.031597137451171875,0.024671507999300957,0.017076311632990837,0.02103409729897976,0.011015218682587147,0.046714380383491516,9n7_non-resurfaced
109,Y,110,0.3346065580844879,0.044178009033203125,0.015802601352334023,0.032763294875621796,0.014911712147295475,0.07350108027458191,0.041256122291088104,0.023395296186208725,0.043781716376543045,0.007153242360800505,0.05122963339090347,0.006005154922604561,0.019485773518681526,0.021320993080735207,0.007631202228367329,0.018177779391407967,0.04149486869573593,0.036524295806884766,0.15501666069030762,0.011597294360399246,0.3346065580844879,9n7_non-resurfaced
110,W,111,0.9348385334014893,0.000753599451854825,0.0056542386300861835,0.0005747364484705031,0.0011576286051422358,0.008106246590614319,0.007351345848292112,0.000818922882899642,0.0007036172901280224,0.0007193605415523052,0.013291511684656143,0.0005811348091810942,0.0003812445793300867,0.0009725366835482419,0.0015889570349827409,0.010165765881538391,0.005918379407376051,0.0006524802302010357,0.0018884885357692838,0.9348385334014893,0.0036895908415317535,9n7_non-resurfaced
111,G,112,0.9443982243537903,0.009712389670312405,0.002349693328142166,0.006013772916048765,0.00590210035443306,0.0002776200999505818,0.9443982243537903,0.0003261548117734492,0.0003714721242431551,0.0006623213994316757,0.0007573678158223629,0.00018471135990694165,0.0009598765172995627,0.00035524359554983675,0.0003424739115871489,0.008565409108996391,0.0062539540231227875,0.0008731581619940698,0.009895829483866692,0.0012901666341349483,0.00038373423740267754,9n7_non-resurfaced
112,Q,113,0.8008460998535156,0.0027798418886959553,0.0004974816692993045,0.0007307243649847806,0.014127404429018497,0.0001828792883316055,0.0046950518153607845,0.00530728604644537,0.00047727779019623995,0.09181616455316544,0.004327138885855675,0.0012019251007586718,0.001653216197155416,0.01807451620697975,0.8008460998535156,0.04261229187250137,0.005341268144547939,0.0028721096459776163,0.0007848953828215599,0.0009235257166437805,0.00043398054549470544,9n7_non-resurfaced
113,G,114,0.9754511713981628,0.004070815164595842,0.001217509969137609,0.0021142135374248028,0.0042693424038589,4.4605218135984614e-05,0.9754511713981628,0.00011944707512157038,9.011490328703076e-05,0.000494436826556921,0.00014922984701115638,6.50241709081456e-05,0.00032535940408706665,6.475752161350101e-05,0.00014152964286040515,0.004913724958896637,0.002887851558625698,0.00026603729929775,0.002716309390962124,0.0004293849633540958,9.413190127816051e-05,9n7_non-resurfaced
114,T,115,0.8531857132911682,0.028029706329107285,0.0012276110937818885,0.0009377128444612026,0.0006947296787984669,0.00035042077070102096,0.0014836943009868264,0.0003013349196407944,0.06520023941993713,0.0014924610732123256,0.001967705087736249,0.002235833555459976,0.00537779601290822,0.004083641804754734,0.00023154265363700688,0.003068369347602129,0.019194865599274635,0.8531857132911682,0.010237129405140877,6.926784408278763e-05,0.000386397703550756,9n7_non-resurfaced
115,Q,116,0.17938728630542755,0.00959593802690506,0.0009393549989908934,0.00044376880396157503,0.006782213691622019,0.0018633442232385278,0.0009561772458255291,0.003784319618716836,0.00406798766925931,0.013912510126829147,0.5250331163406372,0.09594757854938507,0.0007373039843514562,0.01253498625010252,0.17938728630542755,0.035386696457862854,0.04135362431406975,0.05771980434656143,0.007987423799932003,0.0009152003331109881,0.0005185187910683453,9n7_non-resurfaced
116,V,117,0.9502186179161072,0.001727448427118361,0.00013264082372188568,0.00026038853684440255,0.00029215970425866544,0.000378731987439096,0.00044425870873965323,1.9210901882615872e-05,0.0036444866564124823,3.257852222304791e-05,0.04155474156141281,0.000539084488991648,4.070121576660313e-05,0.0001461268839193508,5.834829789819196e-05,0.00020125086302869022,5.669994789059274e-05,0.00015231948054861277,0.9502186179161072,2.1605907022603787e-05,2.7443442377261817e-05,9n7_non-resurfaced
117,T,118,0.8617851734161377,0.035137515515089035,0.0003372712526470423,0.001300114905461669,0.0023809869308024645,0.0010048405965790153,0.0008074891520664096,0.0002649952075444162,0.03772292658686638,0.006177656818181276,0.0022074610460549593,0.005606817547231913,0.00331092462874949,0.0023248824290931225,0.0005125539610162377,0.004474145360291004,0.024215135723352432,0.8617851734161377,0.009712976403534412,0.00012632952712010592,0.0004133289330638945,9n7_non-resurfaced
118,V,119,0.9837521314620972,0.0035050944425165653,0.00033709127455949783,0.00034531232086010277,0.0007246372406370938,0.0004833435523323715,0.0013885999796912074,3.111611295025796e-05,0.003622495336458087,9.208969277096912e-05,0.0034498514141887426,0.0009471474913880229,6.252213643165305e-05,0.00013945979299023747,6.118773308116943e-05,0.00022028684907127172,0.00028860606835223734,0.00034889046219177544,0.9837521314620972,3.5518198274075985e-05,9.212561417371035e-05,9n7_non-resurfaced
119,S,120,0.9527708292007446,0.003803911618888378,0.0013724917080253363,0.0011131278006359935,0.000999586540274322,0.008156602270901203,0.0020774744916707277,0.0005371004226617515,0.0014377795159816742,0.0011865703854709864,0.003975671250373125,0.00021933997049927711,0.005474201403558254,0.0021613906137645245,0.00047346221981570125,0.002735690213739872,0.9527708292007446,0.007845650427043438,0.000770354934502393,0.0004839267930947244,0.002214739564806223,9n7_non-resurfaced
120,S,121,0.6464890837669373,0.04572834074497223,0.013538023456931114,0.01011559646576643,0.004692751914262772,0.0196479894220829,0.08071809262037277,0.007052688393741846,0.003953368868678808,0.0034348054323345423,0.026447594165802002,0.0015116891590878367,0.006766326259821653,0.04492323473095894,0.005271449685096741,0.026089780032634735,0.6464890837669373,0.015183868817985058,0.022596729919314384,0.002231248654425144,0.01335176732391119,9n7_non-resurfaced
121,L,122,0.01306933257728815,0.4859970808029175,0.002276597311720252,0.011134682223200798,0.031158704310655594,0.004341367166489363,0.10196764767169952,0.004978211130946875,0.0041428497061133385,0.03242456540465355,0.01306933257728815,0.00369392242282629,0.0037278004456311464,0.04444202408194542,0.011089463718235493,0.020206131041049957,0.1624886691570282,0.021913867443799973,0.035210028290748596,0.0014374795136973262,0.003447257447987795,9n7_non-resurfaced
122,E,123,0.015658700838685036,0.03775542229413986,0.02742784656584263,0.025657322257757187,0.015658700838685036,0.07134714722633362,0.03418813273310661,0.029605615884065628,0.036414314061403275,0.019879251718521118,0.10430678725242615,0.007342569530010223,0.02401088736951351,0.06727486848831177,0.023446910083293915,0.034543756395578384,0.29488733410835266,0.05691773444414139,0.04038769379258156,0.00847572274506092,0.03972228243947029,9n7_non-resurfaced
