"","A","R","N","D","C","Q","E","G","H","I","L","K","M","F","P","S","T","W","Y","V"
"1",0.007717,0.247414,0.017817,0.007867,0.000208,0.027639,0.034728,0.000619,0.057738,0.000934,0.019954,0.49216,0.016407,0.02768,0.000282,0.001537,0.000635,0.005629,0.032488,0.000546
"2",0.003508,0,0,0,0,0,0,0.996488,0,0,0,0,0,0,0,0.000004,0,0,0,0
"3",0.000037,0.009396,0.172305,0.137647,0.001639,0.086473,0.304373,0.000007,0.000932,0.01523,0.063613,0.003744,0.022417,0.000261,0.000018,0.000819,0.155424,0.000109,0.000059,0.025501
"4",0.000237,0.007439,0.012379,0.008068,0.000166,0.197498,0.708821,0.000006,0.003938,0.000198,0.025212,0.027657,0.004278,0.000992,0.000004,0.00072,0.000875,0.000255,0.001178,0.00008
"5",0,0.000167,0.000005,0,0.000001,0.000191,0.000014,0,0.000009,0.000004,0.989597,0.002159,0.007816,0.000023,0,0,0,0.000001,0.000012,0
"6",0,0,0,0,0,0,0,0,0.000002,0,0.000003,0,0.000062,0.999483,0,0,0,0.000001,0.000449,0
"7",0.000214,0.054756,0.046407,0.023995,0.001428,0.099071,0.105011,0.000019,0.01841,0.048462,0.147128,0.177943,0.020578,0.02603,0.000051,0.001937,0.186922,0.000695,0.012197,0.028746
"8",0.000003,0,0,0,0,0,0,0.999996,0,0,0,0,0,0,0,0.000001,0,0,0,0
"9",0.00176,0.000058,0.000881,0.000605,0.001781,0.000016,0.000073,0.000009,0.000002,0.046638,0.000014,0.000218,0.000016,0,0.000082,0.037883,0.204045,0,0.000001,0.705916
"10",0,0,0.000006,0,0.000155,0,0,0,0,0.002424,0,0,0,0,0,0.000001,0.000238,0,0,0.997175
"11",0,0,0,0,0,0,0,0,0,0,0,0,0,0,1,0,0,0,0,0
"12",0,0,0,0,0.000002,0,0,0,0,0.996571,0.000018,0,0.000002,0,0,0,0.000002,0,0,0.003404
"13",0.000078,0.287573,0.018012,0.003229,0.000899,0.075678,0.020272,0.000003,0.001027,0.001944,0.486524,0.07429,0.007363,0.000017,0.000008,0.001243,0.016537,0.000065,0.000029,0.005212
"14",0.000009,0,0.000002,0,0.000441,0,0,0,0,0.027445,0.000001,0,0,0,0,0.000002,0.000198,0,0,0.971901
"15",0,0.001138,0.006238,0.000056,0.000036,0.157818,0.744455,0,0.065103,0.000209,0.002383,0.020597,0.001747,0.00013,0,0,0.000001,0.000005,0.000058,0.000024
"16",0,0,0,0,0,0,0,0,0,0,0.999958,0,0.000042,0,0,0,0,0,0,0
"17",0.000004,0.000002,0.156086,0.840449,0.000149,0.000036,0.001753,0,0.000017,0.000016,0.000002,0.000041,0.000002,0,0,0.000262,0.000902,0,0,0.000278
"18",0,0,0,0,0,0,0,1,0,0,0,0,0,0,0,0,0,0,0,0
"19",0.026537,0.000006,0.179557,0.694351,0.016514,0.000801,0.053714,0.000194,0.000041,0.000005,0.000066,0.000055,0.000021,0,0.000001,0.027544,0.000551,0,0,0.000042
"20",0.000002,0,0,0,0.000035,0,0,0,0,0.075734,0.000001,0,0,0,0,0,0.000016,0,0,0.924211
"21",0.024128,0.000004,0.595212,0.188616,0.125407,0.000361,0.016772,0.000553,0.000056,0.000017,0.00002,0.00002,0.000063,0,0.000006,0.047663,0.0004,0,0.000001,0.0007
"22",0,0,0,0,0,0,0,1,0,0,0,0,0,0,0,0,0,0,0,0
"23",0.00357,0.042299,0.063275,0.00634,0.002546,0.015303,0.001777,0.000023,0.402675,0.000171,0.000704,0.107529,0.004297,0.021084,0.000084,0.004765,0.000572,0.000425,0.321098,0.00146
"24",0,0.115381,0,0,0,0.003832,0.000099,0,0.000001,0.000029,0.000296,0.879662,0.000698,0,0,0,0,0.000002,0,0
"25",0,0,0,0,0,0,0,0,0.000005,0,0,0,0.000001,0.989383,0,0,0,0.000001,0.01061,0
"26",0.00348,0,0.001139,0.000712,0.000417,0.000001,0,0.000002,0.000001,0,0,0,0,0,0,0.809137,0.185101,0,0,0.00001
"27",0.000001,0,0,0,0.000008,0,0,0,0,0.000124,0,0,0,0,0,0,0.000001,0,0,0.999866
"28",0.419074,0.000001,0.000136,0.00003,0.000747,0.000005,0.000006,0.002055,0.000006,0,0,0.000008,0,0,0.000001,0.576413,0.001514,0,0,0.000004
"29",0,0,0,0,0,0,0,1,0,0,0,0,0,0,0,0,0,0,0,0
"30",0.000343,0.009966,0.013702,0.00772,0.003725,0.098768,0.703741,0.000008,0.004253,0.005215,0.008537,0.080307,0.004822,0.004299,0.000003,0.022512,0.004546,0.000105,0.001062,0.026367
"31",0,0,0,0,0,0,0,1,0,0,0,0,0,0,0,0,0,0,0,0
"32",0.00001,0.00123,0.006728,0.000812,0.000424,0.143704,0.796353,0,0.000012,0.000179,0.000115,0.04424,0.002414,0,0,0.003551,0.000154,0,0,0.000073
"33",0,0,0,0,0,0,0,1,0,0,0,0,0,0,0,0,0,0,0,0
"34",0.000003,0.000044,0.28424,0.680232,0.000566,0.004094,0.026855,0,0.000783,0.000117,0.001978,0.000165,0.000165,0.000023,0.000001,0.000124,0.000123,0.000106,0.000022,0.000358
"35",0.978584,0,0,0,0.000002,0,0,0,0,0,0,0,0,0,0,0.021412,0.000001,0,0,0
"36",0.260158,0.001842,0.259496,0.034984,0.004673,0.12333,0.028523,0.000159,0.000447,0.001364,0.000938,0.003901,0.002118,0.000007,0.000295,0.205317,0.066955,0.000006,0.000013,0.005472
"37",0.000006,0.00187,0.003032,0.000519,0.000015,0.012348,0.005319,0.000001,0.060466,0.000012,0.000219,0.002268,0.0005,0.216881,0.000002,0.000015,0.000019,0.191924,0.50456,0.000024
"38",0,0,0,0,0,0,0,1,0,0,0,0,0,0,0,0,0,0,0,0
"39",0,0.002671,0.000096,0.000002,0.001365,0.020818,0.018183,0,0.000148,0.000003,0.020134,0.924429,0.012132,0.00001,0,0.000001,0.000004,0,0.000002,0.000002
"40",0,0.000001,0.000094,0.000001,0.000017,0.000055,0.000072,0,0.000002,0.00001,0.999719,0.000009,0.000018,0,0,0,0,0,0,0
"41",0.08389,0.000085,0.008219,0.0107,0.014351,0.001436,0.004973,0.002145,0.000012,0.000759,0.000016,0.00052,0.000263,0.000002,0.000045,0.409143,0.256149,0,0.000002,0.207288
"42",0,0.000093,0.000004,0,0.000002,0.002148,0.000105,0,0.000001,0.000054,0.683623,0.000282,0.313687,0,0,0,0,0.000001,0,0.000001
"43",0,0.059151,0.000001,0,0,0.000624,0.000322,0,0.000001,0.000096,0,0.93906,0.000741,0,0,0,0.000001,0,0.000001,0.000001
"44",0,0,0,0,0,0,0,0,0.000003,0,0,0,0.000159,0.983291,0,0,0,0,0.016546,0
"45",0,0,0.000002,0.000001,0.000001,0.000017,0.000019,0,0,0.990461,0.00231,0,0.000086,0,0,0,0.005705,0,0,0.001398
"46",0.004607,0.000008,0.077404,0.008637,0.906992,0.000096,0.000315,0.000004,0.000012,0.000001,0,0.000002,0.000015,0,0.000008,0.00082,0.000723,0,0,0.000356
"47",0.002243,0,0.00018,0.00982,0.000804,0.000006,0.000164,0,0,0,0,0,0,0,0.000004,0.020109,0.966657,0,0,0.000013
"48",0.004562,0,0.001,0.00039,0.007147,0,0,0.000001,0,0,0,0,0,0,0,0.771066,0.215832,0,0,0.000002
"49",0.000002,0,0,0,0,0,0,0.999996,0,0,0,0,0,0,0,0.000002,0,0,0,0
"50",0.125111,0.015938,0.032791,0.019101,0.005605,0.02059,0.132256,0.001731,0.015689,0.003348,0.007112,0.303275,0.006247,0.001962,0.001088,0.157041,0.124818,0.000073,0.001223,0.025003
"51",0.000016,0.000009,0.001867,0.000003,0.000177,0.000065,0.000003,0,0.000047,0.000182,0.946694,0.000011,0.050835,0.000007,0.000001,0.000064,0.000015,0,0,0.000004
"52",0,0,0,0,0,0,0,0,0,0,0,0,0,0,1,0,0,0,0,0
"53",0,0,0,0,0.000001,0,0,0,0,0.000013,0,0,0,0,0,0,0.000004,0,0,0.999982
"54",0.000004,0,0.000025,0.000011,0.000032,0,0,0,0,0,0,0,0,0,0.999906,0.000022,0,0,0,0
"55",0,0.000001,0,0,0,0,0,0,0.000122,0,0,0,0.000008,0.00311,0,0,0,0.99459,0.002168,0
"56",0.000194,0,0,0,0.000004,0.000016,0.000062,0.000002,0,0,0,0,0,0,0.999271,0.000278,0.000174,0,0,0
"57",0.00109,0,0.001909,0.004067,0.144095,0,0.000003,0.000001,0.000003,0,0,0,0.000001,0,0,0.018388,0.830403,0,0,0.000039
"58",0,0,0,0,0,0,0,0,0,0,0.999999,0,0.000001,0,0,0,0,0,0,0
"59",0.000692,0.000077,0.013363,0.000051,0.005237,0.000094,0.000036,0.000006,0.000128,0.007007,0.005293,0.000074,0.000021,0.000001,0.000007,0.000087,0.016025,0.000001,0.000001,0.951799
"60",0.303524,0.000013,0.003292,0.037384,0.001012,0.001039,0.003713,0.000018,0.000126,0.000041,0.000005,0.000014,0.000026,0.000005,0.000037,0.491232,0.157466,0.000001,0.000004,0.001049
"61",0.010715,0.000002,0.000848,0.000036,0.003792,0.000003,0.000014,0.000005,0.000002,0.001431,0.000001,0.000003,0.000001,0,0.000015,0.005868,0.271816,0,0,0.705448
"62",0,0,0.000002,0,0.000003,0.000001,0.000001,0,0,0.000508,0.999369,0.000001,0.000028,0,0,0,0.000002,0,0,0.000083
"63",0.048586,0.000408,0.016831,0.004511,0.033036,0.023712,0.013137,0.000972,0.000104,0.001104,0.003415,0.000198,0.049749,0.000041,0.638561,0.089277,0.017792,0.000017,0.000031,0.058517
"64",0.000553,0.000114,0.005631,0.034848,0.000259,0.700057,0.139609,0.000013,0.000405,0.000317,0.026645,0.000344,0.068525,0.0001,0.0184,0.00334,0.000679,0.000013,0.000073,0.000073
"65",0.051066,0.000002,0.000746,0.000099,0.934966,0.000477,0.000561,0,0.000004,0.000004,0.000001,0.000001,0.000036,0,0,0.009058,0.000338,0,0,0.002639
"66",0,0,0.000006,0,0.000003,0.000001,0.000001,0,0.001032,0.000092,0.000033,0,0.00057,0.993478,0,0,0,0.000002,0.004772,0.000008
"67",0.961561,0,0.000003,0.000002,0.000171,0.000001,0.000001,0.000009,0,0,0,0.000001,0.000001,0,0.000002,0.035837,0.002362,0,0,0.000047
"68",0,0.456526,0.000339,0.000005,0.000009,0.007145,0.000298,0,0.16824,0,0.000828,0.156706,0.004035,0.063477,0,0,0,0.057,0.085392,0
"69",0.000004,0.000367,0.00001,0.000001,0.000012,0.000011,0.000002,0.000001,0.000366,0.001305,0.000005,0.000049,0.00045,0.236421,0,0.000008,0.000144,0.005144,0.754154,0.001546
"70",0,0,0,0,0,0,0,0,0,0,0,0,0,0,1,0,0,0,0,0
"71",0.029357,0.017864,0.116802,0.475141,0.001228,0.020049,0.138471,0.000164,0.002618,0.004577,0.00374,0.019165,0.001331,0.000348,0.003799,0.080077,0.063823,0.000139,0.000534,0.020773
"72",0,0.007543,0.000273,0.000047,0.000004,0.000368,0.000199,0,0.501498,0.000016,0.000022,0.004852,0.000136,0.244676,0,0.000001,0.000001,0.00338,0.236981,0.000003
"73",0,0,0,0,0.000005,0.000483,0.000013,0,0.000001,0.000003,0.005382,0.000002,0.994108,0.000001,0,0,0,0,0,0
"74",0,0.335818,0.000003,0,0,0.001638,0.000034,0,0.000046,0.000001,0.001068,0.661102,0.00028,0.000003,0,0,0,0.000003,0.000003,0
"75",0.000001,0.002655,0.199425,0.112949,0.000085,0.079871,0.575805,0,0.022126,0.000011,0.000101,0.006517,0.000285,0.000071,0,0.000034,0.000008,0.000012,0.000035,0.00001
"76",0,0,0.00128,0.000659,0.000015,0.000132,0.000545,0,0.997119,0,0.000001,0.000004,0.000008,0.000043,0,0.000001,0.000004,0.000009,0.000177,0.000003
"77",0.000007,0,0.006243,0.993503,0.000153,0.000001,0.000069,0,0.000004,0,0,0,0,0,0,0.00002,0,0,0,0
"78",0,0,0,0,0,0,0,0,0,0,0,0,0,0.993383,0,0,0,0.000244,0.006372,0
"79",0,0.000001,0.000003,0,0.000001,0.000019,0.000004,0,0.000322,0,0.000001,0.000004,0.000157,0.78325,0,0.000001,0,0.000118,0.216119,0
"80",0,0.120262,0,0,0,0.001257,0.000027,0,0,0,0,0.878419,0.000035,0,0,0,0,0,0,0
"81",0.000307,0,0.000001,0.00001,0.000061,0,0,0,0,0,0,0,0,0,0,0.999605,0.000016,0,0,0
"82",0.958221,0.000001,0,0,0.014379,0.000002,0,0.000001,0,0,0,0,0.000001,0,0.000004,0.024039,0.001461,0,0,0.001892
"83",0,0,0,0,0.000057,0.046282,0.000032,0,0.000011,0,0.000017,0.000003,0.953596,0.000001,0,0,0,0,0,0
"84",0,0,0,0,0,0,0,0,0,0,0,0,0,0,1,0,0,0,0,0
"85",0.000108,0.003532,0.092496,0.245316,0.000482,0.115669,0.483416,0.000003,0.010832,0.001137,0.018271,0.018337,0.005174,0.000983,0.00001,0.000754,0.001516,0.000173,0.000803,0.000991
"86",0,0,0,0,0,0,0,1,0,0,0,0,0,0,0,0,0,0,0,0
"87",0,0,0,0,0,0,0,0,0.000001,0,0,0,0.000003,0.053161,0,0,0,0.000118,0.946717,0
"88",0.000027,0,0.000046,0.000005,0.001616,0,0.000001,0,0,0.000612,0.000002,0,0,0,0,0.000015,0.033816,0,0,0.963859
"89",0,0.016123,0.004805,0.000017,0.002825,0.213022,0.008416,0,0.000048,0.000022,0.021279,0.178653,0.554737,0.000012,0,0.000013,0.000013,0.000013,0.000001,0.000002
"90",0,0.00291,0.001271,0.000949,0.000017,0.082935,0.762746,0,0.000016,0.000373,0.001492,0.117466,0.029782,0.000003,0,0.000003,0.000022,0.000003,0.000003,0.00001
"91",0.000002,0.149081,0.000006,0.000004,0.000005,0.038135,0.000628,0,0.000008,0.000517,0.000277,0.736643,0.074614,0.000001,0,0.000005,0.000013,0.000031,0.000005,0.000026
"92",0.000205,0.000001,0.000196,0.000083,0.001159,0.000014,0.000123,0,0.000093,0.000195,0,0.000004,0.000002,0,0.000001,0.000461,0.958476,0,0,0.038987
"93",0,0,0.000013,0.000004,0.000012,0.000118,0.000702,0,0.000006,0.987449,0.000136,0.000016,0.000147,0,0,0,0.000097,0,0,0.0113
"94",0,0,0,0,0,0,0,0,0.000116,0,0,0,0,0.570438,0,0,0,0.00021,0.429235,0
"95",0,0,0,0,0,0,0,0,0,0,0,0,0,0.995008,0,0,0,0.000006,0.004986,0
"96",0.000001,0.018527,0.000486,0.000174,0.000012,0.130555,0.020563,0,0.068739,0.000017,0.033228,0.678152,0.003054,0.031334,0,0.000006,0.000262,0.001642,0.013239,0.000009
"97",0.011748,0.007966,0.297686,0.451127,0.002809,0.02794,0.085872,0.000033,0.000242,0.000039,0.001385,0.036788,0.002334,0.000019,0.000014,0.071974,0.00187,0.000017,0.000019,0.000118
"98",0.000002,0,0.000334,0.999507,0.000038,0,0.00002,0.000001,0,0,0,0,0,0,0,0.000093,0.000006,0,0,0
"99",0,0,0,0,0,0,0,1,0,0,0,0,0,0,0,0,0,0,0,0
"100",0.000184,0.308552,0.13563,0.004198,0.00876,0.054817,0.043489,0.000002,0.113903,0.000509,0.024229,0.202097,0.003306,0.001744,0.000001,0.074975,0.015908,0.00012,0.006666,0.000911
"101",0,0,0,0,0,0,0,0,0.000031,0,0.000147,0,0.000012,0.850004,0,0,0,0.000015,0.14979,0
"102",0,0.730588,0.000013,0.000002,0.000004,0.000484,0.000714,0,0.00106,0,0.000001,0.266832,0.000139,0.000024,0,0.000001,0.000001,0.000005,0.000132,0
"103",0.002846,0.001363,0.000805,0.001108,0.00316,0.015016,0.015074,0.000046,0.000034,0.000308,0.000442,0.001553,0.001898,0.000006,0.000192,0.058719,0.897089,0.000005,0.000016,0.000322
"104",0,0.965874,0.000001,0,0,0.000004,0.000001,0,0.000313,0,0.000002,0.003055,0.000015,0.00109,0,0,0,0.013406,0.016239,0
"105",0.882738,0.000002,0.000037,0.000003,0.000025,0.000004,0.000001,0.00033,0.000003,0,0.000002,0.000002,0,0,0,0.116769,0.000084,0,0,0.000001
"106",0,0.000245,0.000008,0.000028,0,0.002797,0.992981,0,0.000001,0.001484,0.000038,0.001563,0.000483,0,0,0,0.000031,0,0,0.00034
"107",0,0.000001,0.005058,0.000012,0.00054,0.000221,0.000094,0,0.000273,0.373136,0.000141,0.000001,0.000007,0.000011,0,0.000001,0.000055,0.000001,0.000012,0.620438
"108",0,0.05651,0.000014,0,0.000002,0.00219,0.000073,0.000002,0.006319,0,0.000141,0.930771,0.001076,0.000487,0,0.000003,0,0.000053,0.002358,0
"109",0,0.000001,0,0,0,0,0,0,0.000001,0,0.000002,0.000003,0.000625,0.990674,0,0,0,0.000196,0.008499,0
"110",0,0.000004,0.000001,0.000003,0,0.000826,0.999116,0,0,0.000005,0.000009,0.000026,0.000009,0,0,0,0,0,0,0
"111",0,0,0,0,0,0,0,1,0,0,0,0,0,0,0,0,0,0,0,0
"112",0.009004,0.047897,0.20047,0.265399,0.000978,0.0444,0.179739,0.000298,0.007465,0.000947,0.006479,0.189045,0.006111,0.001194,0.000127,0.016603,0.019591,0.000109,0.000964,0.003182
"113",0.000062,0.000003,0.006455,0.000807,0.005535,0.000036,0.000109,0,0.000035,0.000685,0.000005,0.00001,0.000075,0.000001,0,0.001869,0.955803,0,0,0.028507
"114",0.000001,0,0.000001,0,0.000123,0.000003,0.000002,0,0.000001,0.00001,0.990463,0.000001,0.009385,0.000006,0,0,0,0,0,0.000004
"115",0.000005,0,0.000067,0.000002,0.001125,0,0,0,0.000001,0.000746,0,0,0,0,0,0.000003,0.001194,0,0,0.996856
"116",0.001434,0.000029,0.759727,0.016792,0.011818,0.000535,0.000413,0.000002,0.197053,0.000001,0.00051,0.000388,0.000059,0.000231,0.000005,0.009997,0.000028,0.000042,0.000917,0.000019
"117",0,0.977459,0,0,0,0.000001,0.000001,0,0.000002,0,0,0.02253,0.000001,0,0,0,0,0.000001,0.000006,0
"118",0.000029,0.000078,0.024238,0.001124,0.009672,0.000266,0.000241,0.000049,0.000077,0.663128,0.050413,0.000167,0.000374,0.000011,0.000008,0.000489,0.001569,0.000002,0.000006,0.24806
"119",0.007307,0.004699,0.116309,0.25747,0.00424,0.010698,0.075245,0.000137,0.000135,0.002943,0.005378,0.04473,0.001021,0.000029,0.000026,0.101619,0.32917,0.000005,0.000026,0.038813
"120",0,0,0,0,0.000009,0.000011,0.000002,0,0.000001,0.000003,0.99841,0.000003,0.001557,0.000001,0,0,0.000001,0,0,0.000001
"121",0.000007,0.077756,0.040899,0.014407,0.000134,0.080954,0.018602,0.000003,0.170547,0.000006,0.001875,0.547689,0.00596,0.017943,0,0.00014,0.000017,0.001381,0.021675,0.000003
"122",0,0,0,0,0,0,0,1,0,0,0,0,0,0,0,0,0,0,0,0
"123",0.000082,0.178965,0.000865,0.002605,0.000163,0.046969,0.359747,0.000012,0.003675,0.003607,0.000305,0.380251,0.007493,0.000439,0.000002,0.003795,0.005452,0.00007,0.000347,0.005156
"124",0.007504,0.010944,0.599853,0.329823,0.000655,0.005495,0.007952,0.000084,0.017467,0.000062,0.000809,0.01209,0.000637,0.001392,0.000017,0.002559,0.000367,0.000355,0.001734,0.000202
"125",0,0,0,0,0,0,0,0,0.000038,0,0,0,0.000011,0.999609,0,0,0,0.000001,0.000341,0
"126",0.000003,0.205293,0.002137,0.00019,0.000031,0.040625,0.00207,0.000001,0.114518,0.000245,0.001218,0.540657,0.001354,0.025652,0.000001,0.000014,0.000033,0.005908,0.060022,0.000029
"127",0,0.000007,0.000022,0.00006,0,0.019113,0.978889,0,0.000104,0.00021,0.000045,0.000103,0.001332,0.000057,0,0,0.000001,0.000009,0.000037,0.00001
"128",0.001079,0.004836,0.141356,0.654651,0.000293,0.025063,0.103766,0.001128,0.003908,0.000599,0.0022,0.026705,0.003198,0.001069,0.000065,0.006899,0.021932,0.000101,0.000376,0.000777
"129",0,0,0,0,0,0,0,0.999998,0,0,0,0,0,0,0,0.000002,0,0,0,0
"130",0,0,0.996138,0.00138,0.000051,0.000027,0.000827,0,0.000047,0,0.000001,0,0.000001,0,0.000001,0.000001,0.001525,0,0,0
"131",0.000072,0.000006,0.000019,0.000001,0.000082,0.000005,0.000013,0.000001,0.000001,0.426893,0.000516,0.000004,0.00001,0,0.000759,0.000004,0.002059,0,0,0.569556
"132",0.000001,0.000004,0.000003,0,0.000014,0.000017,0.000006,0,0.000001,0.00006,0.991544,0.000018,0.008292,0.000001,0,0,0.000034,0,0,0.000004
"133",0.000003,0,0,0,0,0,0,0.999996,0,0,0,0,0,0,0,0.000001,0,0,0,0
"134",0,0.001066,0.000526,0.000024,0.000002,0.011806,0.000545,0,0.843066,0.000005,0.006537,0.135563,0.000506,0.00028,0,0,0,0.000011,0.000062,0
"135",0,0.251824,0,0,0,0.000124,0.000006,0,0.000001,0,0,0.748032,0.000012,0,0,0,0,0,0,0
"136",0.000001,0.000001,0.000016,0.000005,0.000035,0.000061,0.000031,0,0.003664,0.011443,0.123184,0.000013,0.022062,0.677317,0,0,0.000005,0.000917,0.161034,0.000211
"137",0,0,0.000032,0.000124,0.000009,0.004054,0.995755,0,0,0,0.000015,0,0.000007,0,0,0.000001,0.000003,0,0,0.000001
"138",0,0,0.00017,0.000096,0.000001,0.000021,0.000039,0,0.004698,0.000001,0.000012,0.000002,0.000226,0.847842,0,0,0.000001,0.000211,0.146678,0.000001
"139",0.000219,0.000025,0.099932,0.093496,0.654571,0.014642,0.126821,0.000003,0.000022,0.000002,0.000144,0.000023,0.000201,0,0.000001,0.00865,0.000701,0.000001,0,0.000545
"140",0,0.000021,0.000037,0.000001,0.000002,0.000065,0.000012,0,0.086079,0,0.000002,0.000097,0.004349,0.308168,0,0.000001,0,0.006404,0.594765,0
"141",0.000124,0.000242,0.915004,0.00222,0.000547,0.046775,0.033157,0.000006,0.000091,0.000001,0.000065,0.000013,0.000065,0,0.000001,0.001374,0.000314,0,0,0.000001
"142",0.188324,0.000017,0.01924,0.086994,0.001581,0.001557,0.003391,0.00015,0.002132,0.00005,0.000026,0.000063,0.000114,0.000008,0.000117,0.675874,0.020008,0.000001,0.000022,0.000331
"143",0.000135,0.000174,0.61705,0.006845,0.002645,0.000744,0.003754,0.000054,0.265297,0.014477,0.001452,0.00006,0.002217,0.004687,0.000005,0.001935,0.071131,0.000025,0.002813,0.004501
"144",0.000001,0.000015,0.824383,0.051368,0.000577,0.001618,0.001207,0,0.115192,0.000007,0.000905,0.000538,0.000204,0.001008,0,0.001152,0.000395,0.000002,0.001415,0.000013
"145",0.000093,0.00001,0.001076,0.000272,0.005127,0.000039,0.000128,0.000001,0.004376,0.048139,0.000207,0.000015,0.000033,0.000041,0.000003,0.000046,0.000319,0.000003,0.000098,0.939971
"146",0,0.001867,0.00003,0,0,0.000892,0.000073,0,0.133443,0.000003,0.000014,0.001099,0.000382,0.538442,0,0,0,0.008634,0.315119,0
"147",0.000006,0,0.000032,0.000006,0.000442,0.000002,0.000003,0,0.000001,0.73065,0.000503,0.000001,0.000003,0,0,0.000007,0.000693,0,0,0.26765
"148",0.00005,0.000077,0.000444,0.000629,0.000091,0.054669,0.927842,0,0.000015,0.000173,0.000546,0.00156,0.006253,0.000001,0,0.000751,0.006585,0,0.000002,0.00031
"149",0.831167,0,0.000039,0.000024,0.000027,0,0.000001,0.000015,0,0,0,0,0,0,0.005706,0.162987,0.000032,0,0,0
"150",0.000131,0.000009,0.541915,0.395815,0.002781,0.001377,0.004648,0.000001,0.012214,0.000765,0.034874,0.000055,0.000851,0.00017,0.000004,0.00082,0.000826,0.000017,0.000062,0.002665
"151",0.001265,0.0525,0.00921,0.00964,0.000287,0.057265,0.49009,0.000059,0.021234,0.049011,0.008805,0.237325,0.003886,0.004827,0.02772,0.001232,0.006692,0.000662,0.005843,0.012446
"152",0.00001,0.475939,0.000641,0.001876,0.000042,0.045022,0.215259,0.000001,0.00093,0.002035,0.000912,0.252255,0.003145,0.000223,0.000001,0.000069,0.000155,0.000316,0.000304,0.000866
"153",0,0.989127,0.000085,0,0,0.000076,0.000002,0,0.000352,0,0.000149,0.010059,0.000067,0.000011,0,0.000001,0,0.000029,0.000044,0
"154",0,0.004686,0.801099,0.069806,0.000054,0.014151,0.024017,0,0.068777,0.000012,0.00042,0.009384,0.005807,0.000648,0,0.000009,0.000042,0.000342,0.000745,0.000003
"155",0.000224,0,0.000031,0.000009,0.002215,0,0,0.997022,0,0,0,0,0,0,0,0.000495,0.000003,0,0,0
"156",0,0,0,0,0.000001,0,0,0,0,0.977133,0,0,0,0,0,0,0.000001,0,0,0.022864
"157",0.000162,0.018918,0.007215,0.021526,0.001074,0.219939,0.267649,0.000006,0.002843,0.000107,0.065221,0.377915,0.013292,0.000023,0.000006,0.000962,0.002619,0.000102,0.000032,0.000389
"158",0.000169,0,0.000076,0.000033,0.010368,0.000009,0.000087,0.000352,0,0.001686,0.000011,0.000001,0.000009,0,0.000001,0.000282,0.006841,0,0,0.980075
"159",0.460006,0.000018,0.039714,0.002612,0.037689,0.000645,0.000236,0.000725,0.01625,0.000204,0.000009,0.000026,0.00014,0.000063,0.00001,0.213627,0.163567,0,0.000049,0.064411
"160",0,0,0.000002,0,0,0.000003,0,0,0.010633,0,0.000098,0,0.000585,0.544722,0,0,0,0.000975,0.442979,0
"161",0,0.018599,0.000096,0.000015,0.000002,0.01281,0.001472,0,0.000479,0.000087,0.000039,0.965438,0.000913,0.000002,0,0.000002,0.000017,0.000017,0.000003,0.000009
"162",0.004922,0.000345,0.000904,0.000418,0.004795,0.00279,0.000267,0.000067,0.000017,0.126558,0.000007,0.000107,0.000559,0.000001,0.000024,0.01035,0.123239,0.000001,0.000003,0.724627
"163",0.000001,0.92496,0.000046,0.000001,0.000001,0.007729,0.003811,0,0.000013,0.000108,0.000367,0.05747,0.005456,0.000003,0,0.000001,0.000006,0.000013,0.000012,0.000001
"164",0,0,0.000059,0.000001,0.000001,0.000081,0.000023,0,0.945374,0,0.001952,0.000015,0.002301,0.031168,0,0,0,0.000005,0.019018,0
"165",0.000021,0.000159,0.091829,0.017128,0.000011,0.012282,0.00014,0.000001,0.335781,0.000002,0.000776,0.000271,0.002133,0.26373,0,0.000018,0.000015,0.00058,0.275122,0.000001
"166",0.000008,0,0.00016,0.000005,0.000164,0.000001,0.000002,0.000001,0.000001,0.190879,0.000031,0.000001,0.000004,0,0,0.000002,0.000198,0,0,0.808543
"167",0,0.014546,0.020221,0.001009,0.000046,0.246982,0.446273,0,0.000079,0.000089,0.003465,0.218056,0.049179,0.000012,0,0,0,0.000033,0.000009,0.000001
"168",0,0,0.333364,0.66575,0.000095,0.000068,0.000688,0,0.000001,0,0.000001,0.000004,0.000001,0,0,0.000016,0.000006,0,0,0.000006
"169",0,0,0,0,0,0,0,1,0,0,0,0,0,0,0,0,0,0,0,0
"170",0.039238,0,0.000001,0.000002,0.000026,0,0,0.000012,0,0,0,0,0,0,0,0.96063,0.000091,0,0,0
"171",0.000353,0.000273,0.005033,0.001073,0.002163,0.18454,0.025456,0.000003,0.000097,0.529518,0.006866,0.000107,0.000607,0.000018,0.000017,0.002101,0.076253,0.000004,0.000028,0.165492
"172",0.000025,0.00002,0.081974,0.031825,0.00909,0.350529,0.287054,0,0.000009,0.000341,0.024638,0.000024,0.045621,0,0.000001,0.002979,0.16388,0,0,0.00199
"173",0,0.000004,0.002065,0.001224,0.000083,0.006662,0.011733,0,0.007728,0.220653,0.730131,0.000405,0.014536,0.001504,0.000001,0.000013,0.001106,0.000007,0.000191,0.001955
"174",0.991962,0,0,0,0.000001,0,0,0.000007,0,0,0,0,0,0,0,0.008031,0,0,0,0
"175",0.000031,0.000001,0.076961,0.772702,0.000803,0.002322,0.08114,0,0.003586,0.000004,0.000011,0.000051,0.000038,0.000005,0.000001,0.011101,0.049515,0,0.000005,0.001721
"176",0.0016,0.000002,0.072495,0.0002,0.187243,0.000237,0.000079,0.000003,0.315987,0.015398,0.000054,0.000008,0.000305,0.000157,0.000008,0.002061,0.004343,0.000003,0.000046,0.399771
"177",0,0.000207,0,0,0,0,0,0,0.00002,0,0,0.000023,0.000002,0.050179,0,0,0,0.000498,0.94907,0
"178",0.002297,0.000006,0.00201,0.001371,0.017439,0.293553,0.340624,0.000141,0.000102,0.00009,0.000043,0.000008,0.000271,0.000001,0.000004,0.017944,0.323174,0,0.000002,0.00092
"179",0.000005,0.029238,0.000493,0.000025,0.000062,0.623143,0.188283,0,0.000053,0.000017,0.127309,0.024559,0.006724,0.000002,0,0.000067,0.000013,0.000004,0.000002,0.000002
"180",0.01,0,0.194416,0.600635,0.017898,0.000014,0.000006,0.000012,0.000065,0,0,0.000001,0.000006,0,0.000002,0.176933,0.000009,0,0,0.000001
"181",0,0.000224,0.000015,0.000001,0.000014,0.000027,0.000003,0,0.000005,0.161619,0.000025,0.000134,0.000055,0.000001,0,0.000003,0.297772,0,0.000005,0.540098
"182",0.005448,0,0,0,0.000003,0,0,0.000364,0,0,0,0,0,0,0.993996,0.000184,0.000004,0,0,0.000001
"183",0.000001,0.000052,0.000024,0.000001,0.000005,0.000269,0.00001,0,0.000003,0.990315,0.000427,0.000111,0.000406,0,0,0.000001,0.000153,0,0,0.008222
"184",0.000003,0,0,0,0,0,0,0.999997,0,0,0,0,0,0,0,0,0,0,0,0
"185",0.054245,0.018025,0.035724,0.301636,0.002094,0.012188,0.047633,0.000656,0.006021,0.001539,0.013779,0.04633,0.003743,0.002299,0.000269,0.279472,0.168244,0.001071,0.001818,0.003215
"186",0.636707,0.000002,0.000009,0.000018,0.000021,0.000017,0.000006,0.346048,0.000001,0,0,0.000007,0,0,0.000343,0.016806,0.000014,0,0,0
"187",0.000001,0,0,0,0,0,0.000001,0,0,0,0,0,0,0,0.999997,0.000001,0,0,0,0
"188",0,0.000001,0,0,0.000035,0,0,0,0,0.000149,0,0,0,0,0,0,0.000112,0,0,0.999701
"189",0.000007,0.007309,0.096842,0.00511,0.000095,0.060816,0.015881,0.000001,0.040444,0.000177,0.469605,0.282792,0.009889,0.005454,0.000001,0.000025,0.000013,0.000327,0.005204,0.000008
"190",0,0,0.000002,0,0,0.000016,0.000001,0,0.000014,0.000051,0.999871,0.000002,0.000042,0,0,0,0,0,0,0
"191",0,0,0,0,0,0,0,0,0,0,0,0,0,0,0.999999,0,0,0,0,0
"192",0.047106,0.000101,0.00259,0.278846,0.001771,0.003069,0.092988,0.000013,0.000015,0.000031,0.000036,0.000175,0.000128,0.000001,0.000071,0.554889,0.017242,0.000001,0.000003,0.000923
"193",0.000112,0.000191,0.589134,0.117555,0.000524,0.028633,0.170393,0.000005,0.054392,0.023406,0.000969,0.003079,0.000655,0.000608,0.00012,0.000407,0.002088,0.000008,0.000499,0.007223
"194",0,0.000054,0.000311,0.000001,0.000006,0.00026,0.000004,0,0.984251,0.000001,0.014312,0.000226,0.000553,0.000008,0,0,0,0,0.000013,0
"195",0,0.025451,0.000077,0.000001,0.000008,0.000047,0.000014,0,0.007289,0,0.000055,0.00043,0.000288,0.081019,0,0.000001,0,0.046767,0.838552,0
"196",0,0,0,0,0,0.000002,0,0,0.000001,0,0.999996,0,0.000001,0,0,0,0,0,0,0
"197",0.112685,0.000047,0.020726,0.014147,0.027744,0.000421,0.000812,0.368126,0.000878,0.000004,0.00005,0.000421,0.000042,0.000025,0.000034,0.42252,0.030995,0.000002,0.000009,0.000311
"198",0.001362,0,0.000492,0.000612,0.002614,0.000003,0.000013,0.000003,0.000003,0.000001,0,0,0.000001,0,0.000001,0.014167,0.980571,0,0,0.000155
"199",0.137604,0.026833,0.037279,0.011997,0.006266,0.095745,0.059212,0.000167,0.002904,0.000078,0.000602,0.206567,0.049692,0.00008,0.000034,0.361332,0.003255,0.000078,0.000125,0.000149
"200",0.833237,0.000006,0.000398,0.000936,0.002518,0.000026,0.000026,0.000167,0.000009,0,0.000001,0.000005,0.000003,0,0.000016,0.162558,0.000081,0,0,0.000012
"201",0.957014,0,0.000001,0,0.000409,0,0,0.002224,0,0,0,0,0,0,0,0.040334,0.000016,0,0,0
"202",0,0,0,0,0.000004,0,0,0,0,0.000004,0.999952,0,0.000038,0,0,0,0,0,0,0
"203",0.009351,0.000001,0.000005,0.000003,0.000091,0.000012,0.000022,0.000001,0,0,0,0.000009,0.000001,0,0,0.990206,0.000296,0,0,0.000003
"204",0,0.016019,0.000007,0.000001,0.000001,0.028594,0.000261,0,0.006133,0.000011,0.008523,0.924523,0.013954,0.001354,0,0,0,0.000045,0.000572,0
"205",0,0.000003,0.011355,0.987568,0.000142,0.000009,0.000456,0,0.000431,0,0.000002,0.000011,0.000004,0.000001,0,0.000003,0.000007,0,0,0.000006
"206",0.000199,0.000548,0.000007,0.000005,0.000004,0.000244,0.000847,0.000036,0.000031,0.000024,0.000017,0.000235,0.000016,0.000006,0.997485,0.00016,0.000084,0.000003,0.000008,0.000041
"207",0.000252,0.008472,0.708863,0.107329,0.00038,0.022245,0.020759,0.000029,0.053412,0.000058,0.009113,0.026708,0.003615,0.022491,0.000012,0.001694,0.001298,0.001138,0.011934,0.000199
"208",0,0,0.000002,0.000408,0.000906,0.000034,0.998649,0,0,0,0,0,0.000001,0,0,0,0,0,0,0
"209",0.189611,0.059229,0.013876,0.053758,0.001286,0.025616,0.22754,0.03043,0.002917,0.00395,0.008198,0.09651,0.003328,0.001355,0.001349,0.176095,0.088159,0.000243,0.001324,0.015225
"210",0.000015,0.943719,0.002236,0.000125,0.000013,0.004117,0.000771,0,0.000148,0.000016,0.002199,0.043945,0.002568,0.000014,0.000001,0.00001,0.000012,0.000062,0.000028,0.000002
"211",0,0.000002,0.017061,0.974094,0.000277,0.00007,0.005272,0,0.000584,0.000076,0,0.000009,0.000032,0.000006,0,0.000006,0.000139,0,0.000004,0.002365
"212",0,0.000003,0.000707,0.00002,0.000006,0.00135,0.00025,0,0.990382,0,0.000003,0.00001,0.000074,0.002302,0,0.000037,0.000001,0.00002,0.004833,0
"213",0.000017,0.000008,0.000007,0,0.008427,0.000605,0.000009,0,0,0.000003,0.001306,0.000006,0.989574,0,0,0.000007,0.000001,0.000002,0,0.000026
"214",0.000027,0.000041,0.380987,0.399375,0.027357,0.001185,0.018571,0.000001,0.000002,0.001282,0.000122,0.000165,0.000247,0,0.000005,0.001932,0.00703,0,0,0.161669
"215",0,0.000029,0,0,0,0.000075,0.000011,0,0.000041,0,0.999045,0.000705,0.000091,0,0,0,0,0.000001,0,0
"216",0.000001,0.000019,0.000612,0.000512,0.00011,0.000228,0.004101,0,0.000029,0.125901,0.725873,0.000242,0.000782,0.000035,0.000001,0.000023,0.025049,0.000001,0.00001,0.116469
"217",0,0.000001,0.000833,0.000547,0.00011,0.150982,0.846973,0,0.000216,0,0.000031,0.000065,0.000112,0,0,0.000127,0.000001,0,0,0
"218",0,0.000122,0.000116,0,0.000001,0.000026,0.000008,0,0.020134,0.000009,0.001536,0.000188,0.000305,0.745036,0,0,0.000001,0.000472,0.232046,0.000001
"219",0.096065,0,0.000292,0.000061,0.007942,0.000003,0.000002,0.000091,0,0.000154,0,0,0.000001,0,0.000004,0.016012,0.17205,0,0,0.707321
"220",0.01868,0.000028,0.002113,0.00059,0.008189,0.000329,0.005237,0.000025,0.00004,0.000257,0.000009,0.000205,0.000037,0.000001,0.000012,0.099098,0.678878,0,0.000002,0.18627
"221",0.998741,0,0,0,0.000043,0,0,0.000211,0,0,0,0,0,0,0.000001,0.001,0.000004,0,0,0
"222",0.930202,0.000002,0.000013,0.000022,0.000179,0.000005,0.000004,0.000972,0.000001,0,0,0.000004,0,0,0.000001,0.068581,0.000013,0,0,0.000001
"223",0,0,0,0,0,0,0,1,0,0,0,0,0,0,0,0,0,0,0,0
"224",0.005095,0.000522,0.014044,0.008849,0.108478,0.00732,0.011848,0.000142,0.015836,0.13476,0.61712,0.001171,0.002406,0.000467,0.000188,0.00508,0.009565,0.000028,0.000156,0.056926
