gene,group,chain,position,aa,freq
3ogo,predicted,A,2,S,0.47549317794954377
3ogo,wt,A,2,S,0.47549317794954377
3ogo,predicted,A,3,K,0.5870343770160077
3ogo,wt,A,3,K,0.5870343770160077
3ogo,predicted,A,4,G,0.9999999991388816
3ogo,wt,A,4,G,0.9999999991388816
3ogo,predicted,A,5,Q,0.5265714630192093
3ogo,wt,A,5,E,0.36658392010286284
3ogo,predicted,A,6,E,0.21132890708075366
3ogo,wt,A,6,E,0.21132890708075366
3ogo,predicted,A,7,L,0.9822590918568292
3ogo,wt,A,7,L,0.9822590918568292
3ogo,predicted,A,8,F,0.9998726309541398
3ogo,wt,A,8,F,0.9998726309541398
3ogo,predicted,A,9,T,0.4876377902893258
3ogo,wt,A,9,T,0.4876377902893258
3ogo,predicted,A,10,G,0.9999991377167184
3ogo,wt,A,10,G,0.9999991377167184
3ogo,predicted,A,11,V,0.4401622870238859
3ogo,wt,A,11,V,0.4401622870238859
3ogo,predicted,A,12,V,0.9971662011447364
3ogo,wt,A,12,V,0.9971662011447364
3ogo,predicted,A,13,P,0.9999994144579903
3ogo,wt,A,13,P,0.9999994144579903
3ogo,predicted,A,14,I,0.9399189219200169
3ogo,wt,A,14,I,0.9399189219200169
3ogo,predicted,A,15,R,0.41149485816869263
3ogo,wt,A,15,L,0.22230369648361767
3ogo,predicted,A,16,V,0.9724672700381133
3ogo,wt,A,16,V,0.9724672700381133
3ogo,predicted,A,17,E,0.763626148492103
3ogo,wt,A,17,E,0.763626148492103
3ogo,predicted,A,18,L,0.9999884192324106
3ogo,wt,A,18,L,0.9999884192324106
3ogo,predicted,A,19,D,0.5690006909404063
3ogo,wt,A,19,D,0.5690006909404063
3ogo,predicted,A,20,G,0.9999999888871841
3ogo,wt,A,20,G,0.9999999888871841
3ogo,predicted,A,21,D,0.9654697478135095
3ogo,wt,A,21,D,0.9654697478135095
3ogo,predicted,A,22,V,0.9948243053296588
3ogo,wt,A,22,V,0.9948243053296588
3ogo,predicted,A,23,N,0.6835029714427416
3ogo,wt,A,23,N,0.6835029714427416
3ogo,predicted,A,24,G,0.9999999999917527
3ogo,wt,A,24,G,0.9999999999917527
3ogo,predicted,A,25,H,0.985759439141782
3ogo,wt,A,25,H,0.985759439141782
3ogo,predicted,A,26,K,0.689025441069348
3ogo,wt,A,26,K,0.689025441069348
3ogo,predicted,A,27,F,0.9940134188593196
3ogo,wt,A,27,F,0.9940134188593196
3ogo,predicted,A,28,S,0.9011120478301908
3ogo,wt,A,28,S,0.9011120478301908
3ogo,predicted,A,29,V,0.999954532544574
3ogo,wt,A,29,V,0.999954532544574
3ogo,predicted,A,30,S,0.8953854052988418
3ogo,wt,A,30,S,0.8953854052988418
3ogo,predicted,A,31,G,0.9999999679267667
3ogo,wt,A,31,G,0.9999999679267667
3ogo,predicted,A,32,E,0.7310713513408912
3ogo,wt,A,32,E,0.7310713513408912
3ogo,predicted,A,33,G,0.9999999995668437
3ogo,wt,A,33,G,0.9999999995668437
3ogo,predicted,A,34,E,0.8037539904660761
3ogo,wt,A,34,E,0.8037539904660761
3ogo,predicted,A,35,G,0.9999999998304651
3ogo,wt,A,35,G,0.9999999998304651
3ogo,predicted,A,36,D,0.8828184178041685
3ogo,wt,A,36,D,0.8828184178041685
3ogo,predicted,A,37,A,0.9853888035328356
3ogo,wt,A,37,A,0.9853888035328356
3ogo,predicted,A,38,T,0.3677642072201491
3ogo,wt,A,38,T,0.3677642072201491
3ogo,predicted,A,39,H,0.23340284088310803
3ogo,wt,A,39,Y,0.19453211753039837
3ogo,predicted,A,40,G,0.999999999999884
3ogo,wt,A,40,G,0.999999999999884
3ogo,predicted,A,41,K,0.7051596952580486
3ogo,wt,A,41,K,0.7051596952580486
3ogo,predicted,A,42,L,0.9994287318038074
3ogo,wt,A,42,L,0.9994287318038074
3ogo,predicted,A,43,V,0.5971096209747992
3ogo,wt,A,43,T,0.14681921614393742
3ogo,predicted,A,44,L,0.9875268248179875
3ogo,wt,A,44,L,0.9875268248179875
3ogo,predicted,A,45,K,0.396717685565835
3ogo,wt,A,45,K,0.396717685565835
3ogo,predicted,A,46,F,0.9881697544381486
3ogo,wt,A,46,F,0.9881697544381486
3ogo,predicted,A,47,I,0.9409398818361286
3ogo,wt,A,47,I,0.9409398818361286
3ogo,predicted,A,48,C,0.932632611082317
3ogo,wt,A,48,C,0.932632611082317
3ogo,predicted,A,49,T,0.9824322629296686
3ogo,wt,A,49,T,0.9824322629296686
3ogo,predicted,A,50,T,0.641754814276533
3ogo,wt,A,50,T,0.641754814276533
3ogo,predicted,A,51,G,0.9999994396175375
3ogo,wt,A,51,G,0.9999994396175375
3ogo,predicted,A,52,K,0.5522383552916758
3ogo,wt,A,52,K,0.5522383552916758
3ogo,predicted,A,53,L,0.9726638254365501
3ogo,wt,A,53,L,0.9726638254365501
3ogo,predicted,A,54,P,0.9999999999788954
3ogo,wt,A,54,P,0.9999999999788954
3ogo,predicted,A,55,V,0.9997937456374647
3ogo,wt,A,55,V,0.9997937456374647
3ogo,predicted,A,56,P,0.9998915057457222
3ogo,wt,A,56,P,0.9998915057457222
3ogo,predicted,A,57,W,0.9999912910188419
3ogo,wt,A,57,W,0.9999912910188419
3ogo,predicted,A,58,P,0.99980408722631
3ogo,wt,A,58,P,0.99980408722631
3ogo,predicted,A,59,T,0.9366919791753029
3ogo,wt,A,59,T,0.9366919791753029
3ogo,predicted,A,60,L,0.9999980414263896
3ogo,wt,A,60,L,0.9999980414263896
3ogo,predicted,A,61,V,0.976256098669928
3ogo,wt,A,61,V,0.976256098669928
3ogo,predicted,A,62,S,0.4486278360471075
3ogo,wt,A,62,T,0.30285626617754774
3ogo,predicted,A,63,T,0.5547223997351008
3ogo,wt,A,63,T,0.5547223997351008
3ogo,predicted,A,64,L,0.9996945949677315
3ogo,wt,A,64,L,0.9996945949677315
3ogo,predicted,A,68,P,0.676429981403996
3ogo,wt,A,68,V,0.09292944146539034
3ogo,predicted,A,69,L,0.5874070025541394
3ogo,wt,A,69,Q,0.261258177175811
3ogo,predicted,A,70,C,0.6782973411382814
3ogo,wt,A,70,C,0.6782973411382814
3ogo,predicted,A,71,F,0.9904276799522002
3ogo,wt,A,71,F,0.9904276799522002
3ogo,predicted,A,72,A,0.9880410907134465
3ogo,wt,A,72,S,0.01129717878628489
3ogo,predicted,A,73,K,0.6701506993596867
3ogo,wt,A,73,R,0.261557781981227
3ogo,predicted,A,74,Y,0.7198185848212951
3ogo,wt,A,74,Y,0.7198185848212951
3ogo,predicted,A,75,P,0.9999999977090215
3ogo,wt,A,75,P,0.9999999977090215
3ogo,predicted,A,76,D,0.9049251100362921
3ogo,wt,A,76,D,0.9049251100362921
3ogo,predicted,A,77,H,0.8498332728887433
3ogo,wt,A,77,H,0.8498332728887433
3ogo,predicted,A,78,M,0.8212439213322128
3ogo,wt,A,78,M,0.8212439213322128
3ogo,predicted,A,79,K,0.8034316539696583
3ogo,wt,A,79,K,0.8034316539696583
3ogo,predicted,A,80,N,0.7052085088897183
3ogo,wt,A,80,Q,0.03438406170083831
3ogo,predicted,A,81,H,0.5187035207776313
3ogo,wt,A,81,H,0.5187035207776313
3ogo,predicted,A,82,D,0.9834075147627875
3ogo,wt,A,82,D,0.9834075147627875
3ogo,predicted,A,83,F,0.9900654605986047
3ogo,wt,A,83,F,0.9900654605986047
3ogo,predicted,A,84,F,0.8874785041569763
3ogo,wt,A,84,F,0.8874785041569763
3ogo,predicted,A,85,K,0.4972095661681701
3ogo,wt,A,85,K,0.4972095661681701
3ogo,predicted,A,86,S,0.9978170063435231
3ogo,wt,A,86,S,0.9978170063435231
3ogo,predicted,A,87,A,0.9735119452571138
3ogo,wt,A,87,A,0.9735119452571138
3ogo,predicted,A,88,M,0.9769147474845293
3ogo,wt,A,88,M,0.9769147474845293
3ogo,predicted,A,89,P,0.99999997789453
3ogo,wt,A,89,P,0.99999997789453
3ogo,predicted,A,90,E,0.5709930788413057
3ogo,wt,A,90,E,0.5709930788413057
3ogo,predicted,A,91,G,0.9999999995857349
3ogo,wt,A,91,G,0.9999999995857349
3ogo,predicted,A,92,Y,0.9512571639245447
3ogo,wt,A,92,Y,0.9512571639245447
3ogo,predicted,A,93,V,0.9943998714589948
3ogo,wt,A,93,V,0.9943998714589948
3ogo,predicted,A,94,M,0.5103703703801158
3ogo,wt,A,94,Q,0.1394785628837261
3ogo,predicted,A,95,E,0.8872036759974526
3ogo,wt,A,95,E,0.8872036759974526
3ogo,predicted,A,96,K,0.5268057331043531
3ogo,wt,A,96,R,0.3550820277363876
3ogo,predicted,A,97,T,0.6452313637507183
3ogo,wt,A,97,T,0.6452313637507183
3ogo,predicted,A,98,I,0.8489673777619746
3ogo,wt,A,98,I,0.8489673777619746
3ogo,predicted,A,99,Y,0.5906048579126203
3ogo,wt,A,99,F,0.3953640823128515
3ogo,predicted,A,100,F,0.9952838766583603
3ogo,wt,A,100,F,0.9952838766583603
3ogo,predicted,A,101,K,0.5166429109843627
3ogo,wt,A,101,K,0.5166429109843627
3ogo,predicted,A,102,N,0.4911934743999155
3ogo,wt,A,102,D,0.3978051086298388
3ogo,predicted,A,103,D,0.9994820854811888
3ogo,wt,A,103,D,0.9994820854811888
3ogo,predicted,A,104,G,0.9999999999926361
3ogo,wt,A,104,G,0.9999999999926361
3ogo,predicted,A,105,S,0.7182299150959152
3ogo,wt,A,105,N,0.16803620278931605
3ogo,predicted,A,106,F,0.970850155543696
3ogo,wt,A,106,Y,0.02899739257447344
3ogo,predicted,A,107,K,0.7815534455510367
3ogo,wt,A,107,K,0.7815534455510367
3ogo,predicted,A,108,T,0.5949785253200973
3ogo,wt,A,108,T,0.5949785253200973
3ogo,predicted,A,109,R,0.9717285910251604
3ogo,wt,A,109,R,0.9717285910251604
3ogo,predicted,A,110,A,0.7804912964369967
3ogo,wt,A,110,A,0.7804912964369967
3ogo,predicted,A,111,E,0.9981255526633811
3ogo,wt,A,111,E,0.9981255526633811
3ogo,predicted,A,112,V,0.86818075364886
3ogo,wt,A,112,V,0.86818075364886
3ogo,predicted,A,113,K,0.8444922867661117
3ogo,wt,A,113,K,0.8444922867661117
3ogo,predicted,A,114,F,0.96595433502536
3ogo,wt,A,114,F,0.96595433502536
3ogo,predicted,A,115,E,0.998090111807235
3ogo,wt,A,115,E,0.998090111807235
3ogo,predicted,A,116,G,0.9999957489474572
3ogo,wt,A,116,G,0.9999957489474572
3ogo,predicted,A,117,E,0.3114908983897886
3ogo,wt,A,117,D,0.16764083969802254
3ogo,predicted,A,118,T,0.9674341891045543
3ogo,wt,A,118,T,0.9674341891045543
3ogo,predicted,A,119,L,0.9894629073389377
3ogo,wt,A,119,L,0.9894629073389377
3ogo,predicted,A,120,V,0.9977295908210141
3ogo,wt,A,120,V,0.9977295908210141
3ogo,predicted,A,121,N,0.8671474222818175
3ogo,wt,A,121,N,0.8671474222818175
3ogo,predicted,A,122,R,0.9934583531838982
3ogo,wt,A,122,R,0.9934583531838982
3ogo,predicted,A,123,I,0.5492391080369493
3ogo,wt,A,123,I,0.5492391080369493
3ogo,predicted,A,124,D,0.46263420672641775
3ogo,wt,A,124,E,0.04014821647056164
3ogo,predicted,A,125,L,0.9992405992209749
3ogo,wt,A,125,L,0.9992405992209749
3ogo,predicted,A,126,K,0.8304282573385496
3ogo,wt,A,126,K,0.8304282573385496
3ogo,predicted,A,127,G,0.9999994167338317
3ogo,wt,A,127,G,0.9999994167338317
3ogo,predicted,A,128,E,0.39197423651609314
3ogo,wt,A,128,I,0.002365636407231678
3ogo,predicted,A,129,D,0.7488365534788542
3ogo,wt,A,129,D,0.7488365534788542
3ogo,predicted,A,130,F,0.9818128552284402
3ogo,wt,A,130,F,0.9818128552284402
3ogo,predicted,A,131,K,0.8530223665040726
3ogo,wt,A,131,K,0.8530223665040726
3ogo,predicted,A,132,E,0.9903571901514563
3ogo,wt,A,132,E,0.9903571901514563
3ogo,predicted,A,133,D,0.7407556698760617
3ogo,wt,A,133,D,0.7407556698760617
3ogo,predicted,A,134,G,0.9997139170014141
3ogo,wt,A,134,G,0.9997139170014141
3ogo,predicted,A,135,N,0.9991785045277344
3ogo,wt,A,135,N,0.9991785045277344
3ogo,predicted,A,136,I,0.8923123243948791
3ogo,wt,A,136,I,0.8923123243948791
3ogo,predicted,A,137,L,0.999921252257395
3ogo,wt,A,137,L,0.999921252257395
3ogo,predicted,A,138,G,0.9999969404189909
3ogo,wt,A,138,G,0.9999969404189909
3ogo,predicted,A,139,H,0.7775473680101369
3ogo,wt,A,139,H,0.7775473680101369
3ogo,predicted,A,140,K,0.6254155777478204
3ogo,wt,A,140,K,0.6254155777478204
3ogo,predicted,A,141,F,0.8201879835566984
3ogo,wt,A,141,L,0.010029944154828987
3ogo,predicted,A,142,E,0.5636226111471209
3ogo,wt,A,142,E,0.5636226111471209
3ogo,predicted,A,143,F,0.5756377186836422
3ogo,wt,A,143,Y,0.4138995239943901
3ogo,predicted,A,144,S,0.27785612112709
3ogo,wt,A,144,N,0.11033712882381204
3ogo,predicted,A,145,Y,0.32655710850255854
3ogo,wt,A,145,Y,0.32655710850255854
3ogo,predicted,A,146,N,0.7361983301638739
3ogo,wt,A,146,N,0.7361983301638739
3ogo,predicted,A,147,S,0.7069288465734392
3ogo,wt,A,147,S,0.7069288465734392
3ogo,predicted,A,148,N,0.5562170347157317
3ogo,wt,A,148,H,0.28494645668771845
3ogo,predicted,A,149,H,0.5007768057304687
3ogo,wt,A,149,N,0.39513987044100185
3ogo,predicted,A,150,V,0.9808410539610719
3ogo,wt,A,150,V,0.9808410539610719
3ogo,predicted,A,151,F,0.580869519050161
3ogo,wt,A,151,Y,0.3128492870091654
3ogo,predicted,A,152,I,0.9160646794747613
3ogo,wt,A,152,I,0.9160646794747613
3ogo,predicted,A,153,E,0.8165445126673383
3ogo,wt,A,153,M,0.009489400909467831
3ogo,predicted,A,154,A,0.9927602701671835
3ogo,wt,A,154,A,0.9927602701671835
3ogo,predicted,A,155,D,0.6417565623816706
3ogo,wt,A,155,D,0.6417565623816706
3ogo,predicted,A,156,Y,0.5460145632985346
3ogo,wt,A,156,K,0.0984048909162782
3ogo,predicted,A,157,E,0.40470007235832317
3ogo,wt,A,157,Q,0.1799074143164704
3ogo,predicted,A,158,R,0.2695721250095769
3ogo,wt,A,158,K,0.2543836463310214
3ogo,predicted,A,159,N,0.906958187755193
3ogo,wt,A,159,N,0.906958187755193
3ogo,predicted,A,160,G,0.9795314628026333
3ogo,wt,A,160,G,0.9795314628026333
3ogo,predicted,A,161,I,0.9733854303646629
3ogo,wt,A,161,I,0.9733854303646629
3ogo,predicted,A,162,K,0.8572804949305789
3ogo,wt,A,162,K,0.8572804949305789
3ogo,predicted,A,163,V,0.9346642799004882
3ogo,wt,A,163,V,0.9346642799004882
3ogo,predicted,A,164,T,0.4667130343879446
3ogo,wt,A,164,N,0.11630547108506295
3ogo,predicted,A,165,F,0.7800134540236822
3ogo,wt,A,165,F,0.7800134540236822
3ogo,predicted,A,166,I,0.29369299265163423
3ogo,wt,A,166,K,0.2021636569338233
3ogo,predicted,A,167,V,0.8339986100926229
3ogo,wt,A,167,I,0.09602722434969087
3ogo,predicted,A,168,R,0.973983679621659
3ogo,wt,A,168,R,0.973983679621659
3ogo,predicted,A,169,H,0.573985052928978
3ogo,wt,A,169,H,0.573985052928978
3ogo,predicted,A,170,N,0.651005240721242
3ogo,wt,A,170,N,0.651005240721242
3ogo,predicted,A,171,I,0.5832066233113308
3ogo,wt,A,171,I,0.5832066233113308
3ogo,predicted,A,172,N,0.47690271916996596
3ogo,wt,A,172,E,0.20884690684683394
3ogo,predicted,A,173,D,0.9873593783561
3ogo,wt,A,173,D,0.9873593783561
3ogo,predicted,A,174,G,0.9999996529903276
3ogo,wt,A,174,G,0.9999996529903276
3ogo,predicted,A,175,S,0.967258676860955
3ogo,wt,A,175,S,0.967258676860955
3ogo,predicted,A,176,T,0.7007036044231647
3ogo,wt,A,176,V,0.13254748878583214
3ogo,predicted,A,177,Q,0.5855026474739474
3ogo,wt,A,177,Q,0.5855026474739474
3ogo,predicted,A,178,L,0.9702798051515774
3ogo,wt,A,178,L,0.9702798051515774
3ogo,predicted,A,179,A,0.9817477132135424
3ogo,wt,A,179,A,0.9817477132135424
3ogo,predicted,A,180,D,0.9970920236651115
3ogo,wt,A,180,D,0.9970920236651115
3ogo,predicted,A,181,H,0.9645403417556843
3ogo,wt,A,181,H,0.9645403417556843
3ogo,predicted,A,182,Y,0.5630836225659256
3ogo,wt,A,182,Y,0.5630836225659256
3ogo,predicted,A,183,T,0.39056487027787834
3ogo,wt,A,183,Q,0.23169486905288017
3ogo,predicted,A,184,L,0.6508459434235218
3ogo,wt,A,184,Q,0.22394863296492554
3ogo,predicted,A,185,S,0.47666646101574256
3ogo,wt,A,185,N,0.08096820136410453
3ogo,predicted,A,186,V,0.5408762429819444
3ogo,wt,A,186,T,0.4550652039539603
3ogo,predicted,A,187,P,0.999869250189802
3ogo,wt,A,187,P,0.999869250189802
3ogo,predicted,A,188,I,0.9597577546443836
3ogo,wt,A,188,I,0.9597577546443836
3ogo,predicted,A,189,G,0.9999987776882525
3ogo,wt,A,189,G,0.9999987776882525
3ogo,predicted,A,190,T,0.36678455890518186
3ogo,wt,A,190,D,0.29979635137918825
3ogo,predicted,A,191,G,0.5596315759087086
3ogo,wt,A,191,G,0.5596315759087086
3ogo,predicted,A,192,P,0.9999879971972163
3ogo,wt,A,192,P,0.9999879971972163
3ogo,predicted,A,193,V,0.9975553585032051
3ogo,wt,A,193,V,0.9975553585032051
3ogo,predicted,A,194,K,0.5629290887140764
3ogo,wt,A,194,L,0.08447855226091487
3ogo,predicted,A,195,L,0.9997973039902401
3ogo,wt,A,195,L,0.9997973039902401
3ogo,predicted,A,196,P,0.9999988815331261
3ogo,wt,A,196,P,0.9999988815331261
3ogo,predicted,A,197,D,0.39200150638484327
3ogo,wt,A,197,D,0.39200150638484327
3ogo,predicted,A,198,N,0.5797510591609901
3ogo,wt,A,198,N,0.5797510591609901
3ogo,predicted,A,199,H,0.9986990076701584
3ogo,wt,A,199,H,0.9986990076701584
3ogo,predicted,A,200,Y,0.6881367856088656
3ogo,wt,A,200,Y,0.6881367856088656
3ogo,predicted,A,201,L,0.9999960183950848
3ogo,wt,A,201,L,0.9999960183950848
3ogo,predicted,A,202,S,0.4526541857029583
3ogo,wt,A,202,S,0.4526541857029583
3ogo,predicted,A,203,T,0.9985503934078911
3ogo,wt,A,203,T,0.9985503934078911
3ogo,predicted,A,204,S,0.6190316080243771
3ogo,wt,A,204,Q,0.040810496990267765
3ogo,predicted,A,205,A,0.9502234313598885
3ogo,wt,A,205,S,0.04817460559639961
3ogo,predicted,A,206,S,0.8209232894451522
3ogo,wt,A,206,A,0.03698911492766141
3ogo,predicted,A,207,L,0.9999871900143341
3ogo,wt,A,207,L,0.9999871900143341
3ogo,predicted,A,208,S,0.9930417380052409
3ogo,wt,A,208,S,0.9930417380052409
3ogo,predicted,A,209,K,0.772986248743044
3ogo,wt,A,209,K,0.772986248743044
3ogo,predicted,A,210,D,0.9871002752820627
3ogo,wt,A,210,D,0.9871002752820627
3ogo,predicted,A,211,P,0.9234111267822188
3ogo,wt,A,211,P,0.9234111267822188
3ogo,predicted,A,212,E,0.36346302631419736
3ogo,wt,A,212,N,0.17455419133759464
3ogo,predicted,A,213,E,0.9992297754792729
3ogo,wt,A,213,E,0.9992297754792729
3ogo,predicted,A,214,K,0.382427579900497
3ogo,wt,A,214,K,0.382427579900497
3ogo,predicted,A,215,R,0.9744477973233092
3ogo,wt,A,215,R,0.9744477973233092
3ogo,predicted,A,216,D,0.9969452528561709
3ogo,wt,A,216,D,0.9969452528561709
3ogo,predicted,A,217,H,0.980498848733872
3ogo,wt,A,217,H,0.980498848733872
3ogo,predicted,A,218,M,0.9725627094400231
3ogo,wt,A,218,M,0.9725627094400231
3ogo,predicted,A,219,N,0.5577924837821241
3ogo,wt,A,219,V,0.09787050402365688
3ogo,predicted,A,220,L,0.9972433064759901
3ogo,wt,A,220,L,0.9972433064759901
3ogo,predicted,A,221,L,0.5383202619227566
3ogo,wt,A,221,L,0.5383202619227566
3ogo,predicted,A,222,Q,0.8227721275332626
3ogo,wt,A,222,E,0.1484214230340291
3ogo,predicted,A,223,H,0.6742322190516653
3ogo,wt,A,223,F,0.14140949056001217
3ogo,predicted,A,224,C,0.23128906395838267
3ogo,wt,A,224,V,0.195085083504097
3ogo,predicted,A,225,T,0.5160535630380373
3ogo,wt,A,225,T,0.5160535630380373
3ogo,predicted,A,226,A,0.9983717613552608
3ogo,wt,A,226,A,0.9983717613552608
3ogo,predicted,A,227,A,0.8445711350698587
3ogo,wt,A,227,A,0.8445711350698587
3ogo,predicted,A,228,A,0.7608144185677544
3ogo,wt,A,228,G,0.029594620328998577
3ogo,predicted,A,229,I,0.47718838609158265
3ogo,wt,A,229,I,0.47718838609158265
3ogo,predicted,A,230,I,0.41936393789440185
3ogo,wt,A,230,T,0.04413864161412548
3ogo,predicted,A,231,T,0.33719862178813065
3ogo,wt,A,231,L,0.09493447077951452
3ogo,predicted,A,232,G,0.9999165442359467
3ogo,wt,A,232,G,0.9999165442359467
3ogo,predicted,A,233,S,0.28055829947210836
3ogo,wt,A,233,M,0.030745530217865677
3ogo,predicted,A,234,L,0.2212815601738424
3ogo,wt,A,234,D,0.09260558670418317
3ogo,predicted,A,235,L,0.4610193295332133
3ogo,wt,A,235,E,0.03431207060942639
3ogo,predicted,B,3,K,0.49215967431228735
3ogo,wt,B,3,K,0.49215967431228735
3ogo,predicted,B,4,G,0.9964878521271411
3ogo,wt,B,4,G,0.9964878521271411
3ogo,predicted,B,5,E,0.3043725055239623
3ogo,wt,B,5,E,0.3043725055239623
3ogo,predicted,B,6,E,0.7088206612152019
3ogo,wt,B,6,E,0.7088206612152019
3ogo,predicted,B,7,L,0.9895974622425309
3ogo,wt,B,7,L,0.9895974622425309
3ogo,predicted,B,8,F,0.9994833738852131
3ogo,wt,B,8,F,0.9994833738852131
3ogo,predicted,B,9,T,0.18692208812591973
3ogo,wt,B,9,T,0.18692208812591973
3ogo,predicted,B,10,G,0.9999956068365661
3ogo,wt,B,10,G,0.9999956068365661
3ogo,predicted,B,11,V,0.7059158565819198
3ogo,wt,B,11,V,0.7059158565819198
3ogo,predicted,B,12,V,0.9971745181273496
3ogo,wt,B,12,V,0.9971745181273496
3ogo,predicted,B,13,P,0.9999998060574983
3ogo,wt,B,13,P,0.9999998060574983
3ogo,predicted,B,14,I,0.9965711254274284
3ogo,wt,B,14,I,0.9965711254274284
3ogo,predicted,B,15,L,0.4865236131635175
3ogo,wt,B,15,L,0.4865236131635175
3ogo,predicted,B,16,V,0.9719012567731179
3ogo,wt,B,16,V,0.9719012567731179
3ogo,predicted,B,17,E,0.7444549375020655
3ogo,wt,B,17,E,0.7444549375020655
3ogo,predicted,B,18,L,0.999957667572699
3ogo,wt,B,18,L,0.999957667572699
3ogo,predicted,B,19,D,0.840449024879658
3ogo,wt,B,19,D,0.840449024879658
3ogo,predicted,B,20,G,0.9999998341826716
3ogo,wt,B,20,G,0.9999998341826716
3ogo,predicted,B,21,D,0.6943507862200143
3ogo,wt,B,21,D,0.6943507862200143
3ogo,predicted,B,22,V,0.9242107336131458
3ogo,wt,B,22,V,0.9242107336131458
3ogo,predicted,B,23,N,0.5952122060920274
3ogo,wt,B,23,N,0.5952122060920274
3ogo,predicted,B,24,G,0.9999999999963037
3ogo,wt,B,24,G,0.9999999999963037
3ogo,predicted,B,25,H,0.40267544584125864
3ogo,wt,B,25,H,0.40267544584125864
3ogo,predicted,B,26,K,0.8796623427820172
3ogo,wt,B,26,K,0.8796623427820172
3ogo,predicted,B,27,F,0.9893826122582171
3ogo,wt,B,27,F,0.9893826122582171
3ogo,predicted,B,28,S,0.8091366589352237
3ogo,wt,B,28,S,0.8091366589352237
3ogo,predicted,B,29,V,0.9998663875855979
3ogo,wt,B,29,V,0.9998663875855979
3ogo,predicted,B,30,S,0.5764126564029711
3ogo,wt,B,30,S,0.5764126564029711
3ogo,predicted,B,31,G,0.9999999435859448
3ogo,wt,B,31,G,0.9999999435859448
3ogo,predicted,B,32,E,0.7037412126388638
3ogo,wt,B,32,E,0.7037412126388638
3ogo,predicted,B,33,G,0.9999999999999533
3ogo,wt,B,33,G,0.9999999999999533
3ogo,predicted,B,34,E,0.7963528870693164
3ogo,wt,B,34,E,0.7963528870693164
3ogo,predicted,B,35,G,0.9999999999535417
3ogo,wt,B,35,G,0.9999999999535417
3ogo,predicted,B,36,D,0.6802324235002127
3ogo,wt,B,36,D,0.6802324235002127
3ogo,predicted,B,37,A,0.9785835265936251
3ogo,wt,B,37,A,0.9785835265936251
3ogo,predicted,B,38,A,0.2601582784895064
3ogo,wt,B,38,T,0.06695524722955636
3ogo,predicted,B,39,Y,0.5045603120643506
3ogo,wt,B,39,Y,0.5045603120643506
3ogo,predicted,B,40,G,0.999999851787902
3ogo,wt,B,40,G,0.999999851787902
3ogo,predicted,B,41,K,0.9244289873724149
3ogo,wt,B,41,K,0.9244289873724149
3ogo,predicted,B,42,L,0.9997192635074478
3ogo,wt,B,42,L,0.9997192635074478
3ogo,predicted,B,43,S,0.4091425900684218
3ogo,wt,B,43,T,0.25614940530974556
3ogo,predicted,B,44,L,0.6836226898556229
3ogo,wt,B,44,L,0.6836226898556229
3ogo,predicted,B,45,K,0.9390604132732042
3ogo,wt,B,45,K,0.9390604132732042
3ogo,predicted,B,46,F,0.9832909804407172
3ogo,wt,B,46,F,0.9832909804407172
3ogo,predicted,B,47,I,0.990460710111385
3ogo,wt,B,47,I,0.990460710111385
3ogo,predicted,B,48,C,0.9069922034504471
3ogo,wt,B,48,C,0.9069922034504471
3ogo,predicted,B,49,T,0.96665673581865
3ogo,wt,B,49,T,0.96665673581865
3ogo,predicted,B,50,S,0.771065502233473
3ogo,wt,B,50,T,0.21583179789163043
3ogo,predicted,B,51,G,0.9999959346835876
3ogo,wt,B,51,G,0.9999959346835876
3ogo,predicted,B,52,K,0.30327457695880655
3ogo,wt,B,52,K,0.30327457695880655
3ogo,predicted,B,53,L,0.9466937875563367
3ogo,wt,B,53,L,0.9466937875563367
3ogo,predicted,B,54,P,0.9999999999646434
3ogo,wt,B,54,P,0.9999999999646434
3ogo,predicted,B,55,V,0.9999818044092849
3ogo,wt,B,55,V,0.9999818044092849
3ogo,predicted,B,56,P,0.9999060991241414
3ogo,wt,B,56,P,0.9999060991241414
3ogo,predicted,B,57,W,0.9945903192755234
3ogo,wt,B,57,W,0.9945903192755234
3ogo,predicted,B,58,P,0.9992713640975467
3ogo,wt,B,58,P,0.9992713640975467
3ogo,predicted,B,59,T,0.8304031117922245
3ogo,wt,B,59,T,0.8304031117922245
3ogo,predicted,B,60,L,0.9999987059913596
3ogo,wt,B,60,L,0.9999987059913596
3ogo,predicted,B,61,V,0.9517988409617194
3ogo,wt,B,61,V,0.9517988409617194
3ogo,predicted,B,62,S,0.4912316281211789
3ogo,wt,B,62,T,0.15746633598417883
3ogo,predicted,B,63,V,0.7054475590023007
3ogo,wt,B,63,T,0.27181562170122997
3ogo,predicted,B,64,L,0.9993692633702383
3ogo,wt,B,64,L,0.9993692633702383
3ogo,predicted,B,68,P,0.638561271707347
3ogo,wt,B,68,V,0.05851711172195584
3ogo,predicted,B,69,Q,0.7000573149009278
3ogo,wt,B,69,Q,0.7000573149009278
3ogo,predicted,B,70,C,0.9349659697469516
3ogo,wt,B,70,C,0.9349659697469516
3ogo,predicted,B,71,F,0.9934780732338511
3ogo,wt,B,71,F,0.9934780732338511
3ogo,predicted,B,72,A,0.9615611005485772
3ogo,wt,B,72,S,0.03583741550927814
3ogo,predicted,B,73,R,0.45652577834343094
3ogo,wt,B,73,R,0.45652577834343094
3ogo,predicted,B,74,Y,0.7541536916048021
3ogo,wt,B,74,Y,0.7541536916048021
3ogo,predicted,B,75,P,0.99999999807895
3ogo,wt,B,75,P,0.99999999807895
3ogo,predicted,B,76,D,0.47514068739035276
3ogo,wt,B,76,D,0.47514068739035276
3ogo,predicted,B,77,H,0.501497677114996
3ogo,wt,B,77,H,0.501497677114996
3ogo,predicted,B,78,M,0.9941084088561635
3ogo,wt,B,78,M,0.9941084088561635
3ogo,predicted,B,79,K,0.6611024189050544
3ogo,wt,B,79,K,0.6611024189050544
3ogo,predicted,B,80,E,0.5758045464505996
3ogo,wt,B,80,Q,0.0798714229010921
3ogo,predicted,B,81,H,0.997119436825446
3ogo,wt,B,81,H,0.997119436825446
3ogo,predicted,B,82,D,0.993502744177599
3ogo,wt,B,82,D,0.993502744177599
3ogo,predicted,B,83,F,0.9933830764770332
3ogo,wt,B,83,F,0.9933830764770332
3ogo,predicted,B,84,F,0.7832496974693957
3ogo,wt,B,84,F,0.7832496974693957
3ogo,predicted,B,85,K,0.8784189609591051
3ogo,wt,B,85,K,0.8784189609591051
3ogo,predicted,B,86,S,0.9996053595036195
3ogo,wt,B,86,S,0.9996053595036195
3ogo,predicted,B,87,A,0.958220682849613
3ogo,wt,B,87,A,0.958220682849613
3ogo,predicted,B,88,M,0.9535961057983574
3ogo,wt,B,88,M,0.9535961057983574
3ogo,predicted,B,89,P,0.9999999809657614
3ogo,wt,B,89,P,0.9999999809657614
3ogo,predicted,B,90,E,0.4834155990385334
3ogo,wt,B,90,E,0.4834155990385334
3ogo,predicted,B,91,G,0.9999999997089577
3ogo,wt,B,91,G,0.9999999997089577
3ogo,predicted,B,92,Y,0.9467170025942794
3ogo,wt,B,92,Y,0.9467170025942794
3ogo,predicted,B,93,V,0.9638585835918135
3ogo,wt,B,93,V,0.9638585835918135
3ogo,predicted,B,94,M,0.5547365343915928
3ogo,wt,B,94,Q,0.21302212686198316
3ogo,predicted,B,95,E,0.7627456689915922
3ogo,wt,B,95,E,0.7627456689915922
3ogo,predicted,B,96,K,0.7366434478990911
3ogo,wt,B,96,R,0.14908138042847094
3ogo,predicted,B,97,T,0.9584755924055813
3ogo,wt,B,97,T,0.9584755924055813
3ogo,predicted,B,98,I,0.9874486751031711
3ogo,wt,B,98,I,0.9874486751031711
3ogo,predicted,B,99,F,0.5704381035021916
3ogo,wt,B,99,F,0.5704381035021916
3ogo,predicted,B,100,F,0.9950084289604684
3ogo,wt,B,100,F,0.9950084289604684
3ogo,predicted,B,101,K,0.678152483577192
3ogo,wt,B,101,K,0.678152483577192
3ogo,predicted,B,102,D,0.451126903711255
3ogo,wt,B,102,D,0.451126903711255
3ogo,predicted,B,103,D,0.9995067768476559
3ogo,wt,B,103,D,0.9995067768476559
3ogo,predicted,B,104,G,0.9999999999659607
3ogo,wt,B,104,G,0.9999999999659607
3ogo,predicted,B,105,R,0.3085522868477851
3ogo,wt,B,105,N,0.1356295127331487
3ogo,predicted,B,106,F,0.8500037817799031
3ogo,wt,B,106,Y,0.14978995854653723
3ogo,predicted,B,107,R,0.7305882762259133
3ogo,wt,B,107,K,0.26683241312297595
3ogo,predicted,B,108,T,0.8970894712547816
3ogo,wt,B,108,T,0.8970894712547816
3ogo,predicted,B,109,R,0.9658736931808248
3ogo,wt,B,109,R,0.9658736931808248
3ogo,predicted,B,110,A,0.8827384164534672
3ogo,wt,B,110,A,0.8827384164534672
3ogo,predicted,B,111,E,0.9929810197633855
3ogo,wt,B,111,E,0.9929810197633855
3ogo,predicted,B,112,V,0.6204382876790806
3ogo,wt,B,112,V,0.6204382876790806
3ogo,predicted,B,113,K,0.9307705910139569
3ogo,wt,B,113,K,0.9307705910139569
3ogo,predicted,B,114,F,0.9906736447796606
3ogo,wt,B,114,F,0.9906736447796606
3ogo,predicted,B,115,E,0.9991157943110206
3ogo,wt,B,115,E,0.9991157943110206
3ogo,predicted,B,116,G,0.9999999496877994
3ogo,wt,B,116,G,0.9999999496877994
3ogo,predicted,B,117,D,0.26539875425648285
3ogo,wt,B,117,D,0.26539875425648285
3ogo,predicted,B,118,T,0.9558032748005227
3ogo,wt,B,118,T,0.9558032748005227
3ogo,predicted,B,119,L,0.9904628736737772
3ogo,wt,B,119,L,0.9904628736737772
3ogo,predicted,B,120,V,0.9968563407578932
3ogo,wt,B,120,V,0.9968563407578932
3ogo,predicted,B,121,N,0.75972702777439
3ogo,wt,B,121,N,0.75972702777439
3ogo,predicted,B,122,R,0.9774586109191917
3ogo,wt,B,122,R,0.9774586109191917
3ogo,predicted,B,123,I,0.663127984704772
3ogo,wt,B,123,I,0.663127984704772
3ogo,predicted,B,124,T,0.3291695542151695
3ogo,wt,B,124,E,0.07524534644674262
3ogo,predicted,B,125,L,0.9984100572769724
3ogo,wt,B,125,L,0.9984100572769724
3ogo,predicted,B,126,K,0.54768885314149
3ogo,wt,B,126,K,0.54768885314149
3ogo,predicted,B,127,G,0.9999996403441935
3ogo,wt,B,127,G,0.9999996403441935
3ogo,predicted,B,128,K,0.38025077024474047
3ogo,wt,B,128,I,0.003606519504154584
3ogo,predicted,B,129,N,0.5998528568912495
3ogo,wt,B,129,D,0.3298226032287355
3ogo,predicted,B,130,F,0.999608969262837
3ogo,wt,B,130,F,0.999608969262837
3ogo,predicted,B,131,K,0.5406571349916546
3ogo,wt,B,131,K,0.5406571349916546
3ogo,predicted,B,132,E,0.9788887229979076
3ogo,wt,B,132,E,0.9788887229979076
3ogo,predicted,B,133,D,0.6546507608900499
3ogo,wt,B,133,D,0.6546507608900499
3ogo,predicted,B,134,G,0.9999975928095095
3ogo,wt,B,134,G,0.9999975928095095
3ogo,predicted,B,135,N,0.9961381093135445
3ogo,wt,B,135,N,0.9961381093135445
3ogo,predicted,B,136,V,0.5695563541261163
3ogo,wt,B,136,I,0.426893318656667
3ogo,predicted,B,137,L,0.9915442487914112
3ogo,wt,B,137,L,0.9915442487914112
3ogo,predicted,B,138,G,0.9999958288613637
3ogo,wt,B,138,G,0.9999958288613637
3ogo,predicted,B,139,H,0.8430663722197086
3ogo,wt,B,139,H,0.8430663722197086
3ogo,predicted,B,140,K,0.748032318444861
3ogo,wt,B,140,K,0.748032318444861
3ogo,predicted,B,141,F,0.6773171053691572
3ogo,wt,B,141,L,0.12318433739633632
3ogo,predicted,B,142,E,0.9957549038595284
3ogo,wt,B,142,E,0.9957549038595284
3ogo,predicted,B,143,F,0.8478420799638258
3ogo,wt,B,143,Y,0.1466784739647873
3ogo,predicted,B,144,C,0.6545712178263767
3ogo,wt,B,144,N,0.09993185097420725
3ogo,predicted,B,145,Y,0.5947646841506237
3ogo,wt,B,145,Y,0.5947646841506237
3ogo,predicted,B,146,N,0.9150035279409391
3ogo,wt,B,146,N,0.9150035279409391
3ogo,predicted,B,147,S,0.6758736089246197
3ogo,wt,B,147,S,0.6758736089246197
3ogo,predicted,B,148,N,0.617050173808968
3ogo,wt,B,148,H,0.26529712396967425
3ogo,predicted,B,149,N,0.8243831968702291
3ogo,wt,B,149,N,0.8243831968702291
3ogo,predicted,B,150,V,0.9399711838571768
3ogo,wt,B,150,V,0.9399711838571768
3ogo,predicted,B,151,F,0.5384424094882245
3ogo,wt,B,151,Y,0.31511947866985185
3ogo,predicted,B,152,I,0.7306504527733969
3ogo,wt,B,152,I,0.7306504527733969
3ogo,predicted,B,153,E,0.9278420660509177
3ogo,wt,B,153,M,0.006253350273973173
3ogo,predicted,B,154,A,0.8311672191899375
3ogo,wt,B,154,A,0.8311672191899375
3ogo,predicted,B,155,N,0.541914907700198
3ogo,wt,B,155,D,0.39581524987672245
3ogo,predicted,B,156,E,0.4900904834947288
3ogo,wt,B,156,K,0.23732543395883174
3ogo,predicted,B,157,R,0.4759394988599805
3ogo,wt,B,157,Q,0.04502173330780646
3ogo,predicted,B,158,R,0.9891265499252726
3ogo,wt,B,158,K,0.01005864095874087
3ogo,predicted,B,159,N,0.8010986052148007
3ogo,wt,B,159,N,0.8010986052148007
3ogo,predicted,B,160,G,0.9970219437318878
3ogo,wt,B,160,G,0.9970219437318878
3ogo,predicted,B,161,I,0.9771332428508636
3ogo,wt,B,161,I,0.9771332428508636
3ogo,predicted,B,162,K,0.3779149272538491
3ogo,wt,B,162,K,0.3779149272538491
3ogo,predicted,B,163,V,0.9800749620401104
3ogo,wt,B,163,V,0.9800749620401104
3ogo,predicted,B,164,A,0.46000599188164903
3ogo,wt,B,164,N,0.03971393060311761
3ogo,predicted,B,165,F,0.5447222150314248
3ogo,wt,B,165,F,0.5447222150314248
3ogo,predicted,B,166,K,0.9654383167371736
3ogo,wt,B,166,K,0.9654383167371736
3ogo,predicted,B,167,V,0.7246274283194479
3ogo,wt,B,167,I,0.1265575471629039
3ogo,predicted,B,168,R,0.9249604714790808
3ogo,wt,B,168,R,0.9249604714790808
3ogo,predicted,B,169,H,0.9453741887690286
3ogo,wt,B,169,H,0.9453741887690286
3ogo,predicted,B,170,H,0.3357806206742629
3ogo,wt,B,170,N,0.09182862186803192
3ogo,predicted,B,171,V,0.80854280861917
3ogo,wt,B,171,I,0.19087858057386084
3ogo,predicted,B,172,E,0.4462730472262904
3ogo,wt,B,172,E,0.4462730472262904
3ogo,predicted,B,173,D,0.665750158592873
3ogo,wt,B,173,D,0.665750158592873
3ogo,predicted,B,174,G,0.9999996704786613
3ogo,wt,B,174,G,0.9999996704786613
3ogo,predicted,B,175,S,0.9606299410347089
3ogo,wt,B,175,S,0.9606299410347089
3ogo,predicted,B,176,I,0.5295177455177859
3ogo,wt,B,176,V,0.16549151057165876
3ogo,predicted,B,177,Q,0.3505288557550659
3ogo,wt,B,177,Q,0.3505288557550659
3ogo,predicted,B,178,L,0.7301309052959607
3ogo,wt,B,178,L,0.7301309052959607
3ogo,predicted,B,179,A,0.9919615576187196
3ogo,wt,B,179,A,0.9919615576187196
3ogo,predicted,B,180,D,0.7727020344913589
3ogo,wt,B,180,D,0.7727020344913589
3ogo,predicted,B,181,V,0.39977130289456025
3ogo,wt,B,181,H,0.3159871621496344
3ogo,predicted,B,182,Y,0.9490695774913988
3ogo,wt,B,182,Y,0.9490695774913988
3ogo,predicted,B,183,E,0.34062370567786027
3ogo,wt,B,183,Q,0.29355338170839396
3ogo,predicted,B,184,Q,0.6231426328062794
3ogo,wt,B,184,Q,0.6231426328062794
3ogo,predicted,B,185,D,0.6006352320625336
3ogo,wt,B,185,N,0.1944157748673813
3ogo,predicted,B,186,V,0.5400976367322226
3ogo,wt,B,186,T,0.29777213241134454
3ogo,predicted,B,187,P,0.9939961526089774
3ogo,wt,B,187,P,0.9939961526089774
3ogo,predicted,B,188,I,0.9903146455872305
3ogo,wt,B,188,I,0.9903146455872305
3ogo,predicted,B,189,G,0.9999970536928329
3ogo,wt,B,189,G,0.9999970536928329
3ogo,predicted,B,190,D,0.30163609275055353
3ogo,wt,B,190,D,0.30163609275055353
3ogo,predicted,B,191,A,0.636706897157843
3ogo,wt,B,191,G,0.34604839092767875
3ogo,predicted,B,192,P,0.9999966329899749
3ogo,wt,B,192,P,0.9999966329899749
3ogo,predicted,B,193,V,0.9997014888097725
3ogo,wt,B,193,V,0.9997014888097725
3ogo,predicted,B,194,L,0.4696046758633961
3ogo,wt,B,194,L,0.4696046758633961
3ogo,predicted,B,195,L,0.9998711666883149
3ogo,wt,B,195,L,0.9998711666883149
3ogo,predicted,B,196,P,0.9999992948020212
3ogo,wt,B,196,P,0.9999992948020212
3ogo,predicted,B,197,S,0.5548892970186484
3ogo,wt,B,197,D,0.2788464484381326
3ogo,predicted,B,198,N,0.5891335360686433
3ogo,wt,B,198,N,0.5891335360686433
3ogo,predicted,B,199,H,0.9842514590260655
3ogo,wt,B,199,H,0.9842514590260655
3ogo,predicted,B,200,Y,0.8385522856617813
3ogo,wt,B,200,Y,0.8385522856617813
3ogo,predicted,B,201,L,0.9999955487416297
3ogo,wt,B,201,L,0.9999955487416297
3ogo,predicted,B,202,S,0.4225203820204171
3ogo,wt,B,202,S,0.4225203820204171
3ogo,predicted,B,203,T,0.9805708783136726
3ogo,wt,B,203,T,0.9805708783136726
3ogo,predicted,B,204,S,0.361331760724141
3ogo,wt,B,204,Q,0.09574515705428481
3ogo,predicted,B,205,A,0.8332366468395754
3ogo,wt,B,205,S,0.16255843711414944
3ogo,predicted,B,206,A,0.9570142051607643
3ogo,wt,B,206,A,0.9570142051607643
3ogo,predicted,B,207,L,0.9999524300807558
3ogo,wt,B,207,L,0.9999524300807558
3ogo,predicted,B,208,S,0.9902055770510042
3ogo,wt,B,208,S,0.9902055770510042
3ogo,predicted,B,209,K,0.9245228245375797
3ogo,wt,B,209,K,0.9245228245375797
3ogo,predicted,B,210,D,0.9875680861584663
3ogo,wt,B,210,D,0.9875680861584663
3ogo,predicted,B,211,P,0.9974848753021549
3ogo,wt,B,211,P,0.9974848753021549
3ogo,predicted,B,212,N,0.7088633702799122
3ogo,wt,B,212,N,0.7088633702799122
3ogo,predicted,B,213,E,0.99864920874395
3ogo,wt,B,213,E,0.99864920874395
3ogo,predicted,B,214,E,0.22754045743794948
3ogo,wt,B,214,K,0.09651045662854162
3ogo,predicted,B,215,R,0.943719031446606
3ogo,wt,B,215,R,0.943719031446606
3ogo,predicted,B,216,D,0.974094350813323
3ogo,wt,B,216,D,0.974094350813323
3ogo,predicted,B,217,H,0.9903823521364895
3ogo,wt,B,217,H,0.9903823521364895
3ogo,predicted,B,218,M,0.9895744648918935
3ogo,wt,B,218,M,0.9895744648918935
3ogo,predicted,B,219,D,0.3993753285046209
3ogo,wt,B,219,V,0.16166923388151763
3ogo,predicted,B,220,L,0.9990450388321565
3ogo,wt,B,220,L,0.9990450388321565
3ogo,predicted,B,221,L,0.7258726704528486
3ogo,wt,B,221,L,0.7258726704528486
3ogo,predicted,B,222,E,0.8469731812892803
3ogo,wt,B,222,E,0.8469731812892803
3ogo,predicted,B,223,F,0.7450362863683225
3ogo,wt,B,223,F,0.7450362863683225
3ogo,predicted,B,224,V,0.7073213528664395
3ogo,wt,B,224,V,0.7073213528664395
3ogo,predicted,B,225,T,0.6788778807200698
3ogo,wt,B,225,T,0.6788778807200698
3ogo,predicted,B,226,A,0.9987410778066308
3ogo,wt,B,226,A,0.9987410778066308
3ogo,predicted,B,227,A,0.9302021483838846
3ogo,wt,B,227,A,0.9302021483838846
3ogo,predicted,B,228,G,0.9999999045999216
3ogo,wt,B,228,G,0.9999999045999216
3ogo,predicted,B,229,L,0.6171198031568903
3ogo,wt,B,229,I,0.1347600555446556
3ogo,predicted,C,2,S,0.8656083488454628
3ogo,wt,C,2,S,0.8656083488454628
3ogo,predicted,C,3,K,0.2856441512915927
3ogo,wt,C,3,K,0.2856441512915927
3ogo,predicted,C,4,G,0.9926530532031698
3ogo,wt,C,4,G,0.9926530532031698
3ogo,predicted,C,5,E,0.6525302156275011
3ogo,wt,C,5,E,0.6525302156275011
3ogo,predicted,C,6,K,0.5737656795082025
3ogo,wt,C,6,E,0.0054337153260763825
3ogo,predicted,C,7,L,0.9996331944562128
3ogo,wt,C,7,L,0.9996331944562128
3ogo,predicted,C,8,F,0.9998526231367401
3ogo,wt,C,8,F,0.9998526231367401
3ogo,predicted,C,9,S,0.3376195981850445
3ogo,wt,C,9,T,0.2368137681355805
3ogo,predicted,C,10,G,0.9999829781042812
3ogo,wt,C,10,G,0.9999829781042812
3ogo,predicted,C,11,V,0.7629670501972088
3ogo,wt,C,11,V,0.7629670501972088
3ogo,predicted,C,12,V,0.9553652109944171
3ogo,wt,C,12,V,0.9553652109944171
3ogo,predicted,C,13,P,0.9999990852514894
3ogo,wt,C,13,P,0.9999990852514894
3ogo,predicted,C,14,I,0.9422727130452305
3ogo,wt,C,14,I,0.9422727130452305
3ogo,predicted,C,15,L,0.29944156863000176
3ogo,wt,C,15,L,0.29944156863000176
3ogo,predicted,C,16,V,0.9238329146252378
3ogo,wt,C,16,V,0.9238329146252378
3ogo,predicted,C,17,E,0.6490247235528331
3ogo,wt,C,17,E,0.6490247235528331
3ogo,predicted,C,18,L,0.9999960681955627
3ogo,wt,C,18,L,0.9999960681955627
3ogo,predicted,C,19,N,0.4481512874964815
3ogo,wt,C,19,D,0.03492221740171777
3ogo,predicted,C,20,G,0.99999995756182
3ogo,wt,C,20,G,0.99999995756182
3ogo,predicted,C,21,D,0.6687933919741962
3ogo,wt,C,21,D,0.6687933919741962
3ogo,predicted,C,22,V,0.9867802257667512
3ogo,wt,C,22,V,0.9867802257667512
3ogo,predicted,C,23,N,0.773831765020474
3ogo,wt,C,23,N,0.773831765020474
3ogo,predicted,C,24,G,0.9999999997916058
3ogo,wt,C,24,G,0.9999999997916058
3ogo,predicted,C,25,Y,0.5875693306385864
3ogo,wt,C,25,H,0.2542847708489245
3ogo,predicted,C,26,K,0.715470511822576
3ogo,wt,C,26,K,0.715470511822576
3ogo,predicted,C,27,F,0.9990125672610985
3ogo,wt,C,27,F,0.9990125672610985
3ogo,predicted,C,28,S,0.7464216542153829
3ogo,wt,C,28,S,0.7464216542153829
3ogo,predicted,C,29,V,0.999826688515883
3ogo,wt,C,29,V,0.999826688515883
3ogo,predicted,C,30,S,0.7814417863403165
3ogo,wt,C,30,S,0.7814417863403165
3ogo,predicted,C,31,G,0.9999999311620815
3ogo,wt,C,31,G,0.9999999311620815
3ogo,predicted,C,32,E,0.28615470062835857
3ogo,wt,C,32,E,0.28615470062835857
3ogo,predicted,C,33,G,0.9999999998702517
3ogo,wt,C,33,G,0.9999999998702517
3ogo,predicted,C,34,E,0.7048033387525582
3ogo,wt,C,34,E,0.7048033387525582
3ogo,predicted,C,35,G,0.9999999826796734
3ogo,wt,C,35,G,0.9999999826796734
3ogo,predicted,C,36,D,0.955736960334204
3ogo,wt,C,36,D,0.955736960334204
3ogo,predicted,C,37,A,0.9120258379109
3ogo,wt,C,37,A,0.9120258379109
3ogo,predicted,C,38,N,0.515766474146621
3ogo,wt,C,38,T,0.02931660232855518
3ogo,predicted,C,39,Y,0.3802060265362715
3ogo,wt,C,39,Y,0.3802060265362715
3ogo,predicted,C,40,G,0.9999999629968529
3ogo,wt,C,40,G,0.9999999629968529
3ogo,predicted,C,41,K,0.9064716989687785
3ogo,wt,C,41,K,0.9064716989687785
3ogo,predicted,C,42,L,0.9995862446241297
3ogo,wt,C,42,L,0.9995862446241297
3ogo,predicted,C,43,V,0.41088778830409495
3ogo,wt,C,43,T,0.16670435078626314
3ogo,predicted,C,44,L,0.9860359288466505
3ogo,wt,C,44,L,0.9860359288466505
3ogo,predicted,C,45,K,0.9547451829308052
3ogo,wt,C,45,K,0.9547451829308052
3ogo,predicted,C,46,F,0.9823896034229342
3ogo,wt,C,46,F,0.9823896034229342
3ogo,predicted,C,47,I,0.996794267579984
3ogo,wt,C,47,I,0.996794267579984
3ogo,predicted,C,48,C,0.95407635710586
3ogo,wt,C,48,C,0.95407635710586
3ogo,predicted,C,49,T,0.987888234726021
3ogo,wt,C,49,T,0.987888234726021
3ogo,predicted,C,50,T,0.6069591003747581
3ogo,wt,C,50,T,0.6069591003747581
3ogo,predicted,C,51,G,0.9999996820349414
3ogo,wt,C,51,G,0.9999996820349414
3ogo,predicted,C,52,K,0.8621750444908945
3ogo,wt,C,52,K,0.8621750444908945
3ogo,predicted,C,53,L,0.9941780584475471
3ogo,wt,C,53,L,0.9941780584475471
3ogo,predicted,C,54,P,0.9999999995989053
3ogo,wt,C,54,P,0.9999999995989053
3ogo,predicted,C,55,V,0.9999838911469502
3ogo,wt,C,55,V,0.9999838911469502
3ogo,predicted,C,56,P,0.9999860507538605
3ogo,wt,C,56,P,0.9999860507538605
3ogo,predicted,C,57,W,0.999989183215901
3ogo,wt,C,57,W,0.999989183215901
3ogo,predicted,C,58,P,0.999754762907501
3ogo,wt,C,58,P,0.999754762907501
3ogo,predicted,C,59,T,0.9821678330179466
3ogo,wt,C,59,T,0.9821678330179466
3ogo,predicted,C,60,L,0.999998039057381
3ogo,wt,C,60,L,0.999998039057381
3ogo,predicted,C,61,V,0.9805627401481608
3ogo,wt,C,61,V,0.9805627401481608
3ogo,predicted,C,62,S,0.5221964131524041
3ogo,wt,C,62,T,0.2082109674203524
3ogo,predicted,C,63,V,0.5008883384199008
3ogo,wt,C,63,T,0.494213439107595
3ogo,predicted,C,64,L,0.9992869310952935
3ogo,wt,C,64,L,0.9992869310952935
3ogo,predicted,C,68,P,0.3440910085178839
3ogo,wt,C,68,V,0.12615086872280917
3ogo,predicted,C,69,Q,0.3684762754728159
3ogo,wt,C,69,Q,0.3684762754728159
3ogo,predicted,C,70,C,0.935080706842168
3ogo,wt,C,70,C,0.935080706842168
3ogo,predicted,C,71,F,0.986118594392782
3ogo,wt,C,71,F,0.986118594392782
3ogo,predicted,C,72,A,0.9837487607521874
3ogo,wt,C,72,S,0.013843064552780402
3ogo,predicted,C,73,R,0.6985877915353532
3ogo,wt,C,73,R,0.6985877915353532
3ogo,predicted,C,74,Y,0.7847165162818416
3ogo,wt,C,74,Y,0.7847165162818416
3ogo,predicted,C,75,P,0.9999999995210486
3ogo,wt,C,75,P,0.9999999995210486
3ogo,predicted,C,76,D,0.7046454511041985
3ogo,wt,C,76,D,0.7046454511041985
3ogo,predicted,C,77,H,0.9756490000537498
3ogo,wt,C,77,H,0.9756490000537498
3ogo,predicted,C,78,M,0.9964942290766983
3ogo,wt,C,78,M,0.9964942290766983
3ogo,predicted,C,79,K,0.5868182667304633
3ogo,wt,C,79,K,0.5868182667304633
3ogo,predicted,C,80,N,0.4405794629058188
3ogo,wt,C,80,Q,0.026614592766246937
3ogo,predicted,C,81,H,0.9741214806544526
3ogo,wt,C,81,H,0.9741214806544526
3ogo,predicted,C,82,D,0.9989503515894453
3ogo,wt,C,82,D,0.9989503515894453
3ogo,predicted,C,83,F,0.9939276534085876
3ogo,wt,C,83,F,0.9939276534085876
3ogo,predicted,C,84,F,0.7899641474069915
3ogo,wt,C,84,F,0.7899641474069915
3ogo,predicted,C,85,K,0.6705685570858906
3ogo,wt,C,85,K,0.6705685570858906
3ogo,predicted,C,86,S,0.9893488144996913
3ogo,wt,C,86,S,0.9893488144996913
3ogo,predicted,C,87,A,0.9262172304988714
3ogo,wt,C,87,A,0.9262172304988714
3ogo,predicted,C,88,M,0.9206965276158771
3ogo,wt,C,88,M,0.9206965276158771
3ogo,predicted,C,89,P,0.9999508627660164
3ogo,wt,C,89,P,0.9999508627660164
3ogo,predicted,C,90,E,0.7582728114913061
3ogo,wt,C,90,E,0.7582728114913061
3ogo,predicted,C,91,G,0.9999999999803908
3ogo,wt,C,91,G,0.9999999999803908
3ogo,predicted,C,92,Y,0.9496107570401527
3ogo,wt,C,92,Y,0.9496107570401527
3ogo,predicted,C,93,V,0.6208719408262541
3ogo,wt,C,93,V,0.6208719408262541
3ogo,predicted,C,94,K,0.3971284710227909
3ogo,wt,C,94,Q,0.22664012436561343
3ogo,predicted,C,95,E,0.8161276004210848
3ogo,wt,C,95,E,0.8161276004210848
3ogo,predicted,C,96,K,0.6037776399502032
3ogo,wt,C,96,R,0.3186385240239091
3ogo,predicted,C,97,T,0.32239726016684517
3ogo,wt,C,97,T,0.32239726016684517
3ogo,predicted,C,98,I,0.9901084664418819
3ogo,wt,C,98,I,0.9901084664418819
3ogo,predicted,C,99,F,0.3464013564602651
3ogo,wt,C,99,F,0.3464013564602651
3ogo,predicted,C,100,F,0.9977582181894551
3ogo,wt,C,100,F,0.9977582181894551
3ogo,predicted,C,101,K,0.7280761189505927
3ogo,wt,C,101,K,0.7280761189505927
3ogo,predicted,C,102,N,0.508313520494802
3ogo,wt,C,102,D,0.4690886631410291
3ogo,predicted,C,103,D,0.9994663237210188
3ogo,wt,C,103,D,0.9994663237210188
3ogo,predicted,C,104,G,0.9999999999893743
3ogo,wt,C,104,G,0.9999999999893743
3ogo,predicted,C,105,L,0.4032334390846712
3ogo,wt,C,105,N,0.05697801759134093
3ogo,predicted,C,106,F,0.9599186599077173
3ogo,wt,C,106,Y,0.039434067414089814
3ogo,predicted,C,107,R,0.7063892579187998
3ogo,wt,C,107,K,0.2889365371467632
3ogo,predicted,C,108,T,0.8230127492377394
3ogo,wt,C,108,T,0.8230127492377394
3ogo,predicted,C,109,R,0.998589222293603
3ogo,wt,C,109,R,0.998589222293603
3ogo,predicted,C,110,A,0.6429313617557243
3ogo,wt,C,110,A,0.6429313617557243
3ogo,predicted,C,111,E,0.9967107936305494
3ogo,wt,C,111,E,0.9967107936305494
3ogo,predicted,C,112,I,0.5836862929734806
3ogo,wt,C,112,V,0.4081110910779803
3ogo,predicted,C,113,K,0.956049438491572
3ogo,wt,C,113,K,0.956049438491572
3ogo,predicted,C,114,F,0.9901318320625482
3ogo,wt,C,114,F,0.9901318320625482
3ogo,predicted,C,115,E,0.999742764980462
3ogo,wt,C,115,E,0.999742764980462
3ogo,predicted,C,116,G,0.9999997612234214
3ogo,wt,C,116,G,0.9999997612234214
3ogo,predicted,C,117,K,0.2495984365732585
3ogo,wt,C,117,D,0.22253609688432607
3ogo,predicted,C,118,T,0.800879484686995
3ogo,wt,C,118,T,0.800879484686995
3ogo,predicted,C,119,L,0.7873527479701788
3ogo,wt,C,119,L,0.7873527479701788
3ogo,predicted,C,120,V,0.9957932229052897
3ogo,wt,C,120,V,0.9957932229052897
3ogo,predicted,C,121,N,0.5065239425406106
3ogo,wt,C,121,N,0.5065239425406106
3ogo,predicted,C,122,R,0.966141338293285
3ogo,wt,C,122,R,0.966141338293285
3ogo,predicted,C,123,V,0.5028310436459144
3ogo,wt,C,123,I,0.4867443680918651
3ogo,predicted,C,124,K,0.44624383345927515
3ogo,wt,C,124,E,0.1191906192836461
3ogo,predicted,C,125,L,0.9996652416392156
3ogo,wt,C,125,L,0.9996652416392156
3ogo,predicted,C,126,K,0.6147095753207742
3ogo,wt,C,126,K,0.6147095753207742
3ogo,predicted,C,127,G,0.9999989240378838
3ogo,wt,C,127,G,0.9999989240378838
3ogo,predicted,C,128,I,0.3452959941381679
3ogo,wt,C,128,I,0.3452959941381679
3ogo,predicted,C,129,D,0.9494025263480097
3ogo,wt,C,129,D,0.9494025263480097
3ogo,predicted,C,130,F,0.9997689377954657
3ogo,wt,C,130,F,0.9997689377954657
3ogo,predicted,C,131,Q,0.295849467037064
3ogo,wt,C,131,K,0.19377986197915084
3ogo,predicted,C,132,E,0.9417902588583704
3ogo,wt,C,132,E,0.9417902588583704
3ogo,predicted,C,133,D,0.8732856709516748
3ogo,wt,C,133,D,0.8732856709516748
3ogo,predicted,C,134,G,0.9999998392284883
3ogo,wt,C,134,G,0.9999998392284883
3ogo,predicted,C,135,N,0.9802941912795299
3ogo,wt,C,135,N,0.9802941912795299
3ogo,predicted,C,136,I,0.657278423236487
3ogo,wt,C,136,I,0.657278423236487
3ogo,predicted,C,137,L,0.8651623919574284
3ogo,wt,C,137,L,0.8651623919574284
3ogo,predicted,C,138,G,0.9999914197238641
3ogo,wt,C,138,G,0.9999914197238641
3ogo,predicted,C,139,H,0.44073224273464207
3ogo,wt,C,139,H,0.44073224273464207
3ogo,predicted,C,140,K,0.6493375963034654
3ogo,wt,C,140,K,0.6493375963034654
3ogo,predicted,C,141,F,0.5355748548420761
3ogo,wt,C,141,L,0.33892520051647845
3ogo,predicted,C,142,Q,0.37086561010964103
3ogo,wt,C,142,E,0.2486960575356393
3ogo,predicted,C,143,Y,0.5708509404305775
3ogo,wt,C,143,Y,0.5708509404305775
3ogo,predicted,C,144,D,0.28784769214894756
3ogo,wt,C,144,N,0.17192698544586982
3ogo,predicted,C,145,Y,0.5317309857221251
3ogo,wt,C,145,Y,0.5317309857221251
3ogo,predicted,C,146,N,0.9675615769594267
3ogo,wt,C,146,N,0.9675615769594267
3ogo,predicted,C,147,S,0.5221002631505726
3ogo,wt,C,147,S,0.5221002631505726
3ogo,predicted,C,148,H,0.4756108160189754
3ogo,wt,C,148,H,0.4756108160189754
3ogo,predicted,C,149,D,0.48140086006853444
3ogo,wt,C,149,N,0.2809896111240749
3ogo,predicted,C,150,V,0.9658782696613789
3ogo,wt,C,150,V,0.9658782696613789
3ogo,predicted,C,151,H,0.4808872593324822
3ogo,wt,C,151,Y,0.07842301727877021
3ogo,predicted,C,152,V,0.5293653587045895
3ogo,wt,C,152,I,0.469221492094744
3ogo,predicted,C,153,E,0.5790602250816718
3ogo,wt,C,153,M,0.02434857246611238
3ogo,predicted,C,154,A,0.9762093267963797
3ogo,wt,C,154,A,0.9762093267963797
3ogo,predicted,C,155,D,0.9802547623492286
3ogo,wt,C,155,D,0.9802547623492286
3ogo,predicted,C,156,E,0.22213921235081377
3ogo,wt,C,156,K,0.1991257758447301
3ogo,predicted,C,157,E,0.3684538889531252
3ogo,wt,C,157,Q,0.09898583475513045
3ogo,predicted,C,158,R,0.4991019706954846
3ogo,wt,C,158,K,0.48712954499417843
3ogo,predicted,C,159,N,0.8594831437168651
3ogo,wt,C,159,N,0.8594831437168651
3ogo,predicted,C,160,G,0.998554092103119
3ogo,wt,C,160,G,0.998554092103119
3ogo,predicted,C,161,I,0.9800298858002588
3ogo,wt,C,161,I,0.9800298858002588
3ogo,predicted,C,162,Q,0.39084721913677195
3ogo,wt,C,162,K,0.08060156863574618
3ogo,predicted,C,163,V,0.9883407510383347
3ogo,wt,C,163,V,0.9883407510383347
3ogo,predicted,C,164,N,0.3744782567611709
3ogo,wt,C,164,N,0.3744782567611709
3ogo,predicted,C,165,F,0.590243963763936
3ogo,wt,C,165,F,0.590243963763936
3ogo,predicted,C,166,Q,0.49733707719251347
3ogo,wt,C,166,K,0.38252956827123125
3ogo,predicted,C,167,V,0.6969108006080086
3ogo,wt,C,167,I,0.26004605425134436
3ogo,predicted,C,168,N,0.2861244028376084
3ogo,wt,C,168,R,0.06891318558504221
3ogo,predicted,C,169,H,0.7085005642434913
3ogo,wt,C,169,H,0.7085005642434913
3ogo,predicted,C,170,N,0.2726199945938354
3ogo,wt,C,170,N,0.2726199945938354
3ogo,predicted,C,171,I,0.8813683465282341
3ogo,wt,C,171,I,0.8813683465282341
3ogo,predicted,C,172,N,0.3979932493318484
3ogo,wt,C,172,E,0.15792181577880043
3ogo,predicted,C,173,D,0.9814854780669958
3ogo,wt,C,173,D,0.9814854780669958
3ogo,predicted,C,174,G,0.9999946405523453
3ogo,wt,C,174,G,0.9999946405523453
3ogo,predicted,C,175,S,0.7901680389351143
3ogo,wt,C,175,S,0.7901680389351143
3ogo,predicted,C,176,Q,0.6116303136575377
3ogo,wt,C,176,V,0.00274232911231681
3ogo,predicted,C,177,Q,0.32334555324234754
3ogo,wt,C,177,Q,0.32334555324234754
3ogo,predicted,C,178,L,0.3373346596363924
3ogo,wt,C,178,L,0.3373346596363924
3ogo,predicted,C,179,A,0.9471782127164244
3ogo,wt,C,179,A,0.9471782127164244
3ogo,predicted,C,180,D,0.8257065130408145
3ogo,wt,C,180,D,0.8257065130408145
3ogo,predicted,C,181,H,0.7381239434387186
3ogo,wt,C,181,H,0.7381239434387186
3ogo,predicted,C,182,Y,0.6372476077670438
3ogo,wt,C,182,Y,0.6372476077670438
3ogo,predicted,C,183,T,0.7595140338453256
3ogo,wt,C,183,Q,0.15962448537776824
3ogo,predicted,C,184,Q,0.6328232798764889
3ogo,wt,C,184,Q,0.6328232798764889
3ogo,predicted,C,185,D,0.8550673860229057
3ogo,wt,C,185,N,0.08158985626437666
3ogo,predicted,C,186,T,0.5470054833279306
3ogo,wt,C,186,T,0.5470054833279306
3ogo,predicted,C,187,P,0.9998465184450188
3ogo,wt,C,187,P,0.9998465184450188
3ogo,predicted,C,188,I,0.9853010793857025
3ogo,wt,C,188,I,0.9853010793857025
3ogo,predicted,C,189,G,0.9999999999993957
3ogo,wt,C,189,G,0.9999999999993957
3ogo,predicted,C,190,D,0.7576204333637769
3ogo,wt,C,190,D,0.7576204333637769
3ogo,predicted,C,191,G,0.6920134491001226
3ogo,wt,C,191,G,0.6920134491001226
3ogo,predicted,C,192,P,0.9999944852741486
3ogo,wt,C,192,P,0.9999944852741486
3ogo,predicted,C,193,V,0.9989283369499327
3ogo,wt,C,193,V,0.9989283369499327
3ogo,predicted,C,194,L,0.7137451895741337
3ogo,wt,C,194,L,0.7137451895741337
3ogo,predicted,C,195,L,0.999896064011938
3ogo,wt,C,195,L,0.999896064011938
3ogo,predicted,C,196,P,0.999999609327166
3ogo,wt,C,196,P,0.999999609327166
3ogo,predicted,C,197,D,0.41620916446109324
3ogo,wt,C,197,D,0.41620916446109324
3ogo,predicted,C,198,N,0.42264570770442206
3ogo,wt,C,198,N,0.42264570770442206
3ogo,predicted,C,199,H,0.9802635023676732
3ogo,wt,C,199,H,0.9802635023676732
3ogo,predicted,C,200,Y,0.8627181405484744
3ogo,wt,C,200,Y,0.8627181405484744
3ogo,predicted,C,201,L,0.9999982697334832
3ogo,wt,C,201,L,0.9999982697334832
3ogo,predicted,C,202,T,0.4169562819010572
3ogo,wt,C,202,S,0.35015401906820354
3ogo,predicted,C,203,T,0.9989335183427993
3ogo,wt,C,203,T,0.9989335183427993
3ogo,predicted,C,204,F,0.18028928411484577
3ogo,wt,C,204,Q,0.1327285944148127
3ogo,predicted,C,205,A,0.9497285036477005
3ogo,wt,C,205,S,0.04929966635312311
3ogo,predicted,C,206,F,0.3818528353336399
3ogo,wt,C,206,A,0.003433328810673072
3ogo,predicted,C,207,L,0.9999979521603862
3ogo,wt,C,207,L,0.9999979521603862
3ogo,predicted,C,208,S,0.9904442009119497
3ogo,wt,C,208,S,0.9904442009119497
3ogo,predicted,C,209,K,0.9310575778580631
3ogo,wt,C,209,K,0.9310575778580631
3ogo,predicted,C,210,D,0.9842193633464852
3ogo,wt,C,210,D,0.9842193633464852
3ogo,predicted,C,211,P,0.9959247077539869
3ogo,wt,C,211,P,0.9959247077539869
3ogo,predicted,C,212,N,0.5851477311201528
3ogo,wt,C,212,N,0.5851477311201528
3ogo,predicted,C,213,E,0.9993957381537637
3ogo,wt,C,213,E,0.9993957381537637
3ogo,predicted,C,214,E,0.38468773301906417
3ogo,wt,C,214,K,0.0988363826801411
3ogo,predicted,C,215,R,0.7827972306768546
3ogo,wt,C,215,R,0.7827972306768546
3ogo,predicted,C,216,D,0.999150413715557
3ogo,wt,C,216,D,0.999150413715557
3ogo,predicted,C,217,H,0.9789858044135823
3ogo,wt,C,217,H,0.9789858044135823
3ogo,predicted,C,218,M,0.9989051953551967
3ogo,wt,C,218,M,0.9989051953551967
3ogo,predicted,C,219,V,0.5694698139169598
3ogo,wt,C,219,V,0.5694698139169598
3ogo,predicted,C,220,L,0.9998874960017936
3ogo,wt,C,220,L,0.9998874960017936
3ogo,predicted,C,221,L,0.8800706664289962
3ogo,wt,C,221,L,0.8800706664289962
3ogo,predicted,C,222,Q,0.5202980999828024
3ogo,wt,C,222,E,0.0654410716192121
3ogo,predicted,C,223,Y,0.5005649894639618
3ogo,wt,C,223,F,0.4809471956961944
3ogo,predicted,C,224,A,0.5844630290595325
3ogo,wt,C,224,V,0.2202486251901723
3ogo,predicted,C,225,T,0.45162391406846
3ogo,wt,C,225,T,0.45162391406846
3ogo,predicted,C,226,A,0.9974343122233261
3ogo,wt,C,226,A,0.9974343122233261
3ogo,predicted,C,227,A,0.7389794540970093
3ogo,wt,C,227,A,0.7389794540970093
3ogo,predicted,C,228,G,0.9999999974906212
3ogo,wt,C,228,G,0.9999999974906212
3ogo,predicted,C,229,I,0.5065705025016426
3ogo,wt,C,229,I,0.5065705025016426
3ogo,predicted,C,230,S,0.28429869887115267
3ogo,wt,C,230,T,0.10822745102085647
3ogo,predicted,C,231,L,0.3298013153051503
3ogo,wt,C,231,L,0.3298013153051503
3ogo,predicted,D,3,K,0.27727729320803607
3ogo,wt,D,3,K,0.27727729320803607
3ogo,predicted,D,4,A,0.9508011528564996
3ogo,wt,D,4,G,0.01932228602811988
3ogo,predicted,D,5,E,0.8168131785845588
3ogo,wt,D,5,E,0.8168131785845588
3ogo,predicted,D,6,S,0.7370662142274528
3ogo,wt,D,6,E,0.016396306608907656
3ogo,predicted,D,7,L,0.9806891742733158
3ogo,wt,D,7,L,0.9806891742733158
3ogo,predicted,D,8,F,0.9998592957638083
3ogo,wt,D,8,F,0.9998592957638083
3ogo,predicted,D,9,T,0.47597537877535157
3ogo,wt,D,9,T,0.47597537877535157
3ogo,predicted,D,10,G,0.9999929888148796
3ogo,wt,D,10,G,0.9999929888148796
3ogo,predicted,D,11,V,0.788296369949722
3ogo,wt,D,11,V,0.788296369949722
3ogo,predicted,D,12,V,0.9989835933344394
3ogo,wt,D,12,V,0.9989835933344394
3ogo,predicted,D,13,P,0.9999994721545691
3ogo,wt,D,13,P,0.9999994721545691
3ogo,predicted,D,14,I,0.999310976043487
3ogo,wt,D,14,I,0.999310976043487
3ogo,predicted,D,15,Q,0.31518772395303507
3ogo,wt,D,15,L,0.15965234051638771
3ogo,predicted,D,16,V,0.9450767169587097
3ogo,wt,D,16,V,0.9450767169587097
3ogo,predicted,D,17,H,0.5936283105495864
3ogo,wt,D,17,E,0.18977968804112877
3ogo,predicted,D,18,L,0.999980567107052
3ogo,wt,D,18,L,0.999980567107052
3ogo,predicted,D,19,N,0.335680553878069
3ogo,wt,D,19,D,0.31354593851888246
3ogo,predicted,D,20,G,0.9999999742460409
3ogo,wt,D,20,G,0.9999999742460409
3ogo,predicted,D,21,D,0.9208306199404707
3ogo,wt,D,21,D,0.9208306199404707
3ogo,predicted,D,22,V,0.9992242098111909
3ogo,wt,D,22,V,0.9992242098111909
3ogo,predicted,D,23,N,0.7881100029011412
3ogo,wt,D,23,N,0.7881100029011412
3ogo,predicted,D,24,G,0.9999999985767541
3ogo,wt,D,24,G,0.9999999985767541
3ogo,predicted,D,25,Y,0.5746271118316976
3ogo,wt,D,25,H,0.2868422509512178
3ogo,predicted,D,26,K,0.9399312788936963
3ogo,wt,D,26,K,0.9399312788936963
3ogo,predicted,D,27,F,0.9972381675785336
3ogo,wt,D,27,F,0.9972381675785336
3ogo,predicted,D,28,S,0.535411282815805
3ogo,wt,D,28,S,0.535411282815805
3ogo,predicted,D,29,V,0.9999748935926617
3ogo,wt,D,29,V,0.9999748935926617
3ogo,predicted,D,30,S,0.9516290414361248
3ogo,wt,D,30,S,0.9516290414361248
3ogo,predicted,D,31,G,0.9999999084831916
3ogo,wt,D,31,G,0.9999999084831916
3ogo,predicted,D,32,E,0.34180077450958485
3ogo,wt,D,32,E,0.34180077450958485
3ogo,predicted,D,33,G,0.9999999999250008
3ogo,wt,D,33,G,0.9999999999250008
3ogo,predicted,D,34,E,0.7917639724770517
3ogo,wt,D,34,E,0.7917639724770517
3ogo,predicted,D,35,G,0.9999999996697465
3ogo,wt,D,35,G,0.9999999996697465
3ogo,predicted,D,36,D,0.9478929723267605
3ogo,wt,D,36,D,0.9478929723267605
3ogo,predicted,D,37,A,0.9783960049507575
3ogo,wt,D,37,A,0.9783960049507575
3ogo,predicted,D,38,N,0.2874153338799144
3ogo,wt,D,38,T,0.07084336380032377
3ogo,predicted,D,39,Y,0.4199484675305871
3ogo,wt,D,39,Y,0.4199484675305871
3ogo,predicted,D,40,G,0.9999998504142017
3ogo,wt,D,40,G,0.9999998504142017
3ogo,predicted,D,41,K,0.856083686845461
3ogo,wt,D,41,K,0.856083686845461
3ogo,predicted,D,42,L,0.996559183245412
3ogo,wt,D,42,L,0.996559183245412
3ogo,predicted,D,43,V,0.47190590577985253
3ogo,wt,D,43,T,0.45882063214365026
3ogo,predicted,D,44,L,0.9957934234526075
3ogo,wt,D,44,L,0.9957934234526075
3ogo,predicted,D,45,K,0.9546336063114271
3ogo,wt,D,45,K,0.9546336063114271
3ogo,predicted,D,46,F,0.9852387983549294
3ogo,wt,D,46,F,0.9852387983549294
3ogo,predicted,D,47,I,0.9259485527628697
3ogo,wt,D,47,I,0.9259485527628697
3ogo,predicted,D,48,C,0.8943803248058142
3ogo,wt,D,48,C,0.8943803248058142
3ogo,predicted,D,49,T,0.8904210118101625
3ogo,wt,D,49,T,0.8904210118101625
3ogo,predicted,D,50,S,0.5967487073460578
3ogo,wt,D,50,T,0.3890891333657763
3ogo,predicted,D,51,G,0.9999999913292889
3ogo,wt,D,51,G,0.9999999913292889
3ogo,predicted,D,52,K,0.5460675782538712
3ogo,wt,D,52,K,0.5460675782538712
3ogo,predicted,D,53,L,0.9887335969316907
3ogo,wt,D,53,L,0.9887335969316907
3ogo,predicted,D,54,P,0.9999999999957382
3ogo,wt,D,54,P,0.9999999999957382
3ogo,predicted,D,55,V,0.9999781655964147
3ogo,wt,D,55,V,0.9999781655964147
3ogo,predicted,D,56,P,0.9999916865345654
3ogo,wt,D,56,P,0.9999916865345654
3ogo,predicted,D,57,W,0.9994815620782028
3ogo,wt,D,57,W,0.9994815620782028
3ogo,predicted,D,58,P,0.9995534357953021
3ogo,wt,D,58,P,0.9995534357953021
3ogo,predicted,D,59,T,0.993603844002562
3ogo,wt,D,59,T,0.993603844002562
3ogo,predicted,D,60,L,0.9999983873367966
3ogo,wt,D,60,L,0.9999983873367966
3ogo,predicted,D,61,V,0.9865772884203133
3ogo,wt,D,61,V,0.9865772884203133
3ogo,predicted,D,62,S,0.4790195421059524
3ogo,wt,D,62,T,0.25790495947870057
3ogo,predicted,D,63,V,0.7031314819853746
3ogo,wt,D,63,T,0.2953463750149444
3ogo,predicted,D,64,L,0.9996752290718188
3ogo,wt,D,64,L,0.9996752290718188
3ogo,predicted,D,68,P,0.3602688977359361
3ogo,wt,D,68,V,0.0813152769057352
3ogo,predicted,D,69,Q,0.575910638835992
3ogo,wt,D,69,Q,0.575910638835992
3ogo,predicted,D,70,C,0.7986954406325267
3ogo,wt,D,70,C,0.7986954406325267
3ogo,predicted,D,71,F,0.9868940672392895
3ogo,wt,D,71,F,0.9868940672392895
3ogo,predicted,D,72,A,0.9924108078980335
3ogo,wt,D,72,S,0.007108647703612733
3ogo,predicted,D,73,R,0.4928197435974036
3ogo,wt,D,73,R,0.4928197435974036
3ogo,predicted,D,74,Y,0.7560886887334212
3ogo,wt,D,74,Y,0.7560886887334212
3ogo,predicted,D,75,P,0.9999999973286489
3ogo,wt,D,75,P,0.9999999973286489
3ogo,predicted,D,76,D,0.42442754207512734
3ogo,wt,D,76,D,0.42442754207512734
3ogo,predicted,D,77,H,0.975966216090455
3ogo,wt,D,77,H,0.975966216090455
3ogo,predicted,D,78,M,0.9934172804435252
3ogo,wt,D,78,M,0.9934172804435252
3ogo,predicted,D,79,K,0.9284858127283044
3ogo,wt,D,79,K,0.9284858127283044
3ogo,predicted,D,80,E,0.5625349130495886
3ogo,wt,D,80,Q,0.18670205309440527
3ogo,predicted,D,81,H,0.5487674272887372
3ogo,wt,D,81,H,0.5487674272887372
3ogo,predicted,D,82,D,0.9989488785359267
3ogo,wt,D,82,D,0.9989488785359267
3ogo,predicted,D,83,F,0.9966591543619142
3ogo,wt,D,83,F,0.9966591543619142
3ogo,predicted,D,84,F,0.8978020107292712
3ogo,wt,D,84,F,0.8978020107292712
3ogo,predicted,D,85,K,0.7684020038118097
3ogo,wt,D,85,K,0.7684020038118097
3ogo,predicted,D,86,S,0.9940420674246248
3ogo,wt,D,86,S,0.9940420674246248
3ogo,predicted,D,87,A,0.9714299966818064
3ogo,wt,D,87,A,0.9714299966818064
3ogo,predicted,D,88,M,0.916628712534541
3ogo,wt,D,88,M,0.916628712534541
3ogo,predicted,D,89,P,0.9998119877685725
3ogo,wt,D,89,P,0.9998119877685725
3ogo,predicted,D,90,E,0.5511007667322743
3ogo,wt,D,90,E,0.5511007667322743
3ogo,predicted,D,91,G,0.9999999999973722
3ogo,wt,D,91,G,0.9999999999973722
3ogo,predicted,D,92,Y,0.9385570928693632
3ogo,wt,D,92,Y,0.9385570928693632
3ogo,predicted,D,93,V,0.7625300078755314
3ogo,wt,D,93,V,0.7625300078755314
3ogo,predicted,D,94,M,0.49569709906969045
3ogo,wt,D,94,Q,0.23332129138213922
3ogo,predicted,D,95,E,0.5853010671373117
3ogo,wt,D,95,E,0.5853010671373117
3ogo,predicted,D,96,R,0.5041861735934261
3ogo,wt,D,96,R,0.5041861735934261
3ogo,predicted,D,97,T,0.5967837364666814
3ogo,wt,D,97,T,0.5967837364666814
3ogo,predicted,D,98,I,0.9814257383123821
3ogo,wt,D,98,I,0.9814257383123821
3ogo,predicted,D,99,F,0.6188332106697721
3ogo,wt,D,99,F,0.6188332106697721
3ogo,predicted,D,100,F,0.992550682395629
3ogo,wt,D,100,F,0.992550682395629
3ogo,predicted,D,101,K,0.3877738005343529
3ogo,wt,D,101,K,0.3877738005343529
3ogo,predicted,D,102,D,0.6676737259536969
3ogo,wt,D,102,D,0.6676737259536969
3ogo,predicted,D,103,D,0.9996719182998349
3ogo,wt,D,103,D,0.9996719182998349
3ogo,predicted,D,104,G,0.999999999994318
3ogo,wt,D,104,G,0.999999999994318
3ogo,predicted,D,105,N,0.5119732703061776
3ogo,wt,D,105,N,0.5119732703061776
3ogo,predicted,D,106,F,0.9118355120786701
3ogo,wt,D,106,Y,0.08754687230623408
3ogo,predicted,D,107,K,0.5430519896511529
3ogo,wt,D,107,K,0.5430519896511529
3ogo,predicted,D,108,T,0.8272852491566
3ogo,wt,D,108,T,0.8272852491566
3ogo,predicted,D,109,R,0.9942570902237313
3ogo,wt,D,109,R,0.9942570902237313
3ogo,predicted,D,110,A,0.8601624643599065
3ogo,wt,D,110,A,0.8601624643599065
3ogo,predicted,D,111,E,0.9959748802027328
3ogo,wt,D,111,E,0.9959748802027328
3ogo,predicted,D,112,V,0.5147253596327631
3ogo,wt,D,112,V,0.5147253596327631
3ogo,predicted,D,113,R,0.4005480784650935
3ogo,wt,D,113,K,0.1992076351997065
3ogo,predicted,D,114,F,0.9207885536075834
3ogo,wt,D,114,F,0.9207885536075834
3ogo,predicted,D,115,E,0.9959152658784635
3ogo,wt,D,115,E,0.9959152658784635
3ogo,predicted,D,116,G,0.9999989958040318
3ogo,wt,D,116,G,0.9999989958040318
3ogo,predicted,D,117,D,0.32201430201052555
3ogo,wt,D,117,D,0.32201430201052555
3ogo,predicted,D,118,V,0.5001445348058565
3ogo,wt,D,118,T,0.48792909505133
3ogo,predicted,D,119,L,0.9801871210601311
3ogo,wt,D,119,L,0.9801871210601311
3ogo,predicted,D,120,V,0.9920701421887781
3ogo,wt,D,120,V,0.9920701421887781
3ogo,predicted,D,121,N,0.9055659996670352
3ogo,wt,D,121,N,0.9055659996670352
3ogo,predicted,D,122,R,0.9691735949780963
3ogo,wt,D,122,R,0.9691735949780963
3ogo,predicted,D,123,I,0.5798944301166443
3ogo,wt,D,123,I,0.5798944301166443
3ogo,predicted,D,124,E,0.23186609822956408
3ogo,wt,D,124,E,0.23186609822956408
3ogo,predicted,D,125,L,0.9997039261545636
3ogo,wt,D,125,L,0.9997039261545636
3ogo,predicted,D,126,K,0.8911261504188038
3ogo,wt,D,126,K,0.8911261504188038
3ogo,predicted,D,127,G,0.999999965667587
3ogo,wt,D,127,G,0.999999965667587
3ogo,predicted,D,128,E,0.7057828417880833
3ogo,wt,D,128,I,0.027631701264344315
3ogo,predicted,D,129,N,0.6678151361843746
3ogo,wt,D,129,D,0.30210378951035316
3ogo,predicted,D,130,F,0.999754930268859
3ogo,wt,D,130,F,0.999754930268859
3ogo,predicted,D,131,K,0.815558494692667
3ogo,wt,D,131,K,0.815558494692667
3ogo,predicted,D,132,E,0.9567024997956999
3ogo,wt,D,132,E,0.9567024997956999
3ogo,predicted,D,133,D,0.552380936702482
3ogo,wt,D,133,D,0.552380936702482
3ogo,predicted,D,134,G,0.9991523636295149
3ogo,wt,D,134,G,0.9991523636295149
3ogo,predicted,D,135,N,0.9830216559212
3ogo,wt,D,135,N,0.9830216559212
3ogo,predicted,D,136,I,0.9221106687771684
3ogo,wt,D,136,I,0.9221106687771684
3ogo,predicted,D,137,L,0.9984886485482791
3ogo,wt,D,137,L,0.9984886485482791
3ogo,predicted,D,138,G,0.9999951681543705
3ogo,wt,D,138,G,0.9999951681543705
3ogo,predicted,D,139,H,0.44824410166688233
3ogo,wt,D,139,H,0.44824410166688233
3ogo,predicted,D,140,K,0.8179578219209613
3ogo,wt,D,140,K,0.8179578219209613
3ogo,predicted,D,141,F,0.7873686738015646
3ogo,wt,D,141,L,0.01004288036713316
3ogo,predicted,D,142,E,0.6303434420511561
3ogo,wt,D,142,E,0.6303434420511561
3ogo,predicted,D,143,F,0.662482612525232
3ogo,wt,D,143,Y,0.32290659438769703
3ogo,predicted,D,144,N,0.24238793088256608
3ogo,wt,D,144,N,0.24238793088256608
3ogo,predicted,D,145,F,0.2821073558369133
3ogo,wt,D,145,Y,0.21937125938415805
3ogo,predicted,D,146,N,0.8608685609302272
3ogo,wt,D,146,N,0.8608685609302272
3ogo,predicted,D,147,S,0.9168110834321387
3ogo,wt,D,147,S,0.9168110834321387
3ogo,predicted,D,148,H,0.8531428703462219
3ogo,wt,D,148,H,0.8531428703462219
3ogo,predicted,D,149,N,0.7743746909348058
3ogo,wt,D,149,N,0.7743746909348058
3ogo,predicted,D,150,V,0.9747785336811909
3ogo,wt,D,150,V,0.9747785336811909
3ogo,predicted,D,151,Y,0.3772614499657357
3ogo,wt,D,151,Y,0.3772614499657357
3ogo,predicted,D,152,V,0.5610917468012095
3ogo,wt,D,152,I,0.43823827500265833
3ogo,predicted,D,153,E,0.5855875619339014
3ogo,wt,D,153,M,0.02194707926163009
3ogo,predicted,D,154,A,0.5198087478837051
3ogo,wt,D,154,A,0.5198087478837051
3ogo,predicted,D,155,D,0.964618223966275
3ogo,wt,D,155,D,0.964618223966275
3ogo,predicted,D,156,E,0.34596058919022515
3ogo,wt,D,156,K,0.16016757542966062
3ogo,predicted,D,157,E,0.4768878979699194
3ogo,wt,D,157,Q,0.06100196956209956
3ogo,predicted,D,158,K,0.5488170228534685
3ogo,wt,D,158,K,0.5488170228534685
3ogo,predicted,D,159,N,0.8932364811827839
3ogo,wt,D,159,N,0.8932364811827839
3ogo,predicted,D,160,G,0.9995771994204069
3ogo,wt,D,160,G,0.9995771994204069
3ogo,predicted,D,161,I,0.9982668628320113
3ogo,wt,D,161,I,0.9982668628320113
3ogo,predicted,D,162,Q,0.366512789889419
3ogo,wt,D,162,K,0.28363062745982526
3ogo,predicted,D,163,V,0.9973061763118766
3ogo,wt,D,163,V,0.9973061763118766
3ogo,predicted,D,164,N,0.27139400952595577
3ogo,wt,D,164,N,0.27139400952595577
3ogo,predicted,D,165,Y,0.5849088917711556
3ogo,wt,D,165,F,0.4088708323634789
3ogo,predicted,D,166,K,0.26874358625968864
3ogo,wt,D,166,K,0.26874358625968864
3ogo,predicted,D,167,V,0.5431367462434348
3ogo,wt,D,167,I,0.4491868124837192
3ogo,predicted,D,168,R,0.9788140996436999
3ogo,wt,D,168,R,0.9788140996436999
3ogo,predicted,D,169,H,0.452763225960573
3ogo,wt,D,169,H,0.452763225960573
3ogo,predicted,D,170,N,0.5961492595126071
3ogo,wt,D,170,N,0.5961492595126071
3ogo,predicted,D,171,I,0.5130816390899898
3ogo,wt,D,171,I,0.5130816390899898
3ogo,predicted,D,172,N,0.5285217745905529
3ogo,wt,D,172,E,0.11654639580514013
3ogo,predicted,D,173,D,0.9802024759585698
3ogo,wt,D,173,D,0.9802024759585698
3ogo,predicted,D,174,G,0.9999999692857092
3ogo,wt,D,174,G,0.9999999692857092
3ogo,predicted,D,175,S,0.9599325038904339
3ogo,wt,D,175,S,0.9599325038904339
3ogo,predicted,D,176,S,0.5899786988290098
3ogo,wt,D,176,V,0.006624070350765593
3ogo,predicted,D,177,Q,0.43595193792755366
3ogo,wt,D,177,Q,0.43595193792755366
3ogo,predicted,D,178,L,0.9840285679044093
3ogo,wt,D,178,L,0.9840285679044093
3ogo,predicted,D,179,A,0.9966478076370335
3ogo,wt,D,179,A,0.9966478076370335
3ogo,predicted,D,180,D,0.8392921820436955
3ogo,wt,D,180,D,0.8392921820436955
3ogo,predicted,D,181,H,0.7405051710064932
3ogo,wt,D,181,H,0.7405051710064932
3ogo,predicted,D,182,Y,0.40702903942090396
3ogo,wt,D,182,Y,0.40702903942090396
3ogo,predicted,D,183,Q,0.36649826997631485
3ogo,wt,D,183,Q,0.36649826997631485
3ogo,predicted,D,184,Q,0.6848681230302249
3ogo,wt,D,184,Q,0.6848681230302249
3ogo,predicted,D,185,D,0.8097332935977154
3ogo,wt,D,185,N,0.059007573204814756
3ogo,predicted,D,186,T,0.5541898502490823
3ogo,wt,D,186,T,0.5541898502490823
3ogo,predicted,D,187,P,0.9998152289260626
3ogo,wt,D,187,P,0.9998152289260626
3ogo,predicted,D,188,I,0.7474784976417578
3ogo,wt,D,188,I,0.7474784976417578
3ogo,predicted,D,189,G,0.9994934022263463
3ogo,wt,D,189,G,0.9994934022263463
3ogo,predicted,D,190,D,0.4795368183530399
3ogo,wt,D,190,D,0.4795368183530399
3ogo,predicted,D,191,G,0.5052010878393385
3ogo,wt,D,191,G,0.5052010878393385
3ogo,predicted,D,192,P,0.9999824347283179
3ogo,wt,D,192,P,0.9999824347283179
3ogo,predicted,D,193,V,0.9387236406569713
3ogo,wt,D,193,V,0.9387236406569713
3ogo,predicted,D,194,K,0.6924013937862457
3ogo,wt,D,194,L,0.0824575272213245
3ogo,predicted,D,195,L,0.9999015353131292
3ogo,wt,D,195,L,0.9999015353131292
3ogo,predicted,D,196,P,0.9999997184542645
3ogo,wt,D,196,P,0.9999997184542645
3ogo,predicted,D,197,E,0.4070852247716268
3ogo,wt,D,197,D,0.30705064034323604
3ogo,predicted,D,198,N,0.2989122103799027
3ogo,wt,D,198,N,0.2989122103799027
3ogo,predicted,D,199,H,0.9561045173399769
3ogo,wt,D,199,H,0.9561045173399769
3ogo,predicted,D,200,Y,0.8589700444709853
3ogo,wt,D,200,Y,0.8589700444709853
3ogo,predicted,D,201,L,0.9999975668583581
3ogo,wt,D,201,L,0.9999975668583581
3ogo,predicted,D,202,N,0.3462979570144191
3ogo,wt,D,202,S,0.15467287219444759
3ogo,predicted,D,203,T,0.99370454455118
3ogo,wt,D,203,T,0.99370454455118
3ogo,predicted,D,204,S,0.39434847123528627
3ogo,wt,D,204,Q,0.15215192133121694
3ogo,predicted,D,205,A,0.9882390191873892
3ogo,wt,D,205,S,0.011542624683792494
3ogo,predicted,D,206,A,0.6196201570080787
3ogo,wt,D,206,A,0.6196201570080787
3ogo,predicted,D,207,L,0.9999945664387632
3ogo,wt,D,207,L,0.9999945664387632
3ogo,predicted,D,208,S,0.9909541482099286
3ogo,wt,D,208,S,0.9909541482099286
3ogo,predicted,D,209,K,0.8674592827679087
3ogo,wt,D,209,K,0.8674592827679087
3ogo,predicted,D,210,D,0.9976789606556782
3ogo,wt,D,210,D,0.9976789606556782
3ogo,predicted,D,211,P,0.9995167133152729
3ogo,wt,D,211,P,0.9995167133152729
3ogo,predicted,D,212,N,0.4533313530581436
3ogo,wt,D,212,N,0.4533313530581436
3ogo,predicted,D,213,E,0.7395067185152824
3ogo,wt,D,213,E,0.7395067185152824
3ogo,predicted,D,214,E,0.2391800095739578
3ogo,wt,D,214,K,0.22697933176419424
3ogo,predicted,D,215,R,0.9781673600901549
3ogo,wt,D,215,R,0.9781673600901549
3ogo,predicted,D,216,D,0.9996786284243822
3ogo,wt,D,216,D,0.9996786284243822
3ogo,predicted,D,217,H,0.9816386273078487
3ogo,wt,D,217,H,0.9816386273078487
3ogo,predicted,D,218,C,0.5274531882779603
3ogo,wt,D,218,M,0.4712712105792205
3ogo,predicted,D,219,V,0.4685475681460114
3ogo,wt,D,219,V,0.4685475681460114
3ogo,predicted,D,220,L,0.9997117534372322
3ogo,wt,D,220,L,0.9997117534372322
3ogo,predicted,D,221,L,0.9791885214673387
3ogo,wt,D,221,L,0.9791885214673387
3ogo,predicted,D,222,E,0.5646053251054628
3ogo,wt,D,222,E,0.5646053251054628
3ogo,predicted,D,223,F,0.3850254196925483
3ogo,wt,D,223,F,0.3850254196925483
3ogo,predicted,D,224,A,0.3873307198751201
3ogo,wt,D,224,V,0.29376933344260886
3ogo,predicted,D,225,T,0.8467288177647303
3ogo,wt,D,225,T,0.8467288177647303
3ogo,predicted,D,226,A,0.9993293914633378
3ogo,wt,D,226,A,0.9993293914633378
3ogo,predicted,D,227,A,0.7407278509623447
3ogo,wt,D,227,A,0.7407278509623447
3ogo,predicted,D,228,G,0.9999999903525651
3ogo,wt,D,228,G,0.9999999903525651
3ogo,predicted,D,229,I,0.8309188577628607
3ogo,wt,D,229,I,0.8309188577628607
3ogo,predicted,D,230,D,0.3809175162490914
3ogo,wt,D,230,T,0.04854654230388588
3ogo,predicted,E,2,K,0.29234738873874727
3ogo,wt,E,2,Q,0.08001894238100563
3ogo,predicted,E,3,V,0.9974403982453746
3ogo,wt,E,3,V,0.9974403982453746
3ogo,predicted,E,4,Q,0.5676452403368915
3ogo,wt,E,4,Q,0.5676452403368915
3ogo,predicted,E,5,L,0.9999958542643701
3ogo,wt,E,5,L,0.9999958542643701
3ogo,predicted,E,6,D,0.30279607711668155
3ogo,wt,E,6,V,0.1734954326842436
3ogo,predicted,E,7,E,0.9502973069779559
3ogo,wt,E,7,E,0.9502973069779559
3ogo,predicted,E,8,S,0.6254870271679982
3ogo,wt,E,8,S,0.6254870271679982
3ogo,predicted,E,9,G,0.9999981321051282
3ogo,wt,E,9,G,0.9999981321051282
3ogo,predicted,E,10,G,0.9999992900616697
3ogo,wt,E,10,G,0.9999992900616697
3ogo,predicted,E,11,A,0.8711349162166594
3ogo,wt,E,11,A,0.8711349162166594
3ogo,predicted,E,12,L,0.23523399033726078
3ogo,wt,E,12,L,0.23523399033726078
3ogo,predicted,E,13,V,0.9711622435775465
3ogo,wt,E,13,V,0.9711622435775465
3ogo,predicted,E,14,S,0.23742301122285547
3ogo,wt,E,14,Q,0.21194960499915352
3ogo,predicted,E,15,P,0.9998864127404253
3ogo,wt,E,15,P,0.9998864127404253
3ogo,predicted,E,16,G,0.9999996551520675
3ogo,wt,E,16,G,0.9999996551520675
3ogo,predicted,E,17,G,0.9999999113358014
3ogo,wt,E,17,G,0.9999999113358014
3ogo,predicted,E,18,S,0.8145170341538338
3ogo,wt,E,18,S,0.8145170341538338
3ogo,predicted,E,19,L,0.6206378792328602
3ogo,wt,E,19,L,0.6206378792328602
3ogo,predicted,E,20,R,0.6437206377648662
3ogo,wt,E,20,R,0.6437206377648662
3ogo,predicted,E,21,L,0.99999977517201
3ogo,wt,E,21,L,0.99999977517201
3ogo,predicted,E,22,S,0.9543243966394019
3ogo,wt,E,22,S,0.9543243966394019
3ogo,predicted,E,23,C,0.972643724909252
3ogo,wt,E,23,C,0.972643724909252
3ogo,predicted,E,24,A,0.9257930025261635
3ogo,wt,E,24,A,0.9257930025261635
3ogo,predicted,E,25,A,0.9759374626747584
3ogo,wt,E,25,A,0.9759374626747584
3ogo,predicted,E,26,S,0.9892392258338124
3ogo,wt,E,26,S,0.9892392258338124
3ogo,predicted,E,27,G,0.999999997916436
3ogo,wt,E,27,G,0.999999997916436
3ogo,predicted,E,28,F,0.9805867322665526
3ogo,wt,E,28,F,0.9805867322665526
3ogo,predicted,E,29,P,0.9975858070055553
3ogo,wt,E,29,P,0.9975858070055553
3ogo,predicted,E,30,V,0.9810561192781395
3ogo,wt,E,30,V,0.9810561192781395
3ogo,predicted,E,31,N,0.7673055569933703
3ogo,wt,E,31,N,0.7673055569933703
3ogo,predicted,E,32,K,0.9668512955524533
3ogo,wt,E,32,R,0.031368992930506184
3ogo,predicted,E,33,Y,0.7292637571455926
3ogo,wt,E,33,Y,0.7292637571455926
3ogo,predicted,E,34,A,0.8782308615368347
3ogo,wt,E,34,S,0.10816572411491839
3ogo,predicted,E,35,M,0.5419948495459078
3ogo,wt,E,35,M,0.5419948495459078
3ogo,predicted,E,36,H,0.38926801030729113
3ogo,wt,E,36,R,0.272769801318054
3ogo,predicted,E,37,W,0.9999847978006802
3ogo,wt,E,37,W,0.9999847978006802
3ogo,predicted,E,38,Y,0.9381704375543299
3ogo,wt,E,38,Y,0.9381704375543299
3ogo,predicted,E,39,R,0.9185098252941953
3ogo,wt,E,39,R,0.9185098252941953
3ogo,predicted,E,40,Q,0.9781802159376419
3ogo,wt,E,40,Q,0.9781802159376419
3ogo,predicted,E,41,A,0.7947868910450904
3ogo,wt,E,41,A,0.7947868910450904
3ogo,predicted,E,42,P,0.9714821269568675
3ogo,wt,E,42,P,0.9714821269568675
3ogo,predicted,E,43,G,0.9995474404269927
3ogo,wt,E,43,G,0.9995474404269927
3ogo,predicted,E,44,K,0.6574137535879957
3ogo,wt,E,44,K,0.6574137535879957
3ogo,predicted,E,45,A,0.4202395019263269
3ogo,wt,E,45,E,0.04620156700652724
3ogo,predicted,E,46,R,0.9826323803453603
3ogo,wt,E,46,R,0.9826323803453603
3ogo,predicted,E,47,E,0.4952889074409001
3ogo,wt,E,47,E,0.4952889074409001
3ogo,predicted,E,48,W,0.9675021179848474
3ogo,wt,E,48,W,0.9675021179848474
3ogo,predicted,E,49,V,0.9993144967347515
3ogo,wt,E,49,V,0.9993144967347515
3ogo,predicted,E,50,A,0.9307068176442356
3ogo,wt,E,50,A,0.9307068176442356
3ogo,predicted,E,51,G,0.9861615529526307
3ogo,wt,E,51,G,0.9861615529526307
3ogo,predicted,E,52,L,0.5691680006172191
3ogo,wt,E,52,M,0.30363941927716304
3ogo,predicted,E,53,S,0.6198650413535113
3ogo,wt,E,53,S,0.6198650413535113
3ogo,predicted,E,54,S,0.6019882518333737
3ogo,wt,E,54,S,0.6019882518333737
3ogo,predicted,E,55,A,0.8604541647549748
3ogo,wt,E,55,A,0.8604541647549748
3ogo,predicted,E,56,G,0.9999991654060191
3ogo,wt,E,56,G,0.9999991654060191
3ogo,predicted,E,57,D,0.5595179284128338
3ogo,wt,E,57,D,0.5595179284128338
3ogo,predicted,E,58,E,0.21544126032502167
3ogo,wt,E,58,R,0.10914268291300024
3ogo,predicted,E,59,S,0.24642791502332528
3ogo,wt,E,59,S,0.24642791502332528
3ogo,predicted,E,60,A,0.5347205690205262
3ogo,wt,E,60,S,0.453359235216654
3ogo,predicted,E,61,Y,0.988685330089366
3ogo,wt,E,61,Y,0.988685330089366
3ogo,predicted,E,62,S,0.46188164171902885
3ogo,wt,E,62,E,0.01516532464148422
3ogo,predicted,E,63,A,0.3706591992784018
3ogo,wt,E,63,D,0.1823244345922034
3ogo,predicted,E,64,A,0.6946164111712689
3ogo,wt,E,64,S,0.25428700969803425
3ogo,predicted,E,65,V,0.9907442779622627
3ogo,wt,E,65,V,0.9907442779622627
3ogo,predicted,E,66,K,0.604966453306868
3ogo,wt,E,66,K,0.604966453306868
3ogo,predicted,E,67,G,0.9999999982475932
3ogo,wt,E,67,G,0.9999999982475932
3ogo,predicted,E,68,R,0.7293174880085168
3ogo,wt,E,68,R,0.7293174880085168
3ogo,predicted,E,69,F,0.5377613966484128
3ogo,wt,E,69,F,0.5377613966484128
3ogo,predicted,E,70,T,0.23730186697759673
3ogo,wt,E,70,T,0.23730186697759673
3ogo,predicted,E,71,I,0.9950905145847213
3ogo,wt,E,71,I,0.9950905145847213
3ogo,predicted,E,72,S,0.6220567735230469
3ogo,wt,E,72,S,0.6220567735230469
3ogo,predicted,E,73,R,0.8806223197866604
3ogo,wt,E,73,R,0.8806223197866604
3ogo,predicted,E,74,N,0.5234619102851379
3ogo,wt,E,74,D,0.42310738987040325
3ogo,predicted,E,75,D,0.5515316682235066
3ogo,wt,E,75,D,0.5515316682235066
3ogo,predicted,E,76,A,0.3043850337901274
3ogo,wt,E,76,A,0.3043850337901274
3ogo,predicted,E,77,R,0.9826911780496376
3ogo,wt,E,77,R,0.9826911780496376
3ogo,predicted,E,78,N,0.8372334236745651
3ogo,wt,E,78,N,0.8372334236745651
3ogo,predicted,E,79,T,0.5885365337650001
3ogo,wt,E,79,T,0.5885365337650001
3ogo,predicted,E,80,L,0.4199497413821626
3ogo,wt,E,80,V,0.09947511243167817
3ogo,predicted,E,81,Y,0.8479144340937278
3ogo,wt,E,81,Y,0.8479144340937278
3ogo,predicted,E,82,L,0.9999982281824719
3ogo,wt,E,82,L,0.9999982281824719
3ogo,predicted,E,83,L,0.30793731612544756
3ogo,wt,E,83,Q,0.10364101723821827
3ogo,predicted,E,84,M,0.9956817390361669
3ogo,wt,E,84,M,0.9956817390361669
3ogo,predicted,E,85,T,0.5548064007170712
3ogo,wt,E,85,N,0.11721757286497721
3ogo,predicted,E,86,S,0.4412613729619052
3ogo,wt,E,86,S,0.4412613729619052
3ogo,predicted,E,87,L,0.9941352898164593
3ogo,wt,E,87,L,0.9941352898164593
3ogo,predicted,E,88,K,0.8323628786424749
3ogo,wt,E,88,K,0.8323628786424749
3ogo,predicted,E,89,P,0.9999827050374724
3ogo,wt,E,89,P,0.9999827050374724
3ogo,predicted,E,90,E,0.9870906890967114
3ogo,wt,E,90,E,0.9870906890967114
3ogo,predicted,E,91,D,0.9999961610545114
3ogo,wt,E,91,D,0.9999961610545114
3ogo,predicted,E,92,T,0.9972731623131353
3ogo,wt,E,92,T,0.9972731623131353
3ogo,predicted,E,93,A,0.9845303505878311
3ogo,wt,E,93,A,0.9845303505878311
3ogo,predicted,E,94,V,0.8048382168359532
3ogo,wt,E,94,V,0.8048382168359532
3ogo,predicted,E,95,Y,0.9802206591738464
3ogo,wt,E,95,Y,0.9802206591738464
3ogo,predicted,E,96,Y,0.9485899066347271
3ogo,wt,E,96,Y,0.9485899066347271
3ogo,predicted,E,97,C,0.6645491191910436
3ogo,wt,E,97,C,0.6645491191910436
3ogo,predicted,E,98,Q,0.5291707354264488
3ogo,wt,E,98,N,0.2302867858741179
3ogo,predicted,E,99,V,0.9980384421717189
3ogo,wt,E,99,V,0.9980384421717189
3ogo,predicted,E,100,T,0.8949143129609455
3ogo,wt,E,100,N,0.0156609907633643
3ogo,predicted,E,101,V,0.5288205567649569
3ogo,wt,E,101,V,0.5288205567649569
3ogo,predicted,E,102,G,0.9997789576945803
3ogo,wt,E,102,G,0.9997789576945803
3ogo,predicted,E,103,E,0.2590390148462064
3ogo,wt,E,103,F,0.0004948926125414106
3ogo,predicted,E,104,E,0.7895297532542035
3ogo,wt,E,104,E,0.7895297532542035
3ogo,predicted,E,105,H,0.9746732554473393
3ogo,wt,E,105,Y,0.020583453047975125
3ogo,predicted,E,106,W,0.9785669471314303
3ogo,wt,E,106,W,0.9785669471314303
3ogo,predicted,E,107,G,0.9999996577037935
3ogo,wt,E,107,G,0.9999996577037935
3ogo,predicted,E,108,E,0.2783014542074538
3ogo,wt,E,108,Q,0.20239322601025156
3ogo,predicted,E,109,G,0.999999999999838
3ogo,wt,E,109,G,0.999999999999838
3ogo,predicted,E,110,T,0.9979609947136397
3ogo,wt,E,110,T,0.9979609947136397
3ogo,predicted,E,111,Q,0.8318381594172014
3ogo,wt,E,111,Q,0.8318381594172014
3ogo,predicted,E,112,V,0.9998859992025397
3ogo,wt,E,112,V,0.9998859992025397
3ogo,predicted,E,113,V,0.4886671004575796
3ogo,wt,E,113,T,0.1511961835370342
3ogo,predicted,E,114,V,0.5753387897684927
3ogo,wt,E,114,V,0.5753387897684927
3ogo,predicted,E,115,S,0.5382393450405423
3ogo,wt,E,115,S,0.5382393450405423
3ogo,predicted,E,116,S,0.43255443733627924
3ogo,wt,E,116,S,0.43255443733627924
3ogo,predicted,G,1,M,0.10749406176994902
3ogo,wt,G,1,M,0.10749406176994902
3ogo,predicted,G,2,K,0.23343512476064557
3ogo,wt,G,2,Q,0.11218860880589025
3ogo,predicted,G,3,V,0.9942839301290936
3ogo,wt,G,3,V,0.9942839301290936
3ogo,predicted,G,4,Q,0.5792416543230484
3ogo,wt,G,4,Q,0.5792416543230484
3ogo,predicted,G,5,L,0.9999951886904695
3ogo,wt,G,5,L,0.9999951886904695
3ogo,predicted,G,6,T,0.409433306336984
3ogo,wt,G,6,V,0.0636920438435175
3ogo,predicted,G,7,E,0.9310113341070628
3ogo,wt,G,7,E,0.9310113341070628
3ogo,predicted,G,8,S,0.9128825293330599
3ogo,wt,G,8,S,0.9128825293330599
3ogo,predicted,G,9,G,0.9999980069030067
3ogo,wt,G,9,G,0.9999980069030067
3ogo,predicted,G,10,G,0.9999999950567973
3ogo,wt,G,10,G,0.9999999950567973
3ogo,predicted,G,11,A,0.8488447353773791
3ogo,wt,G,11,A,0.8488447353773791
3ogo,predicted,G,12,H,0.3084928252418389
3ogo,wt,G,12,L,0.2427938928908752
3ogo,predicted,G,13,V,0.951101622093392
3ogo,wt,G,13,V,0.951101622093392
3ogo,predicted,G,14,Q,0.18103515768359046
3ogo,wt,G,14,Q,0.18103515768359046
3ogo,predicted,G,15,P,0.9995591656368993
3ogo,wt,G,15,P,0.9995591656368993
3ogo,predicted,G,16,G,0.9999999732800263
3ogo,wt,G,16,G,0.9999999732800263
3ogo,predicted,G,17,G,0.9798223102427975
3ogo,wt,G,17,G,0.9798223102427975
3ogo,predicted,G,18,S,0.9656629106725334
3ogo,wt,G,18,S,0.9656629106725334
3ogo,predicted,G,19,L,0.9990985310110555
3ogo,wt,G,19,L,0.9990985310110555
3ogo,predicted,G,20,R,0.5695351069559745
3ogo,wt,G,20,R,0.5695351069559745
3ogo,predicted,G,21,L,0.9999996325721029
3ogo,wt,G,21,L,0.9999996325721029
3ogo,predicted,G,22,S,0.8603121169119693
3ogo,wt,G,22,S,0.8603121169119693
3ogo,predicted,G,23,C,0.9945754051210369
3ogo,wt,G,23,C,0.9945754051210369
3ogo,predicted,G,24,A,0.6824059739518161
3ogo,wt,G,24,A,0.6824059739518161
3ogo,predicted,G,25,A,0.9875704187679406
3ogo,wt,G,25,A,0.9875704187679406
3ogo,predicted,G,26,S,0.995063655377234
3ogo,wt,G,26,S,0.995063655377234
3ogo,predicted,G,27,G,0.9999999936332827
3ogo,wt,G,27,G,0.9999999936332827
3ogo,predicted,G,28,F,0.8803092152996747
3ogo,wt,G,28,F,0.8803092152996747
3ogo,predicted,G,29,P,0.9927557106945649
3ogo,wt,G,29,P,0.9927557106945649
3ogo,predicted,G,30,V,0.988190222111523
3ogo,wt,G,30,V,0.988190222111523
3ogo,predicted,G,31,N,0.3866531711697289
3ogo,wt,G,31,N,0.3866531711697289
3ogo,predicted,G,32,R,0.5435232390447866
3ogo,wt,G,32,R,0.5435232390447866
3ogo,predicted,G,33,Y,0.9409198184775055
3ogo,wt,G,33,Y,0.9409198184775055
3ogo,predicted,G,34,S,0.5397171259143901
3ogo,wt,G,34,S,0.5397171259143901
3ogo,predicted,G,35,M,0.33954198850094075
3ogo,wt,G,35,M,0.33954198850094075
3ogo,predicted,G,36,R,0.7299904965438837
3ogo,wt,G,36,R,0.7299904965438837
3ogo,predicted,G,37,W,0.9998667961072562
3ogo,wt,G,37,W,0.9998667961072562
3ogo,predicted,G,38,Y,0.9595079522071464
3ogo,wt,G,38,Y,0.9595079522071464
3ogo,predicted,G,39,R,0.9052517289313343
3ogo,wt,G,39,R,0.9052517289313343
3ogo,predicted,G,40,Q,0.9125881494343592
3ogo,wt,G,40,Q,0.9125881494343592
3ogo,predicted,G,41,A,0.819916181518424
3ogo,wt,G,41,A,0.819916181518424
3ogo,predicted,G,42,P,0.9980042522736768
3ogo,wt,G,42,P,0.9980042522736768
3ogo,predicted,G,43,G,0.9838255150723901
3ogo,wt,G,43,G,0.9838255150723901
3ogo,predicted,G,44,K,0.5801426172008585
3ogo,wt,G,44,K,0.5801426172008585
3ogo,predicted,G,45,K,0.3646967483224583
3ogo,wt,G,45,E,0.31931907001416476
3ogo,predicted,G,46,R,0.9948452187592837
3ogo,wt,G,46,R,0.9948452187592837
3ogo,predicted,G,47,Q,0.641717688613327
3ogo,wt,G,47,E,0.30138602878562093
3ogo,predicted,G,48,W,0.991514149683807
3ogo,wt,G,48,W,0.991514149683807
3ogo,predicted,G,49,V,0.9962755945780642
3ogo,wt,G,49,V,0.9962755945780642
3ogo,predicted,G,50,A,0.9528347578690136
3ogo,wt,G,50,A,0.9528347578690136
3ogo,predicted,G,51,G,0.9999926444812065
3ogo,wt,G,51,G,0.9999926444812065
3ogo,predicted,G,52,M,0.6121368769749209
3ogo,wt,G,52,M,0.6121368769749209
3ogo,predicted,G,53,S,0.7330730436774506
3ogo,wt,G,53,S,0.7330730436774506
3ogo,predicted,G,54,A,0.9727357838078543
3ogo,wt,G,54,S,0.02717018010567274
3ogo,predicted,G,55,A,0.8240161061930212
3ogo,wt,G,55,A,0.8240161061930212
3ogo,predicted,G,56,G,0.9999998003099732
3ogo,wt,G,56,G,0.9999998003099732
3ogo,predicted,G,57,D,0.9684876917146977
3ogo,wt,G,57,D,0.9684876917146977
3ogo,predicted,G,58,R,0.9625551141008898
3ogo,wt,G,58,R,0.9625551141008898
3ogo,predicted,G,59,A,0.9153217235529493
3ogo,wt,G,59,S,0.06484924915963056
3ogo,predicted,G,60,S,0.5030362730436696
3ogo,wt,G,60,S,0.5030362730436696
3ogo,predicted,G,61,Y,0.9746712605497754
3ogo,wt,G,61,Y,0.9746712605497754
3ogo,predicted,G,62,C,0.368071262477317
3ogo,wt,G,62,E,0.002564765567401306
3ogo,predicted,G,63,D,0.49290825708420805
3ogo,wt,G,63,D,0.49290825708420805
3ogo,predicted,G,64,A,0.6699617387366872
3ogo,wt,G,64,S,0.2614673389359179
3ogo,predicted,G,65,V,0.9919358879062691
3ogo,wt,G,65,V,0.9919358879062691
3ogo,predicted,G,66,K,0.5025634764619572
3ogo,wt,G,66,K,0.5025634764619572
3ogo,predicted,G,67,G,0.9999998700104579
3ogo,wt,G,67,G,0.9999998700104579
3ogo,predicted,G,68,R,0.9923398304996479
3ogo,wt,G,68,R,0.9923398304996479
3ogo,predicted,G,69,F,0.6873382145276347
3ogo,wt,G,69,F,0.6873382145276347
3ogo,predicted,G,70,Q,0.47886663648957123
3ogo,wt,G,70,T,0.15352046557153645
3ogo,predicted,G,71,I,0.9983285855153543
3ogo,wt,G,71,I,0.9983285855153543
3ogo,predicted,G,72,S,0.981954251155352
3ogo,wt,G,72,S,0.981954251155352
3ogo,predicted,G,73,R,0.7259142449004999
3ogo,wt,G,73,R,0.7259142449004999
3ogo,predicted,G,74,D,0.9860586275031599
3ogo,wt,G,74,D,0.9860586275031599
3ogo,predicted,G,75,D,0.5558507547972045
3ogo,wt,G,75,D,0.5558507547972045
3ogo,predicted,G,76,A,0.8537457287978215
3ogo,wt,G,76,A,0.8537457287978215
3ogo,predicted,G,77,Q,0.2904529943786501
3ogo,wt,G,77,R,0.08683044404995431
3ogo,predicted,G,78,N,0.8978217644904961
3ogo,wt,G,78,N,0.8978217644904961
3ogo,predicted,G,79,T,0.8913940622790899
3ogo,wt,G,79,T,0.8913940622790899
3ogo,predicted,G,80,L,0.5331177472443708
3ogo,wt,G,80,V,0.07791394366698294
3ogo,predicted,G,81,Y,0.9548671400236347
3ogo,wt,G,81,Y,0.9548671400236347
3ogo,predicted,G,82,L,0.9999988247106684
3ogo,wt,G,82,L,0.9999988247106684
3ogo,predicted,G,83,Q,0.9363483125115847
3ogo,wt,G,83,Q,0.9363483125115847
3ogo,predicted,G,84,M,0.9982395006257674
3ogo,wt,G,84,M,0.9982395006257674
3ogo,predicted,G,85,N,0.7858108693421894
3ogo,wt,G,85,N,0.7858108693421894
3ogo,predicted,G,86,S,0.5482616424921238
3ogo,wt,G,86,S,0.5482616424921238
3ogo,predicted,G,87,L,0.999972967049504
3ogo,wt,G,87,L,0.999972967049504
3ogo,predicted,G,88,K,0.636260058227902
3ogo,wt,G,88,K,0.636260058227902
3ogo,predicted,G,89,P,0.9998912849870942
3ogo,wt,G,89,P,0.9998912849870942
3ogo,predicted,G,90,E,0.9886382420564453
3ogo,wt,G,90,E,0.9886382420564453
3ogo,predicted,G,91,D,0.9999946658748248
3ogo,wt,G,91,D,0.9999946658748248
3ogo,predicted,G,92,T,0.979961446400181
3ogo,wt,G,92,T,0.979961446400181
3ogo,predicted,G,93,A,0.9501704517549001
3ogo,wt,G,93,A,0.9501704517549001
3ogo,predicted,G,94,V,0.9753198716486052
3ogo,wt,G,94,V,0.9753198716486052
3ogo,predicted,G,95,Y,0.984835710748515
3ogo,wt,G,95,Y,0.984835710748515
3ogo,predicted,G,96,Y,0.9088451968277332
3ogo,wt,G,96,Y,0.9088451968277332
3ogo,predicted,G,97,C,0.7227996235471745
3ogo,wt,G,97,C,0.7227996235471745
3ogo,predicted,G,98,Q,0.4790306051058961
3ogo,wt,G,98,N,0.0051136137312263845
3ogo,predicted,G,99,V,0.9976279444596603
3ogo,wt,G,99,V,0.9976279444596603
3ogo,predicted,G,100,S,0.338396665650796
3ogo,wt,G,100,N,0.23730315133935584
3ogo,predicted,G,101,V,0.8370619583530936
3ogo,wt,G,101,V,0.8370619583530936
3ogo,predicted,G,102,G,0.9999999723451723
3ogo,wt,G,102,G,0.9999999723451723
3ogo,predicted,G,103,F,0.832945230734194
3ogo,wt,G,103,F,0.832945230734194
3ogo,predicted,G,104,E,0.9843560725503547
3ogo,wt,G,104,E,0.9843560725503547
3ogo,predicted,G,105,H,0.5207841025022024
3ogo,wt,G,105,Y,0.3565425984334268
3ogo,predicted,G,106,W,0.9790073034469828
3ogo,wt,G,106,W,0.9790073034469828
3ogo,predicted,G,107,G,0.9999988253038335
3ogo,wt,G,107,G,0.9999988253038335
3ogo,predicted,G,108,Q,0.43939671788122475
3ogo,wt,G,108,Q,0.43939671788122475
3ogo,predicted,G,109,G,0.9999999999999759
3ogo,wt,G,109,G,0.9999999999999759
3ogo,predicted,G,110,T,0.9976186777826856
3ogo,wt,G,110,T,0.9976186777826856
3ogo,predicted,G,111,Q,0.8094792343987063
3ogo,wt,G,111,Q,0.8094792343987063
3ogo,predicted,G,112,V,0.9999683715100741
3ogo,wt,G,112,V,0.9999683715100741
3ogo,predicted,G,113,T,0.9396811013912577
3ogo,wt,G,113,T,0.9396811013912577
3ogo,predicted,G,114,V,0.9471386400876657
3ogo,wt,G,114,V,0.9471386400876657
3ogo,predicted,G,115,S,0.7751076695218592
3ogo,wt,G,115,S,0.7751076695218592
3ogo,predicted,G,116,T,0.44105228453518136
3ogo,wt,G,116,S,0.30858806934556826
3ogo,predicted,H,2,G,0.8804715283263279
3ogo,wt,H,2,Q,0.009315326513101529
3ogo,predicted,H,3,V,0.981236628433645
3ogo,wt,H,3,V,0.981236628433645
3ogo,predicted,H,4,K,0.31135339488805686
3ogo,wt,H,4,Q,0.26766929777050086
3ogo,predicted,H,5,L,0.9999982558689586
3ogo,wt,H,5,L,0.9999982558689586
3ogo,predicted,H,6,T,0.6281798410074547
3ogo,wt,H,6,V,0.3494433658432418
3ogo,predicted,H,7,E,0.9594852608480599
3ogo,wt,H,7,E,0.9594852608480599
3ogo,predicted,H,8,G,0.6489243302213601
3ogo,wt,H,8,S,0.08638720318538336
3ogo,predicted,H,9,G,0.9999999970625489
3ogo,wt,H,9,G,0.9999999970625489
3ogo,predicted,H,10,G,0.9999990662853078
3ogo,wt,H,10,G,0.9999990662853078
3ogo,predicted,H,11,G,0.7414093675948896
3ogo,wt,H,11,A,0.24397810002827736
3ogo,predicted,H,12,H,0.4390921735166993
3ogo,wt,H,12,L,0.058570342706489475
3ogo,predicted,H,13,V,0.9693114082654146
3ogo,wt,H,13,V,0.9693114082654146
3ogo,predicted,H,14,E,0.7147501071918155
3ogo,wt,H,14,Q,0.02729479408028512
3ogo,predicted,H,15,P,0.9999969362176101
3ogo,wt,H,15,P,0.9999969362176101
3ogo,predicted,H,16,G,0.9999997933803239
3ogo,wt,H,16,G,0.9999997933803239
3ogo,predicted,H,17,G,0.9999996357286697
3ogo,wt,H,17,G,0.9999996357286697
3ogo,predicted,H,18,S,0.950135227682832
3ogo,wt,H,18,S,0.950135227682832
3ogo,predicted,H,19,L,0.9997164260304866
3ogo,wt,H,19,L,0.9997164260304866
3ogo,predicted,H,20,K,0.7425938348278699
3ogo,wt,H,20,R,0.25613211852620094
3ogo,predicted,H,21,L,0.999996922713026
3ogo,wt,H,21,L,0.999996922713026
3ogo,predicted,H,22,S,0.8722180089140079
3ogo,wt,H,22,S,0.8722180089140079
3ogo,predicted,H,23,C,0.9814081559868789
3ogo,wt,H,23,C,0.9814081559868789
3ogo,predicted,H,24,D,0.37543963818705395
3ogo,wt,H,24,A,0.16482629577258512
3ogo,predicted,H,25,A,0.9919470329035877
3ogo,wt,H,25,A,0.9919470329035877
3ogo,predicted,H,26,S,0.9936704947835632
3ogo,wt,H,26,S,0.9936704947835632
3ogo,predicted,H,27,G,0.9999999845358397
3ogo,wt,H,27,G,0.9999999845358397
3ogo,predicted,H,28,F,0.9900765677825497
3ogo,wt,H,28,F,0.9900765677825497
3ogo,predicted,H,29,P,0.9974358619317852
3ogo,wt,H,29,P,0.9974358619317852
3ogo,predicted,H,30,V,0.9665835406354825
3ogo,wt,H,30,V,0.9665835406354825
3ogo,predicted,H,31,S,0.5399496221692192
3ogo,wt,H,31,N,0.26485638444211124
3ogo,predicted,H,32,Q,0.32539872486916643
3ogo,wt,H,32,R,0.049242188807538716
3ogo,predicted,H,33,Y,0.917415258732276
3ogo,wt,H,33,Y,0.917415258732276
3ogo,predicted,H,34,A,0.7902176601058725
3ogo,wt,H,34,S,0.15843690253417433
3ogo,predicted,H,35,M,0.6031902227474465
3ogo,wt,H,35,M,0.6031902227474465
3ogo,predicted,H,36,H,0.5535711875882311
3ogo,wt,H,36,R,0.11165664798512748
3ogo,predicted,H,37,W,0.9999498902476373
3ogo,wt,H,37,W,0.9999498902476373
3ogo,predicted,H,38,Y,0.966632358141505
3ogo,wt,H,38,Y,0.966632358141505
3ogo,predicted,H,39,R,0.9116307448867985
3ogo,wt,H,39,R,0.9116307448867985
3ogo,predicted,H,40,Q,0.9846249618809898
3ogo,wt,H,40,Q,0.9846249618809898
3ogo,predicted,H,41,A,0.9544708652182695
3ogo,wt,H,41,A,0.9544708652182695
3ogo,predicted,H,42,P,0.9987229905053452
3ogo,wt,H,42,P,0.9987229905053452
3ogo,predicted,H,43,G,0.9991520772880579
3ogo,wt,H,43,G,0.9991520772880579
3ogo,predicted,H,44,K,0.7413492664194231
3ogo,wt,H,44,K,0.7413492664194231
3ogo,predicted,H,45,A,0.32330241975029744
3ogo,wt,H,45,E,0.08747066603747866
3ogo,predicted,H,46,R,0.9458833838594783
3ogo,wt,H,46,R,0.9458833838594783
3ogo,predicted,H,47,Q,0.7080093100310655
3ogo,wt,H,47,E,0.23931115129191025
3ogo,predicted,H,48,W,0.9940366074499541
3ogo,wt,H,48,W,0.9940366074499541
3ogo,predicted,H,49,V,0.9967623050320754
3ogo,wt,H,49,V,0.9967623050320754
3ogo,predicted,H,50,A,0.9357104028446357
3ogo,wt,H,50,A,0.9357104028446357
3ogo,predicted,H,51,G,0.9946577473176008
3ogo,wt,H,51,G,0.9946577473176008
3ogo,predicted,H,52,Q,0.47428154431142483
3ogo,wt,H,52,M,0.4462371776873059
3ogo,predicted,H,53,S,0.5906264364266618
3ogo,wt,H,53,S,0.5906264364266618
3ogo,predicted,H,54,S,0.535671558327437
3ogo,wt,H,54,S,0.535671558327437
3ogo,predicted,H,55,A,0.8549902697458259
3ogo,wt,H,55,A,0.8549902697458259
3ogo,predicted,H,56,G,0.9999997924153065
3ogo,wt,H,56,G,0.9999997924153065
3ogo,predicted,H,57,D,0.8624772284232901
3ogo,wt,H,57,D,0.8624772284232901
3ogo,predicted,H,58,R,0.6979738310499278
3ogo,wt,H,58,R,0.6979738310499278
3ogo,predicted,H,59,T,0.4710885581816003
3ogo,wt,H,59,S,0.07029424973561639
3ogo,predicted,H,60,A,0.5872618224575135
3ogo,wt,H,60,S,0.3976484965984876
3ogo,predicted,H,61,Y,0.942874669402757
3ogo,wt,H,61,Y,0.942874669402757
3ogo,predicted,H,62,S,0.5880767888318473
3ogo,wt,H,62,E,0.0006753781477794636
3ogo,predicted,H,63,D,0.83072569318239
3ogo,wt,H,63,D,0.83072569318239
3ogo,predicted,H,64,A,0.6215477094830495
3ogo,wt,H,64,S,0.31053067012643537
3ogo,predicted,H,65,V,0.9985492253797691
3ogo,wt,H,65,V,0.9985492253797691
3ogo,predicted,H,66,K,0.7400818612310126
3ogo,wt,H,66,K,0.7400818612310126
3ogo,predicted,H,67,G,0.9999783701668998
3ogo,wt,H,67,G,0.9999783701668998
3ogo,predicted,H,68,R,0.9998679924863945
3ogo,wt,H,68,R,0.9998679924863945
3ogo,predicted,H,69,F,0.6435178340335752
3ogo,wt,H,69,F,0.6435178340335752
3ogo,predicted,H,70,T,0.9044527282404621
3ogo,wt,H,70,T,0.9044527282404621
3ogo,predicted,H,71,I,0.9983187292906077
3ogo,wt,H,71,I,0.9983187292906077
3ogo,predicted,H,72,S,0.8443886269349531
3ogo,wt,H,72,S,0.8443886269349531
3ogo,predicted,H,73,R,0.9244949278950894
3ogo,wt,H,73,R,0.9244949278950894
3ogo,predicted,H,74,D,0.9948342194416426
3ogo,wt,H,74,D,0.9948342194416426
3ogo,predicted,H,75,A,0.554011902238002
3ogo,wt,H,75,D,0.06105590827391474
3ogo,predicted,H,76,A,0.7938760310105203
3ogo,wt,H,76,A,0.7938760310105203
3ogo,predicted,H,77,R,0.6689301037157273
3ogo,wt,H,77,R,0.6689301037157273
3ogo,predicted,H,78,N,0.7241713368776304
3ogo,wt,H,78,N,0.7241713368776304
3ogo,predicted,H,79,T,0.9278336865535594
3ogo,wt,H,79,T,0.9278336865535594
3ogo,predicted,H,80,V,0.36269060513868084
3ogo,wt,H,80,V,0.36269060513868084
3ogo,predicted,H,81,Y,0.9505546844668954
3ogo,wt,H,81,Y,0.9505546844668954
3ogo,predicted,H,82,L,0.9999995653893952
3ogo,wt,H,82,L,0.9999995653893952
3ogo,predicted,H,83,Q,0.6933564042638708
3ogo,wt,H,83,Q,0.6933564042638708
3ogo,predicted,H,84,M,0.9972155242588494
3ogo,wt,H,84,M,0.9972155242588494
3ogo,predicted,H,85,N,0.9558361696887943
3ogo,wt,H,85,N,0.9558361696887943
3ogo,predicted,H,86,S,0.5187805624535001
3ogo,wt,H,86,S,0.5187805624535001
3ogo,predicted,H,87,L,0.9875167279880447
3ogo,wt,H,87,L,0.9875167279880447
3ogo,predicted,H,88,K,0.7232129485096243
3ogo,wt,H,88,K,0.7232129485096243
3ogo,predicted,H,89,P,0.9999922650638856
3ogo,wt,H,89,P,0.9999922650638856
3ogo,predicted,H,90,E,0.9814861736242512
3ogo,wt,H,90,E,0.9814861736242512
3ogo,predicted,H,91,D,0.9999972694919813
3ogo,wt,H,91,D,0.9999972694919813
3ogo,predicted,H,92,T,0.9764337075238668
3ogo,wt,H,92,T,0.9764337075238668
3ogo,predicted,H,93,A,0.9026644499032505
3ogo,wt,H,93,A,0.9026644499032505
3ogo,predicted,H,94,V,0.9644034140528087
3ogo,wt,H,94,V,0.9644034140528087
3ogo,predicted,H,95,Y,0.9700402951559908
3ogo,wt,H,95,Y,0.9700402951559908
3ogo,predicted,H,96,Y,0.9650905116939993
3ogo,wt,H,96,Y,0.9650905116939993
3ogo,predicted,H,97,C,0.6274687510143362
3ogo,wt,H,97,C,0.6274687510143362
3ogo,predicted,H,98,Q,0.6746342977363566
3ogo,wt,H,98,N,0.10526166799331253
3ogo,predicted,H,99,V,0.998597099150181
3ogo,wt,H,99,V,0.998597099150181
3ogo,predicted,H,100,T,0.41219485758062313
3ogo,wt,H,100,N,0.06901489810598008
3ogo,predicted,H,101,V,0.8016252535123414
3ogo,wt,H,101,V,0.8016252535123414
3ogo,predicted,H,102,G,0.9988949100902181
3ogo,wt,H,102,G,0.9988949100902181
3ogo,predicted,H,103,E,0.23920882692712586
3ogo,wt,H,103,F,0.0016219374988008222
3ogo,predicted,H,104,E,0.9119210406529664
3ogo,wt,H,104,E,0.9119210406529664
3ogo,predicted,H,105,Y,0.6691397077525977
3ogo,wt,H,105,Y,0.6691397077525977
3ogo,predicted,H,106,W,0.9769059178229473
3ogo,wt,H,106,W,0.9769059178229473
3ogo,predicted,H,107,G,0.9999989689155618
3ogo,wt,H,107,G,0.9999989689155618
3ogo,predicted,H,108,Q,0.2970955165348171
3ogo,wt,H,108,Q,0.2970955165348171
3ogo,predicted,H,109,G,0.9999999999999666
3ogo,wt,H,109,G,0.9999999999999666
3ogo,predicted,H,110,T,0.996220636386044
3ogo,wt,H,110,T,0.996220636386044
3ogo,predicted,H,111,Q,0.7326710357891976
3ogo,wt,H,111,Q,0.7326710357891976
3ogo,predicted,H,112,V,0.9998838025752068
3ogo,wt,H,112,V,0.9998838025752068
3ogo,predicted,H,113,T,0.878465061160512
3ogo,wt,H,113,T,0.878465061160512
3ogo,predicted,H,114,V,0.9524972560752715
3ogo,wt,H,114,V,0.9524972560752715
3ogo,predicted,H,115,K,0.2693400195838381
3ogo,wt,H,115,S,0.04165286293864301
3ogo,predicted,H,116,S,0.34352495875812367
3ogo,wt,H,116,S,0.34352495875812367
3ogo,predicted,H,117,H,0.3487863486300571
3ogo,wt,H,117,K,0.05146293363170288
