"","gene","chain","position","aa_predicted","aa_wt","freq_predicted","freq_wt"
"1","3ogo","G",1,"M","M",0.107494061769949,0.107494061769949
"2","3ogo","G",2,"K","Q",0.233435124760646,0.11218860880589
"3","3ogo","G",3,"V","V",0.994283930129094,0.994283930129094
"4","3ogo","G",4,"Q","Q",0.579241654323048,0.579241654323048
"5","3ogo","G",5,"L","L",0.99999518869047,0.99999518869047
"6","3ogo","G",6,"T","V",0.409433306336984,0.0636920438435175
"7","3ogo","G",7,"E","E",0.931011334107063,0.931011334107063
"8","3ogo","G",8,"S","S",0.91288252933306,0.91288252933306
"9","3ogo","G",9,"G","G",0.999998006903007,0.999998006903007
"10","3ogo","G",10,"G","G",0.999999995056797,0.999999995056797
"11","3ogo","G",11,"A","A",0.848844735377379,0.848844735377379
"12","3ogo","G",12,"H","L",0.308492825241839,0.242793892890875
"13","3ogo","G",13,"V","V",0.951101622093392,0.951101622093392
"14","3ogo","G",14,"Q","Q",0.18103515768359,0.18103515768359
"15","3ogo","G",15,"P","P",0.999559165636899,0.999559165636899
"16","3ogo","G",16,"G","G",0.999999973280026,0.999999973280026
"17","3ogo","G",17,"G","G",0.979822310242798,0.979822310242798
"18","3ogo","G",18,"S","S",0.965662910672533,0.965662910672533
"19","3ogo","G",19,"L","L",0.999098531011056,0.999098531011056
"20","3ogo","G",20,"R","R",0.569535106955975,0.569535106955975
"21","3ogo","G",21,"L","L",0.999999632572103,0.999999632572103
"22","3ogo","G",22,"S","S",0.860312116911969,0.860312116911969
"23","3ogo","G",23,"C","C",0.994575405121037,0.994575405121037
"24","3ogo","G",24,"A","A",0.682405973951816,0.682405973951816
"25","3ogo","G",25,"A","A",0.987570418767941,0.987570418767941
"26","3ogo","G",26,"S","S",0.995063655377234,0.995063655377234
"27","3ogo","G",27,"G","G",0.999999993633283,0.999999993633283
"28","3ogo","G",28,"F","F",0.880309215299675,0.880309215299675
"29","3ogo","G",29,"P","P",0.992755710694565,0.992755710694565
"30","3ogo","G",30,"V","V",0.988190222111523,0.988190222111523
"31","3ogo","G",31,"N","N",0.386653171169729,0.386653171169729
"32","3ogo","G",32,"R","R",0.543523239044787,0.543523239044787
"33","3ogo","G",33,"Y","Y",0.940919818477505,0.940919818477505
"34","3ogo","G",34,"S","S",0.53971712591439,0.53971712591439
"35","3ogo","G",35,"M","M",0.339541988500941,0.339541988500941
"36","3ogo","G",36,"R","R",0.729990496543884,0.729990496543884
"37","3ogo","G",37,"W","W",0.999866796107256,0.999866796107256
"38","3ogo","G",38,"Y","Y",0.959507952207146,0.959507952207146
"39","3ogo","G",39,"R","R",0.905251728931334,0.905251728931334
"40","3ogo","G",40,"Q","Q",0.912588149434359,0.912588149434359
"41","3ogo","G",41,"A","A",0.819916181518424,0.819916181518424
"42","3ogo","G",42,"P","P",0.998004252273677,0.998004252273677
"43","3ogo","G",43,"G","G",0.98382551507239,0.98382551507239
"44","3ogo","G",44,"K","K",0.580142617200858,0.580142617200858
"45","3ogo","G",45,"K","E",0.364696748322458,0.319319070014165
"46","3ogo","G",46,"R","R",0.994845218759284,0.994845218759284
"47","3ogo","G",47,"Q","E",0.641717688613327,0.301386028785621
"48","3ogo","G",48,"W","W",0.991514149683807,0.991514149683807
"49","3ogo","G",49,"V","V",0.996275594578064,0.996275594578064
"50","3ogo","G",50,"A","A",0.952834757869014,0.952834757869014
"51","3ogo","G",51,"G","G",0.999992644481207,0.999992644481207
"52","3ogo","G",52,"M","M",0.612136876974921,0.612136876974921
"53","3ogo","G",53,"S","S",0.733073043677451,0.733073043677451
"54","3ogo","G",54,"A","S",0.972735783807854,0.0271701801056727
"55","3ogo","G",55,"A","A",0.824016106193021,0.824016106193021
"56","3ogo","G",56,"G","G",0.999999800309973,0.999999800309973
"57","3ogo","G",57,"D","D",0.968487691714698,0.968487691714698
"58","3ogo","G",58,"R","R",0.96255511410089,0.96255511410089
"59","3ogo","G",59,"A","S",0.915321723552949,0.0648492491596306
"60","3ogo","G",60,"S","S",0.50303627304367,0.50303627304367
"61","3ogo","G",61,"Y","Y",0.974671260549775,0.974671260549775
"62","3ogo","G",62,"C","E",0.368071262477317,0.00256476556740131
"63","3ogo","G",63,"D","D",0.492908257084208,0.492908257084208
"64","3ogo","G",64,"A","S",0.669961738736687,0.261467338935918
"65","3ogo","G",65,"V","V",0.991935887906269,0.991935887906269
"66","3ogo","G",66,"K","K",0.502563476461957,0.502563476461957
"67","3ogo","G",67,"G","G",0.999999870010458,0.999999870010458
"68","3ogo","G",68,"R","R",0.992339830499648,0.992339830499648
"69","3ogo","G",69,"F","F",0.687338214527635,0.687338214527635
"70","3ogo","G",70,"Q","T",0.478866636489571,0.153520465571536
"71","3ogo","G",71,"I","I",0.998328585515354,0.998328585515354
"72","3ogo","G",72,"S","S",0.981954251155352,0.981954251155352
"73","3ogo","G",73,"R","R",0.7259142449005,0.7259142449005
"74","3ogo","G",74,"D","D",0.98605862750316,0.98605862750316
"75","3ogo","G",75,"D","D",0.555850754797204,0.555850754797204
"76","3ogo","G",76,"A","A",0.853745728797822,0.853745728797822
"77","3ogo","G",77,"Q","R",0.29045299437865,0.0868304440499543
"78","3ogo","G",78,"N","N",0.897821764490496,0.897821764490496
"79","3ogo","G",79,"T","T",0.89139406227909,0.89139406227909
"80","3ogo","G",80,"L","V",0.533117747244371,0.0779139436669829
"81","3ogo","G",81,"Y","Y",0.954867140023635,0.954867140023635
"82","3ogo","G",82,"L","L",0.999998824710668,0.999998824710668
"83","3ogo","G",83,"Q","Q",0.936348312511585,0.936348312511585
"84","3ogo","G",84,"M","M",0.998239500625767,0.998239500625767
"85","3ogo","G",85,"N","N",0.785810869342189,0.785810869342189
"86","3ogo","G",86,"S","S",0.548261642492124,0.548261642492124
"87","3ogo","G",87,"L","L",0.999972967049504,0.999972967049504
"88","3ogo","G",88,"K","K",0.636260058227902,0.636260058227902
"89","3ogo","G",89,"P","P",0.999891284987094,0.999891284987094
"90","3ogo","G",90,"E","E",0.988638242056445,0.988638242056445
"91","3ogo","G",91,"D","D",0.999994665874825,0.999994665874825
"92","3ogo","G",92,"T","T",0.979961446400181,0.979961446400181
"93","3ogo","G",93,"A","A",0.9501704517549,0.9501704517549
"94","3ogo","G",94,"V","V",0.975319871648605,0.975319871648605
"95","3ogo","G",95,"Y","Y",0.984835710748515,0.984835710748515
"96","3ogo","G",96,"Y","Y",0.908845196827733,0.908845196827733
"97","3ogo","G",97,"C","C",0.722799623547175,0.722799623547175
"98","3ogo","G",98,"Q","N",0.479030605105896,0.00511361373122638
"99","3ogo","G",99,"V","V",0.99762794445966,0.99762794445966
"100","3ogo","G",100,"S","N",0.338396665650796,0.237303151339356
"101","3ogo","G",101,"V","V",0.837061958353094,0.837061958353094
"102","3ogo","G",102,"G","G",0.999999972345172,0.999999972345172
"103","3ogo","G",103,"F","F",0.832945230734194,0.832945230734194
"104","3ogo","G",104,"E","E",0.984356072550355,0.984356072550355
"105","3ogo","G",105,"H","Y",0.520784102502202,0.356542598433427
"106","3ogo","G",106,"W","W",0.979007303446983,0.979007303446983
"107","3ogo","G",107,"G","G",0.999998825303834,0.999998825303834
"108","3ogo","G",108,"Q","Q",0.439396717881225,0.439396717881225
"109","3ogo","G",109,"G","G",0.999999999999976,0.999999999999976
"110","3ogo","G",110,"T","T",0.997618677782686,0.997618677782686
"111","3ogo","G",111,"Q","Q",0.809479234398706,0.809479234398706
"112","3ogo","G",112,"V","V",0.999968371510074,0.999968371510074
"113","3ogo","G",113,"T","T",0.939681101391258,0.939681101391258
"114","3ogo","G",114,"V","V",0.947138640087666,0.947138640087666
"115","3ogo","G",115,"S","S",0.775107669521859,0.775107669521859
"116","3ogo","G",116,"T","S",0.441052284535181,0.308588069345568
