model,pdb_id,chain_id,pos,wtAA,prAA,wt_prob,pred_prob,avg_log_ratio,prALA,prARG,prASN,prASP,prCYS,prGLN,prGLU,prGLY,prHIS,prILE,prLEU,prLYS,prMET,prPHE,prPRO,prSER,prTHR,prTRP,prTYR,prVAL
EnsResNet,nanobodyscaffold.fw2.sasa.cif,A,1,MET,ALA,0.097855,0.124623,0.3488528,0.124623,0.040275,0.025852,0.031896,0.004425,0.038402,0.068778,0.026017,0.035711,0.027922,0.065229,0.091054,0.097855,0.015792,0.080505,0.088908,0.0701,0.004962,0.01117,0.050524
EnsResNet,nanobodyscaffold.fw2.sasa.cif,A,2,ALA,LYS,0.055707,0.200157,1.8452015,0.055707,0.067604,0.01261,0.008466,0.003579,0.048458,0.056431,0.000212,0.017667,0.082188,0.111569,0.200157,0.034108,0.01355,0.029046,0.024948,0.082705,0.00312,0.00908,0.138794
EnsResNet,nanobodyscaffold.fw2.sasa.cif,A,3,GLU,GLU,0.370877,0.370877,0.0,0.062642,0.036187,0.016088,0.026325,0.001688,0.109304,0.370877,9.2e-05,0.008607,0.020726,0.027587,0.089465,0.006413,0.002271,0.009537,0.039224,0.107354,0.000467,0.002289,0.062857
EnsResNet,nanobodyscaffold.fw2.sasa.cif,A,4,VAL,LYS,0.101544,0.357305,1.8150511,0.043064,0.178978,0.003996,0.000509,0.013389,0.06868,0.01622,3e-06,0.025698,0.023275,0.014874,0.357305,0.017089,0.006699,0.101274,0.004089,0.010907,0.001421,0.010986,0.101544
EnsResNet,nanobodyscaffold.fw2.sasa.cif,A,5,GLN,THR,0.10247,0.198556,0.9543444,0.050479,0.077073,0.073935,0.022933,0.004137,0.10247,0.112472,8e-06,0.041258,0.0187,0.012768,0.143609,0.005659,0.004616,0.000356,0.079272,0.198556,0.001247,0.00417,0.046281
EnsResNet,nanobodyscaffold.fw2.sasa.cif,A,6,LEU,LEU,0.992581,0.992581,0.0,8e-06,0.00067,1.9e-05,0.0,0.001828,8.7e-05,6e-06,0.0,9e-06,0.000857,0.992581,0.00074,0.001671,6e-06,0.0,1e-06,0.000194,0.0,2e-06,0.00132
EnsResNet,nanobodyscaffold.fw2.sasa.cif,A,7,GLN,THR,0.064864,0.192474,1.5691736,0.026092,0.074385,0.127148,0.045739,0.002201,0.064864,0.099786,1.5e-05,0.062233,0.020822,0.010567,0.132569,0.003104,0.005212,0.00057,0.064088,0.192474,0.001344,0.006975,0.059814
EnsResNet,nanobodyscaffold.fw2.sasa.cif,A,8,ALA,ALA,0.681754,0.681754,0.0,0.681754,0.000111,0.000405,0.000368,0.009579,0.000968,0.002793,1.7e-05,0.000302,3.8e-05,3.8e-05,0.000117,0.00016,1e-04,0.278437,0.023015,0.000899,5.5e-05,0.000151,0.000693
EnsResNet,nanobodyscaffold.fw2.sasa.cif,A,9,SER,SER,0.370847,0.370847,0.0,0.180443,0.009948,0.047793,0.075533,0.001299,0.060823,0.182801,2.5e-05,0.004122,0.000238,0.001455,0.016882,0.000673,0.00017,0.000514,0.370847,0.04509,5.4e-05,0.000282,0.001008
EnsResNet,nanobodyscaffold.fw2.sasa.cif,A,10,GLY,GLY,0.99951,0.99951,0.0,4.2e-05,6e-06,4e-05,4.6e-05,1.6e-05,2.1e-05,1.6e-05,0.99951,1.9e-05,6e-06,1.7e-05,1.1e-05,4.1e-05,5e-06,0.000119,6.8e-05,6e-06,2e-06,5e-06,4e-06
EnsResNet,nanobodyscaffold.fw2.sasa.cif,A,11,GLY,GLY,0.999983,0.999983,0.0,2e-06,0.0,0.0,0.0,1e-05,0.0,0.0,0.999983,1e-06,0.0,0.0,0.0,0.0,0.0,1e-06,3e-06,0.0,0.0,0.0,0.0
EnsResNet,nanobodyscaffold.fw2.sasa.cif,A,12,GLY,GLY,0.999981,0.999981,0.0,2e-06,0.0,2e-06,1e-06,3e-06,1e-06,0.0,0.999981,2e-06,0.0,1e-06,0.0,2e-06,0.0,1e-06,3e-06,0.0,0.0,0.0,0.0
EnsResNet,nanobodyscaffold.fw2.sasa.cif,A,13,PHE,PHE,0.320244,0.320244,0.0,0.00594,0.049022,0.004505,0.001745,0.000978,0.016258,0.013546,2.7e-05,0.032739,0.021444,0.148968,0.119882,0.019996,0.320244,0.002242,0.003671,0.020719,0.028125,0.163189,0.02676
EnsResNet,nanobodyscaffold.fw2.sasa.cif,A,14,VAL,VAL,0.910159,0.910159,0.0,0.010121,0.004805,6.4e-05,7e-06,0.004004,0.002038,0.000838,0.0,0.000239,0.039909,0.002263,0.008664,0.001645,0.00012,6.8e-05,0.000293,0.014513,3.5e-05,0.000216,0.910159
EnsResNet,nanobodyscaffold.fw2.sasa.cif,A,15,GLN,GLN,0.288229,0.288229,0.0,0.052116,0.034972,0.028886,0.029285,0.002709,0.288229,0.203008,0.00022,0.0433,0.003267,0.080236,0.043247,0.026799,0.026588,0.00582,0.050477,0.019388,0.031472,0.026752,0.003229
EnsResNet,nanobodyscaffold.fw2.sasa.cif,A,16,ALA,ALA,0.438983,0.438983,0.0,0.438983,0.041191,0.007112,0.003601,0.003661,0.116059,0.09596,3e-06,0.005704,0.001151,0.004588,0.058709,0.00501,0.000714,0.001384,0.158417,0.048898,0.000267,0.001107,0.007481
EnsResNet,nanobodyscaffold.fw2.sasa.cif,A,17,GLY,GLY,0.999968,0.999968,0.0,2e-06,0.0,1e-06,1e-06,3e-06,2e-06,0.0,0.999968,3e-06,1e-06,2e-06,0.0,8e-06,1e-06,2e-06,3e-06,0.0,1e-06,1e-06,0.0
EnsResNet,nanobodyscaffold.fw2.sasa.cif,A,18,GLY,GLY,0.999969,0.999969,0.0,2e-06,0.0,0.0,0.0,2e-06,0.0,0.0,0.999969,2e-06,1e-06,2e-06,1e-06,1e-05,2e-06,2e-06,2e-06,0.0,1e-06,1e-06,1e-06
EnsResNet,nanobodyscaffold.fw2.sasa.cif,A,19,SER,SER,0.595367,0.595367,0.0,0.134115,0.004574,0.052469,0.036521,0.003055,0.025313,0.046133,9.3e-05,0.020419,8.6e-05,0.000216,0.006054,0.000443,0.000572,0.016038,0.595367,0.057126,0.000148,0.000791,0.000466
EnsResNet,nanobodyscaffold.fw2.sasa.cif,A,20,LEU,LEU,0.5615,0.5615,0.0,0.000411,0.015148,2e-05,1e-06,0.001061,0.000505,1.9e-05,0.0,0.000332,0.005328,0.5615,0.198915,0.21069,0.003077,7e-06,2.4e-05,0.000212,0.000499,0.000948,0.001304
EnsResNet,nanobodyscaffold.fw2.sasa.cif,A,21,ARG,LYS,0.203547,0.553511,1.4432502,0.003595,0.203547,0.005029,0.000482,0.003006,0.034415,0.00622,0.0,0.015575,0.003968,0.060789,0.553511,0.026064,0.004032,7e-05,0.004649,0.06635,0.001434,0.003176,0.004086
EnsResNet,nanobodyscaffold.fw2.sasa.cif,A,22,LEU,LEU,0.999281,0.999281,0.0,4e-06,4e-06,1e-06,0.0,7.9e-05,5e-06,3e-06,0.0,4e-06,0.00013,0.999281,1e-05,0.000232,7e-06,0.0,0.0,3.8e-05,1e-06,3e-06,0.000197
EnsResNet,nanobodyscaffold.fw2.sasa.cif,A,23,SER,SER,0.496122,0.496122,0.0,0.44629,0.001211,0.005278,0.005691,0.001212,0.00567,0.016466,8e-06,0.001299,2.1e-05,4.2e-05,0.001512,8.5e-05,4.6e-05,0.001848,0.496122,0.016882,2e-05,6e-05,0.000237
EnsResNet,nanobodyscaffold.fw2.sasa.cif,A,24,CYS,CYS,0.618119,0.618119,0.0,0.364828,5.9e-05,0.00032,3.3e-05,0.618119,0.000139,7.7e-05,1.8e-05,0.000592,3e-05,8.3e-05,6.8e-05,0.000287,0.000207,9e-05,0.014045,0.000399,4.9e-05,0.000227,0.000332
EnsResNet,nanobodyscaffold.fw2.sasa.cif,A,25,ALA,THR,0.026671,0.238212,3.1589022,0.026671,0.08819,0.046641,0.007867,0.00455,0.083784,0.100452,1e-06,0.119547,0.015015,0.003911,0.108816,0.002686,0.009868,0.000168,0.041152,0.238212,0.002574,0.016228,0.083668
EnsResNet,nanobodyscaffold.fw2.sasa.cif,A,26,ALA,ALA,0.901715,0.901715,0.0,0.901715,0.007373,0.001456,0.000676,0.019926,0.00306,0.001666,0.000155,0.002461,0.000468,0.001644,0.009093,0.006686,0.001785,0.006227,0.028223,0.002008,0.001087,0.001777,0.002515
EnsResNet,nanobodyscaffold.fw2.sasa.cif,A,27,SER,SER,0.462838,0.462838,0.0,0.052419,0.010844,0.030044,0.031653,0.001094,0.018731,0.050991,2.4e-05,0.006406,0.000415,0.001477,0.018712,0.000599,0.000231,0.00035,0.462838,0.310598,5.2e-05,0.000384,0.002138
EnsResNet,nanobodyscaffold.fw2.sasa.cif,A,28,GLY,GLY,0.999863,0.999863,0.0,1.5e-05,1e-06,9e-06,8e-06,5e-06,4e-06,4e-06,0.999863,6e-06,1e-06,8e-06,7e-06,2.6e-05,3e-06,8e-06,2.6e-05,4e-06,1e-06,1e-06,1e-06
EnsResNet,nanobodyscaffold.fw2.sasa.cif,A,29,PHE,LEU,0.001257,0.3641,8.178206,0.003614,0.147552,0.010522,0.000738,0.008186,0.0575,0.011379,2e-06,0.011858,0.036766,0.3641,0.076982,0.052761,0.001257,0.000288,0.006254,0.176984,0.001069,0.001756,0.030432
EnsResNet,nanobodyscaffold.fw2.sasa.cif,A,30,THR,PRO,0.109143,0.16529,0.5987798,0.053436,0.039694,0.056473,0.07035,0.002077,0.053114,0.108051,0.00065,0.023563,0.009442,0.020744,0.127107,0.006612,0.006766,0.16529,0.12411,0.109143,0.001585,0.004699,0.017097
EnsResNet,nanobodyscaffold.fw2.sasa.cif,A,31,SER,SER,0.205347,0.205347,0.0,0.052896,0.023942,0.133524,0.14093,0.005571,0.053153,0.106873,0.00035,0.027883,0.007246,0.011677,0.031453,0.006376,0.006413,0.001568,0.205347,0.157189,0.002247,0.006675,0.018687
EnsResNet,nanobodyscaffold.fw2.sasa.cif,A,32,ARG,SER,0.052093,0.204901,1.9757656,0.150468,0.052093,0.069732,0.065484,0.003689,0.058054,0.071637,0.002514,0.039499,0.003704,0.018758,0.111836,0.011485,0.007714,0.05012,0.204901,0.061596,0.00225,0.007582,0.006885
EnsResNet,nanobodyscaffold.fw2.sasa.cif,A,33,THR,THR,0.463127,0.463127,0.0,0.006384,0.054884,0.060785,0.011883,0.004166,0.029081,0.022451,1.5e-05,0.064035,0.03015,0.013276,0.107138,0.00453,0.011004,0.00149,0.034453,0.463127,0.002916,0.013281,0.064952
EnsResNet,nanobodyscaffold.fw2.sasa.cif,A,34,THR,ASN,0.160712,0.253294,0.6563352,0.032151,0.046007,0.253294,0.005675,0.030261,0.014472,0.004862,1.1e-05,0.213155,0.00148,0.001233,0.027483,0.003684,0.01554,0.001055,0.147781,0.160712,0.020361,0.016809,0.003974
EnsResNet,nanobodyscaffold.fw2.sasa.cif,A,35,ALA,THR,0.078797,0.293696,1.898111,0.078797,0.09433,0.005513,0.001277,0.014998,0.097567,0.030771,1e-05,0.003936,0.01796,0.044967,0.066093,0.113788,0.001896,0.011629,0.050434,0.293696,0.002203,0.003209,0.066925
EnsResNet,nanobodyscaffold.fw2.sasa.cif,A,36,MET,MET,0.351388,0.351388,0.0,0.046222,0.020352,0.000964,0.000189,0.018689,0.003568,0.000289,8e-06,0.053546,0.001601,0.010488,0.025598,0.351388,0.316788,0.000396,0.006612,0.008774,0.05824,0.073787,0.002501
EnsResNet,nanobodyscaffold.fw2.sasa.cif,A,37,GLY,GLY,0.999987,0.999987,0.0,1e-06,0.0,0.0,0.0,2e-06,0.0,1e-06,0.999987,0.0,0.0,2e-06,0.0,1e-06,0.0,3e-06,1e-06,0.0,0.0,0.0,1e-06
EnsResNet,nanobodyscaffold.fw2.sasa.cif,A,38,TRP,TRP,0.759215,0.759215,0.0,6e-06,2.7e-05,0.0,0.0,2.8e-05,1e-06,0.0,0.0,3.6e-05,0.001142,0.000383,2.6e-05,0.002039,0.23315,2e-06,0.0,3.5e-05,0.759215,0.003069,0.000839
EnsResNet,nanobodyscaffold.fw2.sasa.cif,A,39,PHE,PHE,0.842462,0.842462,0.0,8.8e-05,0.000251,9e-06,1e-06,9.2e-05,1.8e-05,3e-06,0.0,0.001703,3.4e-05,0.000624,0.00046,0.002938,0.842462,3.1e-05,1e-05,2.1e-05,0.035011,0.116192,5.2e-05
EnsResNet,nanobodyscaffold.fw2.sasa.cif,A,40,ARG,ARG,0.389344,0.389344,0.0,0.248231,0.389344,0.002218,0.000186,0.00137,0.004242,0.000561,1e-06,0.000852,4.2e-05,0.001106,0.31655,0.00486,4.9e-05,3.1e-05,0.029547,0.000595,2.6e-05,0.000107,8.1e-05
EnsResNet,nanobodyscaffold.fw2.sasa.cif,A,41,GLN,GLN,0.702543,0.702543,0.0,0.007321,0.014181,0.004901,0.001987,0.000657,0.702543,0.240298,0.0,0.00081,9.6e-05,0.001367,0.011169,0.000837,6e-06,0.0,0.004699,0.008832,3e-06,1.9e-05,0.000276
EnsResNet,nanobodyscaffold.fw2.sasa.cif,A,42,ALA,ALA,0.35726,0.35726,0.0,0.35726,0.073539,0.011924,0.003233,0.022516,0.032939,0.00954,5.1e-05,0.158874,0.00146,0.007046,0.222068,0.008368,0.007765,0.024188,0.042209,0.004346,0.002265,0.007819,0.002588
EnsResNet,nanobodyscaffold.fw2.sasa.cif,A,43,PRO,PRO,0.773885,0.773885,0.0,0.035159,0.013419,0.006539,0.01301,0.000348,0.012724,0.046735,0.000103,0.004487,0.003639,0.006253,0.043926,0.001907,0.00198,0.773885,0.015687,0.009262,0.000634,0.00203,0.008272
EnsResNet,nanobodyscaffold.fw2.sasa.cif,A,44,GLY,GLY,0.999925,0.999925,0.0,6e-06,1e-06,4e-06,5e-06,5e-06,4e-06,1e-06,0.999925,8e-06,2e-06,4e-06,1e-06,1.3e-05,2e-06,4e-06,1.1e-05,1e-06,1e-06,2e-06,1e-06
EnsResNet,nanobodyscaffold.fw2.sasa.cif,A,45,LYS,LYS,0.354664,0.354664,0.0,0.078135,0.109244,0.00791,0.002303,0.006419,0.093241,0.044756,1.7e-05,0.026579,0.010651,0.07737,0.354664,0.024694,0.012652,0.001151,0.024965,0.092181,0.002295,0.010097,0.020674
EnsResNet,nanobodyscaffold.fw2.sasa.cif,A,46,GLU,GLU,0.228225,0.228225,0.0,0.156018,0.024504,0.033237,0.087974,0.00079,0.04711,0.228225,0.000361,0.009213,0.004768,0.010307,0.071348,0.002811,0.001944,0.204769,0.075253,0.027513,0.00053,0.002066,0.011261
EnsResNet,nanobodyscaffold.fw2.sasa.cif,A,47,ARG,LEU,0.029495,0.290749,3.301232,0.002846,0.029495,0.000352,4.6e-05,0.003556,0.002272,0.000545,1e-06,0.000504,0.270637,0.290749,0.043744,0.099908,0.003122,0.00108,0.000656,0.030924,0.003839,0.0027,0.213024
EnsResNet,nanobodyscaffold.fw2.sasa.cif,A,48,GLU,GLU,0.848267,0.848267,0.0,0.008218,0.000639,0.004944,0.031587,0.000107,0.051448,0.848267,0.0,0.000682,0.00016,0.000224,0.000805,4.6e-05,1.7e-05,8e-06,0.02866,0.023056,5e-06,3.5e-05,0.001092
EnsResNet,nanobodyscaffold.fw2.sasa.cif,A,49,PHE,PHE,0.966133,0.966133,0.0,0.000735,0.000184,1.1e-05,4e-06,9.2e-05,0.00016,5.6e-05,2e-06,0.001341,9.7e-05,0.003988,0.000686,0.004171,0.966133,0.000115,4.5e-05,0.000177,0.011056,0.01052,0.000425
EnsResNet,nanobodyscaffold.fw2.sasa.cif,A,50,VAL,VAL,0.89402,0.89402,0.0,4.4e-05,4e-06,1e-06,0.0,0.000296,7e-06,5e-06,0.0,0.0,0.104422,0.000557,6e-06,0.000139,3e-06,9e-06,1e-06,0.000477,1e-06,7e-06,0.89402
EnsResNet,nanobodyscaffold.fw2.sasa.cif,A,51,ALA,ALA,0.962298,0.962298,0.0,0.962298,5.4e-05,0.000121,5e-05,0.00355,0.000121,9.3e-05,0.0,4.9e-05,2e-06,5e-06,3.7e-05,5.4e-05,5e-06,4.5e-05,0.033172,0.000283,2e-06,1e-05,4.9e-05
EnsResNet,nanobodyscaffold.fw2.sasa.cif,A,52,ALA,ALA,0.587978,0.587978,0.0,0.587978,0.048837,0.005931,0.001092,0.029752,0.039566,0.010474,1.3e-05,0.004477,0.003412,0.021783,0.066998,0.076961,0.004718,0.001679,0.056937,0.022552,0.001561,0.003771,0.011507
EnsResNet,nanobodyscaffold.fw2.sasa.cif,A,53,ILE,ILE,0.879071,0.879071,0.0,0.000104,0.001579,8e-06,0.0,0.000685,0.000142,1.5e-05,0.0,6.6e-05,0.879071,0.027398,0.006099,0.006948,0.000207,9e-06,5e-06,0.000512,7.5e-05,0.000309,0.076767
EnsResNet,nanobodyscaffold.fw2.sasa.cif,A,54,SER,THR,0.277759,0.577392,1.0557175,0.023173,0.013959,0.018728,0.007377,0.003988,0.022952,0.022422,1.9e-05,0.002741,0.001103,0.003395,0.018898,0.001807,0.000167,0.000728,0.277759,0.577392,4.5e-05,0.000219,0.00313
EnsResNet,nanobodyscaffold.fw2.sasa.cif,A,55,TYR,PRO,0.011652,0.440428,5.240257,0.194976,0.03949,0.001176,0.00013,0.125752,0.003225,0.00064,3.7e-05,0.017752,0.00635,0.006948,0.06541,0.026522,0.011835,0.440428,0.006495,0.004032,0.005903,0.011652,0.031246
EnsResNet,nanobodyscaffold.fw2.sasa.cif,A,56,TYR,TYR,0.217754,0.217754,0.0,0.017625,0.0617,0.039621,0.015859,0.002123,0.03492,0.066564,1e-04,0.12539,0.012988,0.019255,0.072489,0.009528,0.144374,0.002985,0.027209,0.06239,0.039532,0.217754,0.027596
EnsResNet,nanobodyscaffold.fw2.sasa.cif,A,57,SER,SER,0.506333,0.506333,0.0,0.055811,0.042213,0.031793,0.014806,0.003235,0.018958,0.016518,0.000252,0.019391,0.003883,0.007172,0.0832,0.004173,0.002815,0.011346,0.506333,0.16802,0.000942,0.002394,0.006747
EnsResNet,nanobodyscaffold.fw2.sasa.cif,A,58,ASP,GLU,0.16156,0.206835,0.35641032,0.11756,0.013363,0.08122,0.16156,0.001749,0.052275,0.206835,0.001068,0.014755,0.002472,0.005597,0.025874,0.002165,0.002171,0.165951,0.11149,0.024049,0.000839,0.00235,0.006659
EnsResNet,nanobodyscaffold.fw2.sasa.cif,A,59,THR,THR,0.333644,0.333644,0.0,0.029183,0.021291,0.065783,0.09413,0.000819,0.044948,0.127858,6.4e-05,0.009669,0.001671,0.005517,0.044616,0.001613,0.000729,0.001806,0.210491,0.333644,0.00016,0.001042,0.004966
EnsResNet,nanobodyscaffold.fw2.sasa.cif,A,60,ASP,ASN,0.141313,0.376831,1.4150234,0.043005,0.029606,0.376831,0.141313,0.002723,0.08124,0.131634,0.000801,0.03313,0.001535,0.021432,0.051594,0.006985,0.007792,0.001407,0.048575,0.009267,0.002336,0.006824,0.00197
EnsResNet,nanobodyscaffold.fw2.sasa.cif,A,61,LEU,LYS,0.320482,0.343889,0.1016997,0.000289,0.240662,0.003979,7e-05,0.002771,0.018485,0.002865,0.0,0.010017,0.018009,0.320482,0.343889,0.009087,0.000384,3.9e-05,0.000261,0.013608,0.000291,0.000627,0.014185
EnsResNet,nanobodyscaffold.fw2.sasa.cif,A,62,TYR,LYS,0.048009,0.279934,2.54371,0.032845,0.194077,0.045124,0.014148,0.002367,0.056818,0.042306,9e-05,0.073232,0.010899,0.033483,0.279934,0.01346,0.040847,0.004516,0.032684,0.045303,0.013533,0.048009,0.016325
EnsResNet,nanobodyscaffold.fw2.sasa.cif,A,63,TYR,LEU,0.394765,0.427431,0.11469742,0.002921,0.007477,0.002116,0.0003,0.002648,0.006264,0.006799,2e-06,0.025203,0.00641,0.427431,0.005846,0.026048,0.062767,0.000262,0.000935,0.004176,0.007121,0.394765,0.010508
EnsResNet,nanobodyscaffold.fw2.sasa.cif,A,64,ALA,ALA,0.549853,0.549853,0.0,0.549853,0.00423,0.04954,0.039758,0.004152,0.011028,0.013336,0.000153,0.012501,2.9e-05,0.000213,0.002905,0.00034,0.000372,0.00011,0.306373,0.003796,0.000465,0.000664,0.000179
EnsResNet,nanobodyscaffold.fw2.sasa.cif,A,65,ASP,GLU,0.194214,0.320798,0.72401804,0.132267,0.017801,0.039438,0.194214,0.000498,0.046878,0.320798,0.000243,0.007315,0.002664,0.005815,0.052669,0.001444,0.001016,0.078382,0.066871,0.022533,0.000298,0.001206,0.007648
EnsResNet,nanobodyscaffold.fw2.sasa.cif,A,66,SER,SER,0.304724,0.304724,0.0,0.091483,0.016721,0.075494,0.100304,0.002188,0.047948,0.158204,0.000221,0.034272,0.003442,0.008327,0.026617,0.003954,0.014646,0.007537,0.304724,0.071068,0.005717,0.016772,0.010362
EnsResNet,nanobodyscaffold.fw2.sasa.cif,A,67,VAL,VAL,0.95592,0.95592,0.0,0.000252,7.5e-05,6.4e-05,1e-06,0.016054,0.000137,3e-05,0.0,0.00066,0.024512,0.00014,6e-05,0.000154,6.3e-05,0.000151,1.2e-05,0.001602,1.1e-05,0.000103,0.95592
EnsResNet,nanobodyscaffold.fw2.sasa.cif,A,68,LYS,LYS,0.511245,0.511245,0.0,0.019747,0.21222,0.005338,0.000973,0.00252,0.036479,0.013314,2e-06,0.012837,0.022303,0.059242,0.511245,0.017305,0.005595,0.000434,0.005228,0.017884,0.001888,0.006282,0.049163
EnsResNet,nanobodyscaffold.fw2.sasa.cif,A,69,GLY,GLY,0.999975,0.999975,0.0,2e-06,0.0,2e-06,2e-06,2e-06,1e-06,0.0,0.999975,2e-06,0.0,1e-06,0.0,4e-06,0.0,1e-06,5e-06,0.0,0.0,0.0,0.0
EnsResNet,nanobodyscaffold.fw2.sasa.cif,A,70,ARG,ARG,0.673128,0.673128,0.0,0.001965,0.673128,0.002046,0.000132,0.00044,0.006078,0.00063,2e-06,0.00512,0.001328,0.032762,0.236148,0.026631,0.002272,0.00014,0.000722,0.000826,0.004054,0.005034,0.00054
EnsResNet,nanobodyscaffold.fw2.sasa.cif,A,71,PHE,PHE,0.799608,0.799608,0.0,0.000548,0.00093,7e-06,0.0,0.000545,8.5e-05,1.1e-05,0.0,0.002102,0.000289,0.002315,0.002179,0.016184,0.799608,5e-06,1.3e-05,8.7e-05,0.01262,0.161785,0.000687
EnsResNet,nanobodyscaffold.fw2.sasa.cif,A,72,THR,GLU,0.20611,0.283859,0.46176007,0.01753,0.033191,0.062599,0.070322,0.001064,0.092875,0.283859,1e-05,0.067748,0.003377,0.004018,0.039354,0.001378,0.011815,0.000454,0.065519,0.20611,0.003922,0.022632,0.012224
EnsResNet,nanobodyscaffold.fw2.sasa.cif,A,73,ILE,ILE,0.977139,0.977139,0.0,1e-06,5e-06,0.0,0.0,1.6e-05,2e-06,0.0,0.0,1e-06,0.977139,0.00506,1.1e-05,0.000522,4e-06,0.0,0.0,1.3e-05,1e-06,8e-06,0.017217
EnsResNet,nanobodyscaffold.fw2.sasa.cif,A,74,SER,SER,0.690868,0.690868,0.0,0.022903,0.003688,0.010191,0.015382,0.001044,0.016746,0.039564,8e-06,0.001328,1e-04,0.000553,0.005416,0.000378,4.2e-05,0.000288,0.690868,0.190978,1.4e-05,6.7e-05,0.00044
EnsResNet,nanobodyscaffold.fw2.sasa.cif,A,75,ARG,ARG,0.648481,0.648481,0.0,0.007509,0.648481,0.002233,0.000522,0.000952,0.01916,0.004971,2e-06,0.010135,0.008561,0.003355,0.230672,0.012365,0.003393,0.000172,0.002588,0.010955,0.007836,0.00591,0.020228
EnsResNet,nanobodyscaffold.fw2.sasa.cif,A,76,ASP,ASP,0.722544,0.722544,0.0,0.000493,7.4e-05,0.268074,0.722544,0.000243,0.000358,0.002452,2.4e-05,0.000616,2e-06,2e-05,5.5e-05,1.3e-05,9e-06,8e-06,0.004575,0.000413,9e-06,1e-05,1.1e-05
EnsResNet,nanobodyscaffold.fw2.sasa.cif,A,77,ASN,THR,0.128697,0.2045,0.6681226,0.028148,0.044515,0.128697,0.07614,0.00295,0.126118,0.164284,0.000245,0.010468,0.015505,0.017301,0.03382,0.008223,0.00199,0.019959,0.081771,0.2045,0.001667,0.002594,0.031105
EnsResNet,nanobodyscaffold.fw2.sasa.cif,A,78,ALA,ALA,0.224308,0.224308,0.0,0.224308,0.042566,0.044602,0.102528,0.000672,0.071798,0.213097,0.000119,0.012702,0.003249,0.013718,0.099538,0.002996,0.002211,0.001498,0.105081,0.047744,0.000447,0.002183,0.008941
EnsResNet,nanobodyscaffold.fw2.sasa.cif,A,79,LYS,LYS,0.542843,0.542843,0.0,0.028579,0.175857,0.012652,0.001699,0.00257,0.038256,0.013482,3e-06,0.016427,0.003674,0.050974,0.542843,0.014076,0.003612,1e-04,0.037693,0.048646,0.000942,0.003847,0.004069
EnsResNet,nanobodyscaffold.fw2.sasa.cif,A,80,ASN,ASN,0.289101,0.289101,0.0,0.10748,0.04346,0.289101,0.076041,0.003959,0.121984,0.095851,0.000314,0.043655,0.001129,0.006251,0.062001,0.006264,0.00281,0.006591,0.112636,0.014242,0.001097,0.003158,0.001974
EnsResNet,nanobodyscaffold.fw2.sasa.cif,A,81,THR,THR,0.77436,0.77436,0.0,0.046106,0.015026,0.003097,0.000723,0.018474,0.02811,0.01797,1e-06,0.001373,0.000909,0.002518,0.020871,0.002258,0.000156,0.000167,0.055634,0.77436,3.6e-05,0.000264,0.011948
EnsResNet,nanobodyscaffold.fw2.sasa.cif,A,82,VAL,VAL,0.564328,0.564328,0.0,0.008783,0.001243,6.6e-05,8e-06,0.043545,0.000748,0.000161,0.0,6.1e-05,0.084948,0.029433,0.001067,0.036446,0.000141,4.6e-05,0.000748,0.227981,5.7e-05,0.000191,0.564328
EnsResNet,nanobodyscaffold.fw2.sasa.cif,A,83,TYR,TYR,0.661889,0.661889,0.0,4e-05,0.000387,0.000192,4e-06,5.8e-05,3.9e-05,1.8e-05,0.0,0.01382,1.9e-05,0.000298,0.000263,0.000456,0.277955,2e-06,5.9e-05,0.000133,0.044336,0.661889,3.2e-05
EnsResNet,nanobodyscaffold.fw2.sasa.cif,A,84,LEU,LEU,0.999732,0.999732,0.0,1e-06,1e-06,0.0,0.0,3e-06,1e-06,0.0,0.0,3e-06,3.4e-05,0.999732,3e-06,0.000177,2.3e-05,0.0,0.0,1e-06,1e-06,3e-06,1.7e-05
EnsResNet,nanobodyscaffold.fw2.sasa.cif,A,85,GLN,THR,0.139575,0.204902,0.5538934,0.018123,0.085452,0.091836,0.032943,0.003828,0.139575,0.117898,7e-06,0.032823,0.027786,0.031461,0.118462,0.00844,0.004418,0.000297,0.041912,0.204902,0.002386,0.005272,0.032179
EnsResNet,nanobodyscaffold.fw2.sasa.cif,A,86,MET,MET,0.915434,0.915434,0.0,0.000614,4.5e-05,1e-06,0.0,0.003956,0.000255,3e-06,0.0,2e-06,0.000614,0.07858,6.7e-05,0.915434,3e-05,0.0,1.2e-05,0.000271,5e-06,1.1e-05,0.000101
EnsResNet,nanobodyscaffold.fw2.sasa.cif,A,87,ASN,ASN,0.527867,0.527867,0.0,0.001774,0.000795,0.527867,0.366784,0.000165,0.014515,0.072594,2e-06,0.001556,1.4e-05,0.000113,0.000832,3.2e-05,9e-06,2e-06,0.010687,0.002181,4e-06,2.1e-05,5.4e-05
EnsResNet,nanobodyscaffold.fw2.sasa.cif,A,88,SER,ASN,0.065488,0.259618,1.987088,0.048847,0.026268,0.259618,0.237431,0.001464,0.072704,0.131244,0.000491,0.036422,0.002046,0.013992,0.05925,0.003514,0.005185,0.00583,0.065488,0.018588,0.001508,0.006299,0.00381
EnsResNet,nanobodyscaffold.fw2.sasa.cif,A,89,LEU,LEU,0.982767,0.982767,0.0,5.2e-05,1.3e-05,2e-06,0.0,0.00474,1.1e-05,2e-06,0.0,1e-06,0.001968,0.982767,2.4e-05,0.00198,7e-06,0.0,2e-06,0.002863,0.0,2e-06,0.005565
EnsResNet,nanobodyscaffold.fw2.sasa.cif,A,90,LYS,LYS,0.505063,0.505063,0.0,0.006149,0.193347,0.00624,0.000633,0.002185,0.039372,0.011497,1e-06,0.023904,0.005245,0.086034,0.505063,0.022962,0.009245,0.000188,0.009085,0.060127,0.003611,0.008468,0.006646
EnsResNet,nanobodyscaffold.fw2.sasa.cif,A,91,PRO,PRO,0.799703,0.799703,0.0,0.001577,0.000851,0.000473,5.6e-05,0.003259,0.001708,0.001322,0.0,6e-05,0.008416,0.00078,0.001676,0.000371,2e-05,0.799703,0.0011,0.062504,6e-06,2.7e-05,0.116088
EnsResNet,nanobodyscaffold.fw2.sasa.cif,A,92,GLU,GLU,0.560097,0.560097,0.0,0.01745,0.003748,0.025899,0.158657,0.000321,0.04342,0.560097,7e-06,0.002182,0.000762,0.001155,0.006386,0.000284,0.000145,0.000339,0.117675,0.058142,5.5e-05,0.000263,0.003013
EnsResNet,nanobodyscaffold.fw2.sasa.cif,A,93,ASP,ASP,0.997908,0.997908,0.0,7e-06,0.0,0.001886,0.997908,2e-06,0.0,2.6e-05,1e-06,7e-06,0.0,0.0,0.0,0.0,0.0,0.0,0.000161,1e-06,0.0,0.0,0.0
EnsResNet,nanobodyscaffold.fw2.sasa.cif,A,94,THR,THR,0.85643,0.85643,0.0,0.002,0.000176,0.001376,0.000234,0.000707,0.000579,0.000262,0.0,0.000408,3e-06,1.5e-05,7.8e-05,1.8e-05,1e-06,1e-06,0.13765,0.85643,0.0,4e-06,5.7e-05
EnsResNet,nanobodyscaffold.fw2.sasa.cif,A,95,ALA,ALA,0.97245,0.97245,0.0,0.97245,0.000374,0.000511,0.000113,0.006681,0.000462,0.000176,1.2e-05,0.000305,1.2e-05,6.6e-05,0.000324,0.000293,5e-05,0.000383,0.017328,0.000227,2.6e-05,6.9e-05,0.00014
EnsResNet,nanobodyscaffold.fw2.sasa.cif,A,96,THR,ARG,0.198887,0.348861,0.81070334,0.005375,0.348861,0.006866,0.000325,0.016435,0.027896,0.003262,0.0,0.00593,0.00806,0.018533,0.292801,0.01925,0.000613,5.4e-05,0.004064,0.198887,0.00045,0.000681,0.041654
EnsResNet,nanobodyscaffold.fw2.sasa.cif,A,97,TYR,TYR,0.926578,0.926578,0.0,1.6e-05,0.000187,8e-06,0.0,2.2e-05,1.2e-05,3e-06,0.0,0.001854,7e-06,0.000382,3.7e-05,0.000536,0.066888,0.0,1e-06,4e-06,0.003456,0.926578,7e-06
EnsResNet,nanobodyscaffold.fw2.sasa.cif,A,98,TYR,TYR,0.568797,0.568797,0.0,3.5e-05,0.04503,0.000225,6e-06,0.000177,0.000446,0.000116,0.0,0.026532,0.000959,0.038172,0.040187,0.006287,0.24897,3e-06,1.4e-05,0.000134,0.023391,0.568797,0.000519
EnsResNet,nanobodyscaffold.fw2.sasa.cif,A,99,CYS,CYS,0.93667,0.93667,0.0,0.028203,8.1e-05,0.00019,6e-05,0.93667,0.00018,8.8e-05,0.000247,0.000583,0.000146,0.000112,7.6e-05,0.000519,0.00014,0.025236,0.004315,0.001837,3.1e-05,0.000188,0.001096
EnsResNet,nanobodyscaffold.fw2.sasa.cif,A,100,ALA,ALA,0.985779,0.985779,0.0,0.985779,0.000328,3e-05,7e-06,0.006432,0.000142,5.4e-05,0.0,3.7e-05,2.4e-05,8.4e-05,0.000659,0.000489,2.2e-05,0.000244,0.004967,0.000248,3e-06,2.6e-05,0.000425
EnsResNet,nanobodyscaffold.fw2.sasa.cif,A,101,ASP,ASP,0.517444,0.517444,0.0,0.003314,2.4e-05,0.408549,0.517444,0.001074,0.000347,0.002476,2.7e-05,0.000436,0.0,3e-06,7e-06,6e-06,3e-06,7e-06,0.065902,0.000369,4e-06,4e-06,4e-06
EnsResNet,nanobodyscaffold.fw2.sasa.cif,A,102,ILE,LEU,0.268681,0.605598,1.1724662,0.000312,0.000489,5e-05,4e-06,0.001275,0.000161,4.6e-05,0.0,0.000313,0.268681,0.605598,0.001129,0.047408,0.013069,0.00012,4.9e-05,0.001547,0.00373,0.001669,0.054351
EnsResNet,nanobodyscaffold.fw2.sasa.cif,A,103,THR,ASN,0.128862,0.208331,0.69305074,0.013406,0.050571,0.208331,0.052213,0.00981,0.032596,0.016475,0.000154,0.13493,0.024414,0.030433,0.1025,0.010662,0.035729,0.01039,0.059471,0.128862,0.014298,0.02315,0.041606
EnsResNet,nanobodyscaffold.fw2.sasa.cif,A,104,SER,PRO,0.083629,0.202689,1.2771927,0.109694,0.064983,0.105099,0.054139,0.003457,0.05034,0.083521,0.001972,0.020833,0.009368,0.019772,0.104192,0.007809,0.003515,0.202689,0.083629,0.04661,0.001594,0.004975,0.021808
EnsResNet,nanobodyscaffold.fw2.sasa.cif,A,105,TYR,LYS,0.011631,0.196473,4.0782843,0.061265,0.069974,0.056796,0.039754,0.003135,0.102475,0.117931,0.000686,0.04157,0.00962,0.05854,0.196473,0.014033,0.012689,0.013018,0.073109,0.096789,0.00294,0.011631,0.017571
EnsResNet,nanobodyscaffold.fw2.sasa.cif,A,106,TYR,LYS,0.009526,0.360425,5.241685,0.034042,0.118958,0.104513,0.032183,0.002561,0.101414,0.052209,0.000295,0.050625,0.004624,0.043677,0.360425,0.013645,0.011048,0.004705,0.032158,0.015136,0.002578,0.009526,0.005678
EnsResNet,nanobodyscaffold.fw2.sasa.cif,A,107,VAL,LYS,0.054778,0.444762,3.021365,0.019913,0.13256,0.005239,0.001506,0.002652,0.028191,0.013934,1.3e-05,0.03762,0.048577,0.043742,0.444762,0.020179,0.044193,0.002278,0.009808,0.034867,0.016036,0.039151,0.054778
EnsResNet,nanobodyscaffold.fw2.sasa.cif,A,108,ASP,THR,0.046875,0.468016,3.3196673,0.016822,0.02617,0.06904,0.046875,0.003188,0.038314,0.081689,2e-06,0.010117,0.020541,0.006207,0.037372,0.002493,0.000714,0.000217,0.071975,0.468016,0.000165,0.001103,0.098981
EnsResNet,nanobodyscaffold.fw2.sasa.cif,A,109,VAL,VAL,0.534739,0.534739,0.0,0.00125,0.003117,0.000258,3.7e-05,0.003553,0.001722,0.000583,0.0,0.000634,0.32354,0.01454,0.004359,0.00677,0.001215,0.000372,0.000396,0.100896,0.000683,0.001335,0.534739
EnsResNet,nanobodyscaffold.fw2.sasa.cif,A,110,TYR,TYR,0.426505,0.426505,0.0,0.000646,0.02968,0.01578,0.000878,0.001096,0.00649,0.003432,1e-06,0.160755,0.033992,0.007854,0.021157,0.004651,0.19157,8.6e-05,0.001528,0.018915,0.038199,0.426505,0.036785
EnsResNet,nanobodyscaffold.fw2.sasa.cif,A,111,TRP,TRP,0.737617,0.737617,0.0,0.000501,0.002235,0.00109,0.000416,0.001193,0.002132,0.001096,1e-06,0.015747,0.005305,0.005117,0.001099,0.008939,0.054478,3.1e-05,0.000812,0.01106,0.737617,0.140053,0.011078
EnsResNet,nanobodyscaffold.fw2.sasa.cif,A,112,GLY,GLY,0.999996,0.999996,0.0,0.0,0.0,0.0,0.0,1e-06,0.0,0.0,0.999996,0.0,0.0,1e-06,0.0,1e-06,0.0,0.0,1e-06,0.0,0.0,0.0,0.0
EnsResNet,nanobodyscaffold.fw2.sasa.cif,A,113,GLN,PRO,0.015876,0.689656,5.4409575,0.027903,0.02314,0.011489,0.006704,0.00238,0.015876,0.025324,0.000228,0.009501,0.011718,0.009739,0.071004,0.005597,0.00328,0.689656,0.023135,0.031836,0.001308,0.003195,0.026988
EnsResNet,nanobodyscaffold.fw2.sasa.cif,A,114,GLY,GLY,0.999941,0.999941,0.0,1.1e-05,0.0,1e-06,2e-06,3.1e-05,1e-06,1e-06,0.999941,2e-06,0.0,1e-06,0.0,1e-06,0.0,2e-06,6e-06,0.0,0.0,0.0,1e-06
EnsResNet,nanobodyscaffold.fw2.sasa.cif,A,115,THR,THR,0.910806,0.910806,0.0,0.003036,0.000132,0.000225,2.3e-05,0.069571,0.000639,0.000151,0.0,2.3e-05,0.000366,0.001881,0.000106,0.000504,2e-06,1.9e-05,0.00133,0.910806,1e-06,6e-06,0.01118
EnsResNet,nanobodyscaffold.fw2.sasa.cif,A,116,GLN,GLN,0.237759,0.237759,0.0,0.05378,0.062398,0.030352,0.038081,0.001593,0.237759,0.236803,5.5e-05,0.011659,0.008592,0.018077,0.120571,0.005959,0.003239,0.006887,0.059814,0.083446,0.001502,0.002343,0.017092
EnsResNet,nanobodyscaffold.fw2.sasa.cif,A,117,VAL,VAL,0.995269,0.995269,0.0,7.8e-05,3e-06,1e-06,0.0,0.000729,3e-06,2e-06,0.0,1e-06,0.003294,1.1e-05,2e-06,5e-06,0.0,1.3e-05,2e-06,0.000586,0.0,2e-06,0.995269
EnsResNet,nanobodyscaffold.fw2.sasa.cif,A,118,THR,THR,0.427827,0.427827,0.0,0.007602,0.0272,0.089286,0.048215,0.002341,0.032324,0.061409,4e-06,0.016555,0.036243,0.00495,0.032841,0.001508,0.002231,0.000372,0.031636,0.427827,0.000777,0.003503,0.173177
EnsResNet,nanobodyscaffold.fw2.sasa.cif,A,119,VAL,VAL,0.967288,0.967288,0.0,6e-06,2e-06,0.0,0.0,0.000204,1e-06,0.0,0.0,0.0,0.031949,4.3e-05,3e-06,7e-06,0.0,1e-06,0.0,0.000493,0.0,1e-06,0.967288
EnsResNet,nanobodyscaffold.fw2.sasa.cif,A,120,SER,ALA,0.155042,0.543251,1.8089598,0.543251,0.039151,0.014942,0.005883,0.005763,0.051071,0.037725,4e-06,0.006207,0.000491,0.005359,0.100585,0.004795,0.000798,0.000152,0.155042,0.025114,0.000144,0.001102,0.002421
EnsResNet,nanobodyscaffold.fw2.sasa.cif,A,121,SER,GLU,0.06581,0.215046,1.7082666,0.175363,0.082026,0.015087,0.017558,0.001973,0.158012,0.215046,3.8e-05,0.006059,0.004704,0.015937,0.156231,0.007381,0.00108,0.00339,0.06581,0.059209,0.000308,0.001372,0.013418
EnsResNet,nanobodyscaffold.fw2.sasa.cif,A,122,LEU,PRO,0.008261,0.488853,5.8869405,0.062256,0.055556,0.032537,0.012318,0.005476,0.02291,0.018779,0.000757,0.032458,0.004826,0.008261,0.168096,0.007412,0.005216,0.488853,0.037094,0.017675,0.001706,0.005193,0.012619
EnsResNet,nanobodyscaffold.fw2.sasa.cif,A,123,GLU,GLU,0.145483,0.145483,0.0,0.060382,0.059347,0.04719,0.041772,0.001991,0.076619,0.145483,0.000143,0.031129,0.037779,0.034985,0.145334,0.009338,0.008518,0.003836,0.067127,0.136269,0.001721,0.007945,0.083091
