wt,wtIndex,wtScore,A,C,D,E,F,G,H,I,K,L,M,N,P,Q,R,S,T,V,W,Y
M,1,0.07526006549596786,0.3050399720668793,0.28885161876678467,0.011495877988636494,0.02183779701590538,0.0029272609390318394,0.025243587791919708,0.002678676974028349,0.0007181221153587103,0.0005779095808975399,0.005974356085062027,0.07526006549596786,0.004873643629252911,0.020734403282403946,0.014672894030809402,0.0053147911094129086,0.15257008373737335,0.024113882333040237,0.01093850377947092,0.021214092150330544,0.003924925345927477
Q,2,0.3606471121311188,0.008089347742497921,0.00022876197181176394,0.10592375695705414,0.48071861267089844,0.00029107838054187596,0.0077526322565972805,0.0059145353734493256,0.0004141498648095876,0.007020995952188969,0.002386746695265174,0.0006596244056709111,0.0029331196565181017,0.0013979512732475996,0.3606471121311188,0.0014613564126193523,0.003538829041644931,0.0027632503770291805,0.006264283787459135,0.000432343571446836,0.0007109917933121324
V,3,0.837984025478363,0.028258249163627625,0.00013028777902945876,0.0010266777826473117,0.025768693536520004,0.0011917919619008899,0.002216349123045802,0.00021037420083303005,0.008465453051030636,0.0004923352971673012,0.07036993652582169,0.012488759122788906,0.0001480662904214114,0.002510468242689967,0.005207563750445843,0.00035061113885603845,0.0008537134272046387,0.0019292949000373483,0.837984025478363,6.166473031044006e-05,0.00010202985868090764
Q,4,0.8159578442573547,0.0029748925007879734,0.0006584385992027819,0.003923173062503338,0.01552243996411562,0.0002550654753576964,0.0019357993733137846,0.030000682920217514,0.001147434115409851,0.03082939423620701,0.007125191856175661,0.0009047618368640542,0.006292156409472227,0.006663528271019459,0.8159578442573547,0.04903082549571991,0.011822560802102089,0.011403226293623447,0.0020528214517980814,0.0004903512890450656,0.0008936323574744165
L,5,0.9776259064674377,0.0002485702570993453,0.00011590986105147749,1.970883567992132e-05,3.8972211768850684e-05,0.004089368507266045,5.7543609727872536e-05,0.0004689163470175117,0.002095566364005208,2.2944866941543296e-05,0.9776259064674377,0.005362388212233782,3.171254138578661e-05,0.00184476503636688,0.0011055540526285768,0.00047089127474464476,0.0009365688893012702,0.00033766147680580616,0.004658059682697058,0.00033012055791914463,9.903673344524577e-05
V,6,0.7149020433425903,0.013040738180279732,0.0001414112193742767,0.0006677369237877429,0.010392422787845135,0.0019410832319408655,0.0013334891991689801,0.0008493821951560676,0.014394166879355907,0.005038192495703697,0.1577586978673935,0.024573223665356636,0.00037027467624284327,0.0002179004659410566,0.041441410779953,0.005293830763548613,0.0017292331904172897,0.0049873776733875275,0.7149020433425903,0.0006404606974683702,0.0001729793002596125
E,7,0.9680655002593994,0.0015465872129425406,9.074228728422895e-06,0.004716563504189253,0.9680655002593994,1.1084574907727074e-05,0.004737630020827055,0.0001483020605519414,2.1685002138838172e-05,0.0024433694779872894,0.00011628057109192014,4.5123066229280084e-05,0.00013139110524207354,0.00013253076758701354,0.01636984571814537,0.0003934223495889455,0.0003171867283526808,0.00016745518951211125,0.0004947200650349259,4.2769072024384513e-05,2.9857937988708727e-05
S,8,0.96803879737854,0.004089260473847389,0.0015535128768533468,0.00019329198403283954,0.00019391030946280807,0.0014736754819750786,0.0014664357295259833,0.00024242281506303698,0.00022396979329641908,0.00014300286420620978,0.0007480038329958916,6.673580355709419e-05,0.0006889452342875302,0.006387712433934212,0.0004122681566514075,0.002232298720628023,0.96803879737854,0.01058164332062006,0.00015347718726843596,0.0005836227792315185,0.00042390942689962685
G,9,0.9831709265708923,0.003741042222827673,0.00028789087082259357,0.00395363662391901,0.002055826596915722,1.2484269973356277e-05,0.9831709265708923,4.673039074987173e-05,1.581172546138987e-05,8.275426080217585e-05,4.061765139340423e-05,2.2368732970790006e-05,0.00022368915961124003,7.628145249327645e-05,6.831189966760576e-05,0.001950782723724842,0.0032988034654408693,0.0001679178822087124,0.0005330791464075446,0.00019786827033385634,1.2826762031181715e-05
G,10,0.9786854982376099,0.00611661234870553,0.00027018506079912186,0.0018652754370123148,0.0026392571162432432,1.8707845811150037e-05,0.9786854982376099,6.031253724358976e-05,3.8437912735389546e-05,0.00012504881306085736,0.00013763846072833985,3.572513742255978e-05,0.00011048155283788219,0.0009646854596212506,0.00012557308946270496,0.0033965203911066055,0.0034424010664224625,0.00024413398932665586,0.001380995148792863,0.0002383351675234735,1.3683585166290868e-05
A,11,0.0017961100675165653,0.0017961100675165653,0.00039332412416115403,0.012555375695228577,0.002245191251859069,1.1336580428178422e-05,0.9713782668113708,7.757053390378132e-05,2.969944580399897e-05,9.950322419172153e-05,3.403198206797242e-05,2.091670648951549e-05,0.0006203592056408525,5.831896487507038e-05,8.081612031674013e-05,0.002017291961237788,0.007540211547166109,0.00021219803602434695,0.0006267775315791368,0.00012112088006688282,2.960940037155524e-05
L,12,0.7914436459541321,0.004733824171125889,0.001061355578713119,0.0002124542952515185,0.00040718409582041204,0.005237916950136423,0.0009464979520998895,0.0008798749768175185,0.007121158763766289,0.0001599164097569883,0.7914436459541321,0.00733022578060627,0.00028091896092519164,0.01296403631567955,0.0024953384418040514,0.006130631547421217,0.03556566312909126,0.002809337107464671,0.1191873550415039,0.0006371608469635248,0.00034683948615565896
V,13,0.8731812834739685,0.031015776097774506,0.0004056193574797362,0.001664687879383564,0.010382141917943954,0.001917723217047751,0.004297120496630669,0.000871593423653394,0.01024103257805109,0.005348059348762035,0.028275111690163612,0.0040753306820988655,0.0009362450218759477,0.0050153532065451145,0.00468954024836421,0.006961016915738583,0.005490895826369524,0.004619714338332415,0.8731812834739685,0.00026465411065146327,0.0002577892446424812
Q,14,0.8162207007408142,0.004017700906842947,0.00011280829494353384,0.0011828370625153184,0.027194514870643616,6.10609567956999e-05,0.0025428493972867727,0.006892709527164698,0.0004042248474434018,0.07655306160449982,0.0047933487221598625,0.001075955224223435,0.002960675163194537,0.015659846365451813,0.8162207007408142,0.027437714859843254,0.004608850460499525,0.006818445399403572,0.0009583178907632828,0.00017564059817232192,0.00020903079712297767
P,15,0.75511634349823,0.18889494240283966,0.000122126642963849,0.0011665576603263617,0.001961572328582406,0.0002598916180431843,0.002113196300342679,0.0019807531498372555,0.00042540213325992227,0.000560514279641211,0.005557989235967398,0.0005393698811531067,0.0003644267562776804,0.75511634349823,0.0025382875464856625,0.0021826939191669226,0.0199393592774868,0.01136576384305954,0.004522161092609167,0.00015733472537249327,0.00014161941362544894
G,16,0.9735434055328369,0.0033603215124458075,0.00015664113743696362,0.002825520234182477,0.005053776782006025,2.409835724392906e-05,0.9735434055328369,0.00015421984426211566,4.2511735955486074e-05,0.0002637888537719846,0.00017502199625596404,0.00024196933372877538,0.00025481515331193805,0.0001880321215139702,0.0004840891342610121,0.006780967582017183,0.0035517734941095114,0.00025286374147981405,0.0019065088126808405,0.0006279000081121922,1.82142794074025e-05
G,17,0.8854937553405762,0.014538932591676712,0.0001514170871814713,0.004101562779396772,0.013439012691378593,3.112043850705959e-05,0.8854937553405762,0.00015716713096480817,9.231927106156945e-05,0.0073264287784695625,0.0003168988914694637,0.00044637406244874,0.000766217999625951,0.0006730508175678551,0.0017130140913650393,0.057098958641290665,0.007927872240543365,0.0011647695209831,0.0037652631290256977,0.0007106478442437947,4.7374011046485975e-05
S,18,0.9816759824752808,0.004097547382116318,0.00040802761213853955,0.000203844319912605,0.00020204784232191741,0.0010357825085520744,0.0014406525297090411,0.0001847964449552819,0.00015437450201716274,0.00019792967941612005,0.00048158166464418173,4.8161768063437194e-05,0.0015478631248697639,0.0017179735004901886,0.00023608993797097355,0.003027118742465973,0.9816759824752808,0.002778267953544855,0.0002007716684602201,4.455322778085247e-05,0.00027237404719926417
L,19,0.9685750007629395,0.00038821404450573027,0.0002834122278727591,6.218518683454022e-05,0.0001750912779243663,0.005262292921543121,8.546852768631652e-05,0.0021780168171972036,0.004057151731103659,6.415934331016615e-05,0.9685750007629395,0.0030858092941343784,6.680518708890304e-05,0.0019598123617470264,0.0019882027991116047,0.0013653996866196394,0.0007274134550243616,0.00041625919402576983,0.008562182076275349,0.000417432893300429,0.00025305355666205287
R,20,0.874089777469635,0.00038175118970684707,0.00037258819793350995,0.00013911878340877593,0.0017909023445099592,3.286068022134714e-05,0.0009912194218486547,0.0009735508938319981,0.0010757209965959191,0.08586996048688889,0.00039730287971906364,0.001197012490592897,0.0026397414039820433,0.0002411538443993777,0.003992999438196421,0.874089777469635,0.00834818184375763,0.0164986252784729,0.00017245372873730958,0.0006761621334590018,5.576276817009784e-05
L,21,0.991600513458252,5.725997107219882e-05,3.863338133669458e-05,5.751388016506098e-06,1.021555726765655e-05,0.001675205072388053,1.132267698267242e-05,7.16231734259054e-05,0.00117409136146307,1.0002658200392034e-05,0.991600513458252,0.0010346182389184833,9.263040738005657e-06,0.0006515682325698435,0.00024931662483140826,0.0001923753006849438,0.00015052234812173992,6.392460636561736e-05,0.002873854711651802,6.904987094458193e-05,3.0957326089264825e-05
S,22,0.9776632785797119,0.004118724726140499,0.0008783261873759329,0.000144845325849019,9.32890034164302e-05,0.0015703608514741063,0.0006814925582148135,5.9346697526052594e-05,0.0004407747182995081,3.4559456253191456e-05,0.001165065448731184,8.03752918727696e-05,0.0011095795780420303,0.001115288119763136,7.733406528132036e-05,0.00025340088177472353,0.9776632785797119,0.009568900801241398,0.0006340827676467597,4.901374632027e-05,0.00024511548690497875
C,23,0.9952715039253235,1.6072333892225288e-05,0.9952715039253235,2.6179966880590655e-05,8.430754860455636e-06,0.0001406445080647245,0.000320514605846256,5.38183085154742e-05,8.539998816559091e-06,9.296552889281884e-06,3.843492959276773e-05,1.6316540722982609e-06,2.9740062018390745e-05,8.820840776024852e-06,8.027094736462459e-06,0.0012293137842789292,0.0006045896443538368,6.439196567953331e-06,1.2153435818618163e-05,0.00028768167248927057,0.001901395502500236
A,24,0.6587540507316589,0.6587540507316589,0.0007453822763636708,0.004406074061989784,0.03966798260807991,0.0010729834903031588,0.006413836497813463,0.00044994056224823,0.0126887122169137,0.004709330853074789,0.004733758512884378,0.002340887440368533,0.0009736769716255367,0.005920570809394121,0.002301351632922888,0.0029252306558191776,0.025239495560526848,0.07947329431772232,0.14625784754753113,0.0003834152303170413,0.00046508150990121067
A,25,0.6976397037506104,0.6976397037506104,0.0016603898257017136,0.0022700552362948656,0.0031525238882750273,0.0008352588047273457,0.07671887427568436,0.00019127516134176403,0.00822574831545353,0.0002421391982352361,0.0024394746869802475,0.001975549850612879,0.0004690936766564846,0.002399713732302189,0.00024370575556531549,0.0006763719138689339,0.016238972544670105,0.10727743804454803,0.07645842432975769,9.523361222818494e-05,0.0007271724753081799
S,26,0.9038123488426208,0.005264913663268089,0.002162729622796178,0.0018999360036104918,0.0011175550753250718,0.010629096999764442,0.004831064026802778,0.001683554146438837,0.0017725967336446047,0.0008336538448929787,0.0015105673810467124,0.0006340822437778115,0.00848426204174757,0.0011874272022396326,0.000874145538546145,0.003926805220544338,0.9038123488426208,0.03596215695142746,0.0006534387939609587,0.0007074396125972271,0.01200098730623722
G,27,0.860665500164032,0.01515777688473463,0.0017453491454944015,0.04009900242090225,0.014676135964691639,0.002436808543279767,0.860665500164032,0.0022414124105125666,0.0008407553541474044,0.0009395190281793475,0.0014369281707331538,0.00045358960051089525,0.004973319824784994,0.0008607917698100209,0.0011476381914690137,0.01249453891068697,0.0224422849714756,0.0032567884773015976,0.0072624571621418,0.002641795203089714,0.004163587465882301
F,28,0.7121535539627075,0.008226721547544003,0.003178028156980872,0.005999527871608734,0.0035206277389079332,0.7121535539627075,0.02153358794748783,0.00444223266094923,0.06072741374373436,0.0019908759277313948,0.04639958590269089,0.0091136135160923,0.0028652488254010677,0.0015626833774149418,0.001832540612667799,0.012404031120240688,0.016929008066654205,0.006370286922901869,0.029686035588383675,0.008974882774055004,0.042046502232551575
P,29,0.01896534115076065,0.03989024460315704,0.0007479540072381496,0.06992527842521667,0.01602441444993019,0.0026751235127449036,0.015837743878364563,0.005173759534955025,0.01495688408613205,0.010837950743734837,0.0020729615353047848,0.0029457835480570793,0.045329801738262177,0.01896534115076065,0.0028397771529853344,0.010755559429526329,0.1822827160358429,0.548307478427887,0.006668384186923504,0.0003635411849245429,0.003283700905740261
V,30,0.022076105698943138,0.0026402415242046118,0.0027591693215072155,0.00400159228593111,0.001254952047020197,0.7656769156455994,0.0033876760862767696,0.0029245035257190466,0.024741962552070618,0.000562092405743897,0.11192648112773895,0.003574713598936796,0.0026314370334148407,0.002194856060668826,0.0012129987590014935,0.0030505573377013206,0.014122867956757545,0.002838730113580823,0.022076105698943138,0.0050765275955200195,0.02322642132639885
N,31,0.0832698792219162,0.03333832323551178,0.00152210530359298,0.04624226316809654,0.011035088449716568,0.005063146818429232,0.15345411002635956,0.0064986031502485275,0.008661339990794659,0.01689530909061432,0.005258858669549227,0.0011918776435777545,0.0832698792219162,0.013884843327105045,0.005266841035336256,0.04712005704641342,0.4331982731819153,0.10676947981119156,0.005458892788738012,0.002385165076702833,0.013335691764950752
R,32,0.046969734132289886,0.023808330297470093,0.003189734648913145,0.10532601177692413,0.016036413609981537,0.009849823080003262,0.06109510734677315,0.01865299977362156,0.010442324914038181,0.029248656705021858,0.005321604199707508,0.0026279313024133444,0.11721372604370117,0.005300677847117186,0.009588013403117657,0.046969734132289886,0.3518620431423187,0.127082958817482,0.006653204094618559,0.00431059580296278,0.0453777052462101
Y,33,0.5734328031539917,0.018256936222314835,0.015089916065335274,0.04512592405080795,0.005682691000401974,0.04571329802274704,0.019559454172849655,0.0700729638338089,0.007646805141121149,0.003001830307766795,0.01410393975675106,0.002194375265389681,0.04566106200218201,0.011713151820003986,0.008484466932713985,0.017955750226974487,0.061891477555036545,0.017446715384721756,0.011994783766567707,0.004800274968147278,0.5734328031539917
S,34,0.08688315749168396,0.21301862597465515,0.006496481131762266,0.051074378192424774,0.02260642498731613,0.030608225613832474,0.11884637922048569,0.03296840563416481,0.007389122620224953,0.004821746610105038,0.011932277120649815,0.006321864668279886,0.02728641778230667,0.04456619173288345,0.012315754778683186,0.024401843547821045,0.08688315749168396,0.03569022938609123,0.02979566529393196,0.04474645107984543,0.18814794719219208
M,35,0.7730695009231567,0.0046567153185606,0.00031386202317662537,0.0003814047377090901,0.0007242371793836355,0.002086861524730921,0.0004787527141161263,0.0008516965317539871,0.062196433544158936,0.0015921423910185695,0.08382023870944977,0.7730695009231567,0.0008047609589993954,0.0019260203698650002,0.001958680571988225,0.003070355858653784,0.0020032485481351614,0.016536597162485123,0.041891757398843765,0.0010178540833294392,0.0005387943238019943
R,36,0.02634337730705738,0.04718196764588356,0.004234434571117163,0.023927796632051468,0.0067814914509654045,0.00710697378963232,0.08270605653524399,0.18157120048999786,0.0035518649965524673,0.004849615506827831,0.0032574650831520557,0.002369677647948265,0.16445019841194153,0.0015757555374875665,0.01282090600579977,0.02634337730705738,0.3307056128978729,0.040888890624046326,0.00860261544585228,0.0017056067008525133,0.045304395258426666
W,37,0.9848282933235168,0.0001350628153886646,0.0016552654560655355,5.569311906583607e-05,0.0001283032906940207,0.00025556195760145783,0.002212664345279336,0.00014093364006839693,9.664183744462207e-05,5.373273233999498e-05,0.0017613270319998264,0.00015086641360539943,5.590677756117657e-05,7.281056605279446e-05,0.0002677081502042711,0.006095208693295717,0.001195766031742096,9.808820323087275e-05,0.0001709574571577832,0.9848282933235168,0.00047317755525000393
Y,38,0.010291924700140953,0.009687649086117744,0.001081009628251195,0.000894180906470865,0.0008844838594086468,0.12489151209592819,0.001814361079595983,0.0012638414045795798,0.07129926234483719,0.00021503044990822673,0.02645197883248329,0.008124531246721745,0.0010076904436573386,0.00033754081232473254,0.0003772627969738096,0.0009837655816227198,0.007769845891743898,0.005153044126927853,0.726492702960968,0.0008913044584915042,0.010291924700140953
R,39,0.959063708782196,0.00030468893237411976,0.0016439126338809729,6.613024743273854e-05,0.0003677237837109715,0.00010329294309485704,0.0039029112085700035,0.00491097429767251,0.0006824437878094614,0.005688048899173737,0.003147023031488061,0.0007820295868441463,0.0005692911799997091,0.0007890693377703428,0.00937740784138441,0.959063708782196,0.0032434819731861353,0.0015166242374107242,0.0012060516746714711,0.002221377333626151,0.0002523489820305258
Q,40,0.9642621278762817,0.000586426118388772,3.877618655678816e-05,0.0003218679048586637,0.006217624060809612,9.895360562950373e-05,0.00044026359682902694,0.0071172271855175495,0.00011269903916399926,0.002487318590283394,0.007451310753822327,0.000450639461632818,0.0003020490112248808,0.0027884410228580236,0.9642621278762817,0.005502699408680201,0.00036909079062752426,0.000308943068375811,0.0004356255813036114,0.00034942576894536614,0.00025992232258431613
A,41,0.8526378870010376,0.8526378870010376,0.00013857347948942333,0.0015798965469002724,0.004543998744338751,0.0005955837550573051,0.0049467068165540695,0.0005992866354063153,0.0028694956563413143,0.002096724696457386,0.0035823555663228035,0.0017808942357078195,0.0008779141353443265,0.013967445120215416,0.002066886518150568,0.004629598930478096,0.020897408947348595,0.035603467375040054,0.04589983820915222,0.00014050088066142052,0.0003553075948730111
P,42,0.9616615176200867,0.014100353233516216,2.16006301343441e-05,0.00020521762780845165,0.0005619678995572031,0.00010564967669779435,0.0003020879521500319,0.0011261460604146123,0.00022183456167113036,0.00013756797125097364,0.005600322969257832,5.143462112755515e-05,6.59810975776054e-05,0.9616615176200867,0.00301724742166698,0.0019097737967967987,0.007181249558925629,0.002396547934040427,0.0011514696525409818,3.628135527833365e-05,6.793936336180195e-05
G,43,0.9527140259742737,0.007181836292147636,0.00019019503088202327,0.006677607074379921,0.011179805733263493,9.455648978473619e-05,0.9527140259742737,0.00038016101461835206,7.892967551015317e-05,0.0009339842945337296,0.0004101002123206854,0.00011543252185219899,0.0011850708397105336,0.00022186717251315713,0.0005018125521019101,0.010044151917099953,0.003121197922155261,0.0006162968347780406,0.0034662368707358837,0.0006718532531522214,6.950588431209326e-05
K,44,0.8887172937393188,0.0023251583334058523,4.19062671426218e-05,0.0005845414125360548,0.009878079406917095,5.11023317812942e-05,0.0039638010784983635,0.0009836133103817701,0.0008707743254490197,0.8887172937393188,0.0007202801643870771,0.0010925879469141364,0.005621128715574741,0.0008199553121812642,0.016175948083400726,0.0565570667386055,0.0034165915567427874,0.007004182785749435,0.0007380098104476929,7.971972809173167e-05,0.00016630362370051444
E,45,0.2625499665737152,0.05599619820713997,0.0004152038600295782,0.06983599066734314,0.2625499665737152,0.00026757820160128176,0.4714897572994232,0.0032725485507398844,0.0006157257594168186,0.017054947093129158,0.002050464740023017,0.0007547519635409117,0.006076143588870764,0.005157311912626028,0.026746436953544617,0.03696174919605255,0.010833152569830418,0.006859857123345137,0.01929742470383644,0.0022680736146867275,0.001381845329888165
R,46,0.29226788878440857,0.0025518217589706182,0.001117343665100634,0.00010714684322010726,0.00031948930700309575,0.006199487019330263,0.0008650337113067508,0.006453061942011118,0.005213926546275616,0.003397983033210039,0.6000543236732483,0.012190988287329674,0.00031488307286053896,0.026605214923620224,0.01738549768924713,0.29226788878440857,0.00413091666996479,0.0017748459940776229,0.012542019598186016,0.005187176633626223,0.0011576628312468529
E,47,0.9072355031967163,0.007749343290925026,3.094818748650141e-05,0.014452703297138214,0.9072355031967163,8.243582851719111e-05,0.005236559081822634,0.0010216492228209972,0.00027336031780578196,0.00817593839019537,0.0009307475993409753,0.00035060031223110855,0.0007987734279595315,0.00017006575944833457,0.042959339916706085,0.0011143117444589734,0.0006959256716072559,0.00140009808819741,0.006742310244590044,0.00012639781925827265,0.0002975251991301775
W,48,0.5308030843734741,0.002456518355756998,0.004935003817081451,0.0007490989519283175,0.0009260110673494637,0.2861050069332123,0.0025875517167150974,0.002051960676908493,0.004116138909012079,0.0007197589729912579,0.10490669310092926,0.003125235438346863,0.0005232057883404195,0.0011485585710033774,0.0022621003445237875,0.010503174737095833,0.010306738317012787,0.0014272371772676706,0.016700301319360733,0.5308030843734741,0.013488678261637688
V,49,0.9256459474563599,0.008336679078638554,9.929158113664016e-05,7.520546932937577e-05,0.0006232211599126458,0.0012301057577133179,0.0004705504688899964,4.8633883125148714e-05,0.02700939029455185,0.00024995749117806554,0.016190992668271065,0.016361534595489502,6.299198139458895e-05,9.736209904076532e-05,0.00011777029430959374,0.0006158793694339693,0.00029532916960306466,0.0020424171816557646,0.9256459474563599,0.0002150721993530169,0.00014995125820860267
A,50,0.5138418078422546,0.5138418078422546,0.019970815628767014,0.0010237169917672873,0.0016079975757747889,0.007792716380208731,0.020757125690579414,0.0016782874008640647,0.005241408012807369,0.00048615585546940565,0.006898524239659309,0.0013033658033236861,0.0033595161512494087,0.004997987300157547,0.001112914178520441,0.0029794948641210794,0.33669954538345337,0.025427239015698433,0.0310580562800169,0.0028801748994737864,0.010782052762806416
G,51,0.0699920803308487,0.2767971456050873,0.007553888019174337,0.03301165997982025,0.029499556869268417,0.022263159975409508,0.0699920803308487,0.012138154357671738,0.0197529885917902,0.0018831216730177402,0.02480893023312092,0.007089226972311735,0.006892693694680929,0.0005089720943942666,0.0059746913611888885,0.031961649656295776,0.09213144332170486,0.052170269191265106,0.172984778881073,0.008913610130548477,0.123598612844944
M,52,0.006023012101650238,0.002124212682247162,0.0002443149860482663,0.0004709258209913969,0.00022407523647416383,0.00460459291934967,0.0005285357474349439,0.00024636692251078784,0.9027508497238159,0.0009151887497864664,0.011732119135558605,0.006023012101650238,0.0015843512956053019,0.00019475961744319648,0.00020257223513908684,0.002201006282120943,0.0037296651862561703,0.01204422116279602,0.048586469143629074,0.00019443652126938105,0.00134943553712219
S,53,0.42457878589630127,0.026375802233815193,0.0013121163938194513,0.07005675882101059,0.01279585249722004,0.006044600624591112,0.05267541855573654,0.008733123540878296,0.014544375240802765,0.030977927148342133,0.007671304978430271,0.0038798535242676735,0.1015969067811966,0.004893179051578045,0.007603117730468512,0.07802526652812958,0.42457878589630127,0.1105278730392456,0.007241674233227968,0.008996518328785896,0.0214193444699049
S,54,0.16776691377162933,0.06601829826831818,0.007258573081344366,0.05206699296832085,0.01727750524878502,0.026776567101478577,0.12081394344568253,0.02606891468167305,0.01200844720005989,0.01684330776333809,0.01945599913597107,0.004953355994075537,0.03859015554189682,0.021739697083830833,0.010925479233264923,0.05290432646870613,0.16776691377162933,0.04407224804162979,0.024751806631684303,0.1595001220703125,0.11014829576015472
A,55,0.03576566278934479,0.03576566278934479,0.0017968930769711733,0.206795796751976,0.03157806023955345,0.00549743976444006,0.2215031087398529,0.008047943003475666,0.006459390744566917,0.020959241315722466,0.005094448570162058,0.0013719029957428575,0.08688142895698547,0.00877831969410181,0.0064568598754704,0.033974647521972656,0.22770056128501892,0.037676505744457245,0.007678612135350704,0.004153445363044739,0.041720326989889145
G,56,0.3742079734802246,0.049061864614486694,0.0058108363300561905,0.06147702783346176,0.022934429347515106,0.011412722058594227,0.3742079734802246,0.007388364989310503,0.00902779120951891,0.014581640250980854,0.010912049561738968,0.003042551688849926,0.04765183851122856,0.01615551859140396,0.009191839955747128,0.04023459926247597,0.20257827639579773,0.04063376039266586,0.017218347638845444,0.013130436651408672,0.04326801747083664
D,57,0.03691711649298668,0.0498267263174057,0.0021596173755824566,0.03691711649298668,0.015293372794985771,0.0045065851882100105,0.41522589325904846,0.002890857635065913,0.008117049932479858,0.006554638966917992,0.0037668168079108,0.0023109489120543003,0.03999997302889824,0.006032953504472971,0.004962608218193054,0.03549085929989815,0.30208131670951843,0.02988593652844429,0.013703101314604282,0.007862251251935959,0.0123605877161026
R,58,0.05288834497332573,0.034313950687646866,0.0020921784453094006,0.04068085178732872,0.01482351403683424,0.02281668782234192,0.09323906153440475,0.01672683283686638,0.042596422135829926,0.023085124790668488,0.010006296448409557,0.003682253882288933,0.08138766884803772,0.00960211455821991,0.006922115571796894,0.05288834497332573,0.3188621997833252,0.12035855650901794,0.025888847187161446,0.009569120593369007,0.07033177465200424
S,59,0.018691308796405792,0.027604779228568077,0.00014975994417909533,0.00704867672175169,0.009669085964560509,0.00883841048926115,0.004879538435488939,0.003485745983198285,0.36097899079322815,0.062253523617982864,0.019279440864920616,0.027148602530360222,0.01762380078434944,0.0081680528819561,0.007379443850368261,0.02604319155216217,0.018691308796405792,0.3299153447151184,0.05070675164461136,0.0015464305179193616,0.008533329702913761
S,60,0.08198447525501251,0.020247993990778923,0.0024744782131165266,0.0640091747045517,0.019138485193252563,0.05153420567512512,0.036880914121866226,0.05861301347613335,0.019257673993706703,0.018360456451773643,0.02270064689218998,0.003340978641062975,0.05354124680161476,0.003932492807507515,0.014016065746545792,0.05055168643593788,0.08198447525501251,0.04554414376616478,0.020517725497484207,0.025121016427874565,0.3881640136241913
Y,61,0.9146886467933655,0.0017518526874482632,0.0031377628911286592,0.006792580243200064,0.0015763164265081286,0.01963193155825138,0.0015883099986240268,0.018539011478424072,0.0009487082134000957,0.0006149329128675163,0.004433665424585342,0.0002711293345782906,0.004506075754761696,0.0009074133122339845,0.0028591298032552004,0.0025800319854170084,0.010933960787951946,0.001465607900172472,0.001418881001882255,0.0012843527365475893,0.9146886467933655
E,62,0.012489423155784607,0.7806065678596497,0.00037082022754475474,0.009155893698334694,0.012489423155784607,0.0017187417251989245,0.019181575626134872,0.0008834467153064907,0.004117764066904783,0.001328930607996881,0.004296076018363237,0.001934301108121872,0.0033097323030233383,0.027493052184581757,0.0010553871979936957,0.0014785454841330647,0.03513399511575699,0.04978444427251816,0.04407937824726105,0.0002945789892692119,0.0011783316731452942
D,63,0.7585833668708801,0.03724535182118416,0.000332873867591843,0.7585833668708801,0.08357910066843033,0.0005315890884958208,0.028312604874372482,0.011492322199046612,0.0003816442913375795,0.0022398706059902906,0.0011122142896056175,0.0001442868378944695,0.022976579144597054,0.01052055787295103,0.012997494079172611,0.002491566352546215,0.01718127354979515,0.0035287663340568542,0.0021533549297600985,0.0002137248229701072,0.0038783533964306116
S,64,0.8098593950271606,0.10722232609987259,0.0014307277742773294,0.0013951160944998264,0.000570566626265645,0.004351189360022545,0.0058786035515367985,0.0014284399803727865,0.0005482821725308895,0.0012332956539466977,0.0029347557574510574,0.00025932828430086374,0.0022557738702744246,0.016619112342596054,0.0008630964439362288,0.009976527653634548,0.8098593950271606,0.025784077122807503,0.0018601379124447703,0.003570795524865389,0.0018414785154163837
V,65,0.9140524864196777,0.02210807614028454,0.00011636503768386319,0.0005364491953514516,0.0010851655388250947,0.002748237457126379,0.0025143525563180447,8.325684757437557e-05,0.02454727329313755,0.00017303699860349298,0.023041080683469772,0.004872963298112154,0.00010115659824805334,0.0005257796728983521,9.935892740031704e-05,0.0004956565098837018,0.0005766943213529885,0.0019541867077350616,0.9140524864196777,0.00012251977750565857,0.0001650763733778149
K,66,0.7645232081413269,0.003913714550435543,0.00022656760120298713,0.0014808179112151265,0.02052476443350315,6.344989378703758e-05,0.0032151853665709496,0.001750428113155067,0.0009814888471737504,0.7645232081413269,0.0010026812087744474,0.002069557085633278,0.015209361910820007,0.000768265628721565,0.04046771675348282,0.1207612156867981,0.005932559724897146,0.015282190404832363,0.0009338894160464406,0.00043141483911313117,0.00019280453852843493
G,67,0.9476391673088074,0.0047392710112035275,0.0007061081705614924,0.015560336410999298,0.006349125877022743,8.159753633663058e-05,0.9476391673088074,0.00041501413215883076,0.00017698151350487024,0.0007640007534064353,0.0001696229592198506,0.00010851077240658924,0.004938615020364523,0.00021832676429767162,0.00031705584842711687,0.005943003110587597,0.00882930401712656,0.0007240804843604565,0.001858546631410718,0.00026080376119352877,0.00013162035611458123
R,68,0.9754353165626526,0.0002287227544002235,0.001714505604468286,8.563968731323257e-05,0.00019503335352055728,8.000719390111044e-05,0.003616433823481202,0.004114099312573671,0.00026233523385599256,0.0016357415588572621,0.0017617461271584034,0.00018177583115175366,0.00046944155474193394,0.0016693404177203774,0.0038742655888199806,0.9754353165626526,0.002382557140663266,0.0007195903453975916,0.00019494745356496423,0.0010410354007035494,0.00023478356888517737
F,69,0.971589207649231,0.0006627311231568456,0.0020105557050555944,5.813808456878178e-05,2.348630368942395e-05,0.971589207649231,0.00013564205437432975,0.00011496826482471079,0.0023820511996746063,2.2437667212216184e-05,0.010913192294538021,0.00041173407225869596,8.371341391466558e-05,0.00020912004401907325,5.090468766866252e-05,0.0001014523659250699,0.0032224005553871393,0.0004330863885115832,0.004766431637108326,5.155909093446098e-05,0.0026947257574647665
T,70,0.8851894736289978,0.009660047478973866,8.144409366650507e-05,0.00034939791657961905,0.0008791798609308898,0.0003816997050307691,0.00039480251143686473,0.00046310064499266446,0.03445732221007347,0.003558709751814604,0.0024897009134292603,0.0076391249895095825,0.0038173156790435314,0.0004480861243791878,0.0005627328064292669,0.004358525853604078,0.038419850170612335,0.8851894736289978,0.00653807632625103,5.99995837546885e-05,0.00014621944865211844
I,71,0.8025685548782349,0.003624101635068655,0.0007444521179422736,3.762186679523438e-05,3.18476086249575e-05,0.00656557735055685,0.0004157474613748491,0.0001036311368807219,0.8025685548782349,4.680153142544441e-05,0.058807142078876495,0.06070291996002197,0.00017230141384061426,0.00028240791289135814,4.945584441884421e-05,0.00013117340859025717,0.0016987361013889313,0.007395501248538494,0.05527995154261589,0.00012942493776790798,0.0010026501258835196
S,72,0.9709624648094177,0.0023510560858994722,0.00032777214073576033,0.00020852744637522846,6.135719740996137e-05,0.003545973915606737,0.0010259603150188923,0.00020765246881637722,0.0005757803446613252,0.00010083362576551735,0.0010704896412789822,5.4947340686339885e-05,0.0018883385928347707,0.0010662288405001163,5.0985698180738837e-05,0.0009111040853895247,0.9709624648094177,0.014156665652990341,0.00011195944534847513,0.00011810712021542713,0.0011251062387600541
R,73,0.8152369260787964,0.018305739387869835,0.00385851226747036,0.0024320667143911123,0.0026695304550230503,0.0011754685547202826,0.03984937444329262,0.007607609964907169,0.005193257704377174,0.010443354956805706,0.014341847971081734,0.002245670882984996,0.005638139322400093,0.002949418965727091,0.013188705779612064,0.8152369260787964,0.035441018640995026,0.011380885727703571,0.003538265358656645,0.002562007401138544,0.0018946438794955611
D,74,0.947790801525116,0.003551216796040535,4.8314050218323246e-05,0.947790801525116,0.022839566692709923,8.194164547603577e-05,0.005721518769860268,0.0027451086789369583,0.00011092605564044788,0.0002648854861035943,0.00022073012951295823,5.4883217671886086e-05,0.010791807435452938,9.264277468901128e-05,0.0007201361004263163,0.00021757780632469803,0.0013635208597406745,0.0008123186416924,0.0011190203949809074,1.734225770633202e-05,0.0014175825053825974
D,75,0.11458154022693634,0.004168494138866663,0.00022594735492020845,0.11458154022693634,0.0023820630740374327,0.00020968361059203744,0.008377855643630028,0.004035215824842453,0.0027435815427452326,0.009241032414138317,0.0003303787379991263,0.00046910205855965614,0.7946717739105225,0.0005547520122490823,0.0006980527541600168,0.001890981919132173,0.02742152288556099,0.025352830067276955,0.0009358972311019897,2.6662371965358034e-05,0.001635855296626687
A,76,0.3328447937965393,0.3328447937965393,0.001151998178102076,0.010773539543151855,0.005153035279363394,0.008284620009362698,0.08507920056581497,0.002119323005899787,0.0037996319588273764,0.001419520820491016,0.006083638407289982,0.0011602459708228707,0.009813017211854458,0.008031497709453106,0.00252954987809062,0.005371768027544022,0.4740876257419586,0.027420220896601677,0.009562128223478794,0.0007018929463811219,0.004466861020773649
R,77,0.04688773676753044,0.0015920549631118774,3.5978006053483114e-05,0.0008742372738197446,0.01892605610191822,4.008912219433114e-05,0.003484043525531888,0.0010821917094290257,0.0018498417921364307,0.8366382718086243,0.0007194383651949465,0.0021951969247311354,0.016446378082036972,0.00025628876755945385,0.05114506185054779,0.04688773676753044,0.004963854793459177,0.011675866320729256,0.0007031584391370416,0.00017654849216341972,0.00018440731219016016
N,78,0.7599042654037476,0.0014203833416104317,0.0004157556686550379,0.014597133733332157,0.0015449848724529147,0.00028839230071753263,0.004533043131232262,0.011589559726417065,0.000977979158051312,0.01298010628670454,0.00014303505304269493,0.00012820333358831704,0.7599042654037476,0.00020635229884646833,0.0018252037698403,0.0031414851546287537,0.176911398768425,0.006855155806988478,0.00018458145495969802,3.5877670597983524e-05,0.002220067661255598
T,79,0.6316548585891724,0.0162615068256855,0.0003791266062762588,0.0005724827060475945,0.0012490912340581417,0.0040434193797409534,0.0009461489971727133,0.0006582640926353633,0.0396716371178627,0.004636548459529877,0.005400434602051973,0.0422792062163353,0.006314666010439396,0.0006934953271411359,0.001177918165922165,0.0035145238507539034,0.23049618303775787,0.6316548585891724,0.00875275582075119,0.0002806244883686304,0.0009444109164178371
V,80,0.32128798961639404,0.009628450497984886,0.0003133118152618408,0.00010407372610643506,0.0003050508094020188,0.004108741879463196,0.0002603986649774015,0.000655494281090796,0.011774488724768162,0.00030116798006929457,0.6281080842018127,0.014617306180298328,0.00021781568648293614,0.0017597733531147242,0.0021811199840158224,0.0009485500049777329,0.0010618662927299738,0.0015366049483418465,0.32128798961639404,0.00021694632596336305,0.0005754563608206809
Y,81,0.8019053339958191,0.0011665744241327047,0.005542332772165537,0.005257814656943083,0.000730128085706383,0.08167018741369247,0.0005476835067383945,0.04063234478235245,0.0029688302893191576,0.00033024049480445683,0.0035101689863950014,0.0005641253083012998,0.009004137478768826,0.0001718922721920535,0.0013084240490570664,0.0016650165198370814,0.03004860132932663,0.006264072842895985,0.005571272689849138,0.0010266359895467758,0.8019053339958191
L,82,0.9862885475158691,8.047165465541184e-05,7.852885028114542e-05,5.357682312023826e-06,9.808419235923793e-06,0.00355783780105412,1.5566851288895123e-05,9.686704288469627e-05,0.0008998330449685454,1.964803959708661e-05,0.9862885475158691,0.003082461655139923,2.3455331756849773e-05,0.00229142839089036,0.000281746091786772,0.0005529280169866979,0.00047741393791511655,0.00010566526907496154,0.0018045261967927217,0.00021380807447712868,8.889620221452788e-05
Q,83,0.9555199146270752,0.00024384210701100528,7.874987204559147e-05,0.0005216391291469336,0.011943280696868896,7.991558231879026e-05,0.0002751795982476324,0.016054224222898483,0.0001291051448788494,0.0032195833045989275,0.0028359824791550636,0.0004258197150193155,0.0006867317133583128,0.0010334135731682181,0.9555199146270752,0.004946466069668531,0.00076709920540452,0.0005236937431618571,0.0002509400655981153,9.085110650630668e-05,0.0003069443046115339
M,84,0.9761848449707031,0.00013834427227266133,0.00010848425881704316,3.439775173319504e-05,9.633260924601927e-05,0.0002568654017522931,9.557656449032947e-05,6.446147745009512e-05,0.007311404682695866,0.0003247791901230812,0.009714372456073761,0.9761848449707031,3.982115595135838e-05,7.66849989304319e-05,0.00020430774020496756,0.001723466208204627,0.0002227863878943026,0.0009221043437719345,0.0019675760995596647,0.00042838137596845627,4.4099066144553944e-05
N,85,0.7766375541687012,0.0038459710776805878,0.0005924299475736916,0.033360231667757034,0.0020331782288849354,0.000514937681145966,0.005776416044682264,0.009098956361413002,0.004047977738082409,0.011555295437574387,0.00031640680390410125,0.0001395085419062525,0.7766375541687012,0.0007210621843114495,0.0013365979539230466,0.005287721287459135,0.12762728333473206,0.014237923547625542,0.000959824479650706,2.697134914342314e-05,0.001765746041201055
S,86,0.7507237792015076,0.006384973879903555,0.0006090566166676581,0.008741552010178566,0.0013727835612371564,0.0004312550590839237,0.031172964721918106,0.0011689900420606136,0.0024279842618852854,0.005758095998317003,0.0005763240624219179,0.0003246240958105773,0.13562767207622528,0.00016984876128844917,0.0007821113104000688,0.03548496961593628,0.7507237792015076,0.017105720937252045,0.0004136468924116343,0.00011406085832277313,0.000508058350533247
L,87,0.9805235266685486,0.0001612864580238238,7.965876284288242e-05,6.263603609113488e-06,1.623106436454691e-05,0.0012555487919598818,2.5317011022707447e-05,0.00010796255082823336,0.00444322545081377,1.2301233255129773e-05,0.9805235266685486,0.0022657031659036875,2.2970314603298903e-05,0.0015925016487017274,0.00048272122512571514,0.00018755003111436963,0.0002732983266469091,0.00021979099255986512,0.008171367458999157,8.272204286186025e-05,4.1735675040399656e-05
K,88,0.46110454201698303,0.0011776303872466087,0.00026918938965536654,0.00022290166816674173,0.0022604046389460564,3.2077383366413414e-05,0.003609983017668128,0.002369964960962534,0.001409863936714828,0.46110454201698303,0.0008882145630195737,0.0010321505833417177,0.003094608196988702,0.00045142261660657823,0.010183930397033691,0.4980334937572479,0.003153270110487938,0.009655341506004333,0.0004287661868147552,0.0004208789032418281,0.00010552108869887888
P,89,0.30997395515441895,0.273021399974823,0.00034644867992028594,0.011363278143107891,0.007417862303555012,0.0003261721576564014,0.012145018205046654,0.00080864381743595,0.002176241483539343,0.00298694078810513,0.005871054250746965,0.0017846921691671014,0.011363807134330273,0.30997395515441895,0.002002356806769967,0.003004310419782996,0.06282210350036621,0.27369797229766846,0.018622485920786858,8.301567868329585e-05,0.00013562514504883438
E,90,0.9256027340888977,0.011134149506688118,1.7592974472790956e-05,0.03532568737864494,0.9256027340888977,1.7886988644022495e-05,0.01261246856302023,0.00014162603474687785,0.00010836737783392891,0.003658693516626954,0.00019320507999509573,0.00023837242042645812,0.0010964969405904412,6.239172216737643e-05,0.004086936824023724,0.0004483045486267656,0.002153487643226981,0.0012874051462858915,0.0017100843833759427,2.8916943847434595e-05,5.9965492255287245e-05
D,91,0.989997148513794,0.0005120934220030904,1.2331661309872288e-05,0.989997148513794,0.004365583881735802,1.9118002455797978e-05,0.0015954857226461172,0.000547401315998286,1.5633462680852972e-05,3.3498530683573335e-05,2.598181708890479e-05,5.84598956265836e-06,0.001798769342713058,2.3923224944155663e-05,4.0814211388351396e-05,1.3461755770549644e-05,0.00013255307567305863,5.196682832320221e-05,0.0003294949128758162,2.4857492917362833e-06,0.00046022742753848433
T,92,0.8804143071174622,0.00461532874032855,0.0001882149081211537,0.00017822158406488597,0.00017799822671804577,0.0001810278045013547,0.0005893077468499541,9.857162513071671e-05,0.002578195184469223,0.0005422644899226725,0.000376598589355126,0.0018110214732587337,0.0013285302557051182,0.0009546225774101913,0.0001299520954489708,0.0007260277052409947,0.1045820489525795,0.8804143071174622,0.0004058767226524651,2.539864362915978e-05,7.145372364902869e-05
A,93,0.9748361110687256,0.9748361110687256,7.301051664398983e-05,0.000441515730926767,0.0004845905350521207,3.625713361543603e-05,0.017510555684566498,3.0429247999563813e-05,2.656691867741756e-05,2.64511563727865e-05,0.00017355871386826038,7.651947089470923e-05,3.912916508852504e-05,0.0007569791632704437,2.4323438992723823e-05,8.52513694553636e-05,0.0033440282568335533,0.0008282562484964728,0.0011663504410535097,1.034145498124417e-05,2.2941310817259364e-05
V,94,0.710751473903656,0.009409046731889248,0.00029344161157496274,0.0021480044815689325,0.003306429833173752,0.0046185897663235664,0.0007698137778788805,0.0004499688802752644,0.06179799139499664,0.00364200328476727,0.0670742392539978,0.07263269275426865,0.002068399451673031,0.0001597229129401967,0.0010542768286541104,0.0022186317946761847,0.0031758348923176527,0.052670177072286606,0.710751473903656,0.00015925808111205697,0.0015432856744155288
Y,95,0.9818958044052124,5.33235797774978e-05,0.000952787057030946,0.0005066619487479329,2.269074320793152e-05,0.013033125549554825,3.875634502037428e-05,0.001062044408172369,0.00021120882593095303,1.0163123988604639e-05,0.00039411787292920053,4.700003773905337e-05,0.00047420215560123324,2.812891216308344e-05,3.502212348394096e-05,8.687482477398589e-05,0.0007230660412460566,8.838034409563988e-05,0.00013649468019139022,0.00016481385682709515,0.9818958044052124
Y,96,0.9091024398803711,0.0004236206295900047,0.0032190175261348486,0.0009696318884380162,0.0001515155308879912,0.06655628979206085,0.00025088051916100085,0.005806467961519957,0.001783063868060708,6.886613118695095e-05,0.0030582777690142393,0.0002948481997009367,0.0019036349840462208,0.00015642268408555537,0.0002575604594312608,0.0005042831762693822,0.0029557060915976763,0.0006124298088252544,0.0013446980156004429,0.0004856832092627883,0.9091024398803711
C,97,0.9919620156288147,0.00014021121023688465,0.9919620156288147,9.371610940434039e-05,3.675667539937422e-05,0.0008394296164624393,0.0007788010989315808,0.0002483124553691596,0.0001841816701926291,3.093959094258025e-05,0.0001470745337428525,1.8029857528745197e-05,0.00014625822950620204,9.84451689873822e-05,4.752210224978626e-05,0.0009722549002617598,0.0013443309580907226,9.516088903183118e-05,0.00019148630963172764,0.00033102973247878253,0.0022279885597527027
N,98,0.010797611437737942,0.6583665609359741,0.001499252743087709,0.010695015080273151,0.0100643215700984,0.0021322593092918396,0.030582044273614883,0.001150229829363525,0.012942054308950901,0.00791399460285902,0.005076722241938114,0.003966531716287136,0.010797611437737942,0.0077120522037148476,0.002573226112872362,0.004741871263831854,0.020880013704299927,0.1543908566236496,0.05091119185090065,0.0006095596472732723,0.002894827164709568
V,99,0.045127298682928085,0.051354095339775085,0.009354518726468086,0.020305216312408447,0.026367221027612686,0.00879274494946003,0.062415868043899536,0.012684994377195835,0.03319866955280304,0.12018516659736633,0.02874997816979885,0.013151039369404316,0.03282739222049713,0.026344498619437218,0.03234846889972687,0.3119487762451172,0.05259520187973976,0.08653029799461365,0.045127298682928085,0.011441411450505257,0.014140712097287178
N,100,0.02917512133717537,0.09222135692834854,0.008124509826302528,0.1835888922214508,0.08323510736227036,0.018557386472821236,0.1503850221633911,0.02054022066295147,0.017602134495973587,0.032086994498968124,0.0282428041100502,0.008725184015929699,0.02917512133717537,0.03755351901054382,0.023834066465497017,0.06302638351917267,0.05373504385352135,0.04932241514325142,0.05541646480560303,0.011404485441744328,0.03311384841799736
V,101,0.029176300391554832,0.07408913224935532,0.010963515378534794,0.08171258866786957,0.03333773463964462,0.017935656011104584,0.2166927456855774,0.025940464809536934,0.016605498269200325,0.02025240659713745,0.02113962732255459,0.007781111169606447,0.03580460697412491,0.046874433755874634,0.017371173948049545,0.057402752339839935,0.13441552221775055,0.0773811861872673,0.029176300391554832,0.011621931567788124,0.06343544274568558
G,102,0.1615642011165619,0.08199972659349442,0.013992480002343655,0.0866866186261177,0.043001290410757065,0.04309979826211929,0.1615642011165619,0.028045937418937683,0.02209233120083809,0.023133961483836174,0.03716010972857475,0.008632120676338673,0.0352325513958931,0.05390702933073044,0.020616374909877777,0.05414048582315445,0.08040780574083328,0.04919305443763733,0.04209447279572487,0.029336968436837196,0.08556591719388962
F,103,0.08576846867799759,0.05595911666750908,0.008016062900424004,0.045866843312978745,0.031787458807229996,0.08576846867799759,0.10944128781557083,0.022971758618950844,0.029020214453339577,0.018815485760569572,0.05623822659254074,0.014727039262652397,0.029934359714388847,0.025638427585363388,0.013619989156723022,0.05706055462360382,0.07946107536554337,0.054758135229349136,0.06356703490018845,0.04388590529561043,0.15335342288017273
E,104,0.03849109634757042,0.045718323439359665,0.003317773574963212,0.5061548948287964,0.03849109634757042,0.016823435202240944,0.07069804519414902,0.016593769192695618,0.007514017168432474,0.006208794191479683,0.015719803050160408,0.00409339414909482,0.03498893603682518,0.01649484969675541,0.010962555184960365,0.029317032545804977,0.02789866365492344,0.02396833524107933,0.024762677028775215,0.020066028460860252,0.07997780293226242
Y,105,0.34664681553840637,0.03924766927957535,0.007911022752523422,0.022306501865386963,0.01007607951760292,0.15107890963554382,0.024641402065753937,0.016239410266280174,0.0462888740003109,0.00228858576156199,0.03966628387570381,0.005079871043562889,0.012622925452888012,0.013032857328653336,0.004234421066939831,0.011789649724960327,0.03175800293684006,0.03300883248448372,0.17096759378910065,0.011064611375331879,0.34664681553840637
W,106,0.95620197057724,0.0007338945870287716,0.0025120459031313658,0.0005321326898410916,0.0012657757615670562,0.0039369091391563416,0.004904627799987793,0.0006534815183840692,0.00047765931230969727,0.0007330139633268118,0.009424400515854359,0.0005734626902267337,0.0003209481365047395,0.0008674653363414109,0.001227822620421648,0.006646474823355675,0.0035478200297802687,0.0005683296476490796,0.0015487014316022396,0.95620197057724,0.003236115910112858
G,107,0.9667588472366333,0.01039304118603468,0.0012129514943808317,0.0037039953749626875,0.0022375527769327164,0.00015024733147583902,0.9667588472366333,0.0001873606670415029,0.00015103617624845356,0.00024513277458027005,0.0003485684283077717,0.00010150935122510418,0.0007345694466494024,0.00021068198839202523,0.00016140304796863347,0.003237874945625663,0.004371331539005041,0.0006051898817531765,0.0043943473137915134,0.0005446405266411602,0.00020533593487925828
Q,108,0.7270048260688782,0.0072562601417303085,0.000675129471346736,0.0007962012896314263,0.01565139926970005,0.0002318231709068641,0.008948108181357384,0.005637347232550383,0.0005841513630002737,0.11884050816297531,0.0048440988175570965,0.003100272035226226,0.002111489651724696,0.043724432587623596,0.7270048260688782,0.04654437303543091,0.006357033271342516,0.004583893809467554,0.001346578006632626,0.0009705828852020204,0.0005492822383530438
G,109,0.9873861074447632,0.003172369208186865,0.0005686402437277138,0.0010214904323220253,0.0017148071201518178,3.071275205002166e-05,0.9873861074447632,5.286780287860893e-05,4.507770427153446e-05,0.00018680804350879043,9.181926725432277e-05,3.921584357158281e-05,0.0001952516322489828,5.245743159321137e-05,7.468314288416877e-05,0.0020433743484318256,0.0016077413456514478,0.00014753005234524608,0.0012029266217723489,0.00027848893660120666,4.7894947783788666e-05
T,110,0.9303855299949646,0.02151978388428688,0.0007814144482836127,0.0005055946530774236,0.0003539735625963658,0.0001853333378676325,0.001005965401418507,0.00040934851858764887,0.011579353362321854,0.0009559213067404926,0.0010869334219023585,0.0010945512913167477,0.003351486986503005,0.004848029464483261,0.00027988580404780805,0.001380851841531694,0.013448601588606834,0.9303855299949646,0.006405419670045376,4.114010152989067e-05,0.0002630884409882128
Q,111,0.07462205737829208,0.013765184208750725,0.0012246634578332305,0.00043909132364206016,0.0053540379740297794,0.0013193401973694563,0.0007203563000075519,0.0041371555998921394,0.006943214684724808,0.018587293103337288,0.2884889841079712,0.1136661097407341,0.0014125960879027843,0.020217642188072205,0.07462205737829208,0.0597400888800621,0.041990142315626144,0.33618834614753723,0.009107574820518494,0.0011794929159805179,0.0007021083729341626
V,112,0.7785449624061584,0.0006486748461611569,9.942556789610535e-05,0.00010665028094081208,9.305431740358472e-05,0.0003647686098702252,8.740319026401266e-05,3.226694025215693e-05,0.00466290395706892,1.4061042747925967e-05,0.21449041366577148,0.00036051153438165784,1.9267690731794573e-05,9.519319428363815e-05,4.6248875150922686e-05,0.00014792880392633379,2.11536098504439e-05,7.82455681473948e-05,0.7785449624061584,1.4743312021892052e-05,4.058490230818279e-05
T,113,0.8177652359008789,0.032232314348220825,0.0004795359855052084,0.004330577794462442,0.026450540870428085,0.0009913576068356633,0.0010090384166687727,0.0006184051744639874,0.034514281898736954,0.009843748062849045,0.00432621268555522,0.006222279742360115,0.0032733012922108173,0.0007822613115422428,0.0024167513474822044,0.009167904034256935,0.02004389651119709,0.8177652359008789,0.02414865233004093,0.00032080127857625484,0.0009043521131388843
V,114,0.9885778427124023,0.0019325577886775136,0.00014063861453905702,0.00011688363156281412,0.0003585135273169726,0.00019999455253127962,0.0005142283625900745,1.3991613741382025e-05,0.0028270953334867954,2.9507102226489224e-05,0.004140645265579224,0.00047840550541877747,2.4277900593006052e-05,9.089035302167758e-05,3.9856535295257345e-05,0.00010594922059681267,0.000138614239403978,0.00017803447553887963,0.9885778427124023,1.5044188330648467e-05,3.468715294729918e-05
S,115,0.9739598631858826,0.0030393025372177362,0.0010582123650237918,0.0005856856005266309,0.0013455585576593876,0.0033288653939962387,0.0013774274848401546,0.00026396490284241736,0.0007491500582545996,0.0008498629904352129,0.0023201201111078262,0.0001250576024176553,0.002689338056370616,0.0007108090212568641,0.0003716547507792711,0.002462046453729272,0.9739598631858826,0.0026263392064720392,0.0005951951025053859,0.00030332087771967053,0.0011510736076161265
S,116,0.8691254258155823,0.03479018807411194,0.0021030588541179895,0.0038305867929011583,0.0014681338798254728,0.002095295349135995,0.03301427885890007,0.0017991237109526992,0.00023592538491357118,0.0006240217480808496,0.003963186871260405,0.0002853099722415209,0.0017308101523667574,0.02523486502468586,0.0013037893222644925,0.009800795465707779,0.8691254258155823,0.003714293474331498,0.002089593093842268,0.00043523538624867797,0.0022051366977393627
K,117,0.23300404846668243,0.029518691822886467,0.011249593459069729,0.006252171937376261,0.02707810327410698,0.0024952797684818506,0.11838994920253754,0.06890939176082611,0.005648932419717312,0.23300404846668243,0.009733086451888084,0.0019304797751829028,0.011620835401117802,0.0392933264374733,0.19876080751419067,0.10346098989248276,0.10350490361452103,0.01229203213006258,0.007201552391052246,0.002057204721495509,0.004327555187046528
H,118,0.18041616678237915,0.024645810946822166,0.010468646883964539,0.07210387289524078,0.048756204545497894,0.008293923921883106,0.046686917543411255,0.18041616678237915,0.011680937372148037,0.07370826601982117,0.02893615886569023,0.004010284785181284,0.06431662291288376,0.054109279066324234,0.0880400612950325,0.045911651104688644,0.1599835306406021,0.0341198593378067,0.014573445543646812,0.0031562659423798323,0.02277596853673458
H,119,0.9879297018051147,3.0210971090127714e-05,0.00045163213508203626,0.00026725485804490745,6.0899415984749794e-05,6.41263841316686e-06,0.0005433856858871877,0.9879297018051147,3.1968495477485703e-06,0.0001495154428994283,0.00023069609596859664,3.815935542661464e-06,0.0004156460054218769,0.00028396109701134264,0.0012948865769430995,0.006388677284121513,0.00017683849728200585,4.820598405785859e-06,1.4749173715244979e-05,5.684360985469539e-06,0.001713859848678112
H,120,0.9930277466773987,1.1941296179429628e-05,0.00013792188838124275,0.00018105334311258048,2.751141983026173e-05,5.471426447911654e-06,0.00014336424646899104,0.9930277466773987,2.6764637368614785e-06,8.865689596859738e-05,0.0001701734436210245,3.0256082936830353e-06,0.0003180350176990032,0.00013733636296819896,0.0007061654468998313,0.003525092266499996,8.38855339679867e-05,2.0178629256406566e-06,7.397645731543889e-06,2.2903248009242816e-06,0.0014073406346142292
H,121,0.9888508915901184,1.843267455114983e-05,0.00016436338773928583,0.0002484944125171751,3.7469490052899346e-05,1.3067271538602654e-05,0.00016971271543297917,0.9888508915901184,4.857273324887501e-06,0.00015155792061705142,0.00020726241928059608,4.4501912270789035e-06,0.0003951685503125191,0.00020322763884905726,0.000841833942104131,0.006267787888646126,0.0001097622953238897,2.971766662085429e-06,1.1512233868415933e-05,3.870739419653546e-06,0.0022798748686909676
H,122,0.9837475419044495,2.1925518012722023e-05,0.00025937703321687877,0.00031257286900654435,4.435488153831102e-05,1.4530977750837337e-05,0.00028839672449976206,0.9837475419044495,5.439558208308881e-06,0.00031635299092158675,0.0002671719412319362,6.681544164166553e-06,0.00046039692824706435,0.0002072512434097007,0.0012129531241953373,0.009583347477018833,0.00017901905812323093,4.144812919548713e-06,1.3847293303115293e-05,6.798896265536314e-06,0.003024366917088628
H,123,0.9801660180091858,9.23565894481726e-05,0.000324457447277382,0.0005872081965208054,0.0001495203177910298,1.8923694369732402e-05,0.0013477057218551636,0.9801660180091858,1.2017852895951364e-05,0.00040288796299137175,0.0010859835892915726,1.1686401194310747e-05,0.0009864380117505789,0.0006711668684147298,0.005524929147213697,0.006512624677270651,0.0006536816945299506,1.7981055862037465e-05,8.441520185442641e-05,7.748498319415376e-06,0.0012186648091301322
