,aa_id,pdb_id,chain_id,pos,wtAA,prAA,wt_prob,pred_prob,avg_log_ratio,prALA,prARG,prASN,prASP,prCYS,prGLN,prGLU,prGLY,prHIS,prILE,prLEU,prLYS,prMET,prPHE,prPRO,prSER,prTHR,prTRP,prTYR,prVAL
0,_A,1TIF,A,3,LYS,MET,0.07249729335308075,0.14012077450752258,0.9506718516349792,0.03005683608353138,0.056498266756534576,0.0492139607667923,0.060562629252672195,0.006525713950395584,0.053732361644506454,0.06797557324171066,0.02829795330762863,0.05630257725715637,0.04748707637190819,0.09241610765457153,0.07249729335308075,0.14012077450752258,0.03188946098089218,0.017147116363048553,0.050035394728183746,0.06490007042884827,0.009118698537349701,0.02470487914979458,0.04051734134554863
1,_A,1TIF,A,4,ASP,ILE,0.026203829795122147,0.219200998544693,3.0644047260284424,0.010491417720913887,0.03053942136466503,0.03495129197835922,0.026203829795122147,0.003774958197027445,0.046023156493902206,0.09970760345458984,0.0003592003195080906,0.03384168818593025,0.219200998544693,0.1743961125612259,0.045911937952041626,0.03171722963452339,0.03884534537792206,0.0022826555650681257,0.01265060342848301,0.0391976572573185,0.00915537029504776,0.027790255844593048,0.11295927315950394
2,_A,1TIF,A,5,PHE,TYR,0.2203335016965866,0.26903417706489563,0.28810060024261475,0.00671479431912303,0.10979105532169342,0.017728405073285103,0.0027898342814296484,0.0018401590641587973,0.03392978012561798,0.012077863328158855,5.941522613284178e-05,0.163992241024971,0.0012972027761861682,0.0173325277864933,0.08416591584682465,0.020243696868419647,0.2203335016965866,0.00011955919762840495,0.007803814485669136,0.002872656099498272,0.026782335713505745,0.26903417706489563,0.0010910257697105408
3,_A,1TIF,A,6,ILE,PRO,0.0005989570054225624,0.964888334274292,10.653694152832031,0.0038306242786347866,0.0049997675232589245,0.00035286167985759676,0.0009544152999296784,3.145561640849337e-05,0.0031440367456525564,0.0023921297397464514,1.3198580006701377e-07,0.0001542588579468429,0.0005989570054225624,0.00304386462084949,0.010036773048341274,0.0005391495651565492,0.00011270190589129925,0.964888334274292,0.002234084066003561,0.0015476132975891232,1.7766542441677302e-05,7.949514110805467e-05,0.0010415267897769809
4,_A,1TIF,A,7,ILE,ILE,0.3424617350101471,0.3424617350101471,0.0,0.01712009124457836,0.0037010281812399626,0.018930740654468536,0.0040281955152750015,0.027964148670434952,0.04520115256309509,0.02441282756626606,4.489518323680386e-05,0.022780437022447586,0.3424617350101471,0.0487077571451664,0.005512748844921589,0.01911548152565956,0.003677080385386944,0.003090486628934741,0.02257668972015381,0.1763605922460556,0.0005339426570571959,0.0012129941023886204,0.21256694197654724
5,_A,1TIF,A,8,ASN,ASN,0.9632994532585144,0.9632994532585144,0.0,3.139989712508395e-05,0.0008768523694016039,0.9632994532585144,0.034718599170446396,4.8613933358865324e-06,0.00044606399023905396,0.00016593602776993066,3.184496000230297e-10,6.269563891692087e-05,3.958552099447843e-07,9.556730219628662e-06,0.00018402071145828813,2.8351714718155563e-06,2.0836165504078963e-07,2.5369459311086473e-10,0.00018898295820690691,7.589996585011249e-06,1.251476504648963e-07,1.1407764333171144e-07,3.6073151932214387e-07
6,_A,1TIF,A,9,GLU,GLU,0.20969943702220917,0.20969943702220917,0.0,0.02236551232635975,0.025099756196141243,0.05351448059082031,0.07040028274059296,0.003195499535650015,0.0706252008676529,0.20969943702220917,0.0006668098503723741,0.05427935719490051,0.037993837147951126,0.2081402689218521,0.04673391953110695,0.016796380281448364,0.039814356714487076,0.002391763497143984,0.03164880350232124,0.0474792905151844,0.005934152752161026,0.027932683005928993,0.025288229808211327
7,_A,1TIF,A,10,GLN,GLU,0.21295320987701416,0.2810313105583191,0.400194376707077,0.09844396263360977,0.01804480515420437,0.016861174255609512,0.09107763320207596,0.0009161909692920744,0.21295320987701416,0.2810313105583191,4.327540227677673e-05,0.012680014595389366,0.0016679239924997091,0.13169273734092712,0.05626474320888519,0.013287192210555077,0.00489482656121254,0.00013477033644448966,0.043231092393398285,0.007559466641396284,0.0017546265153214335,0.0061503262259066105,0.001310720108449459
8,_A,1TIF,A,11,ILE,ILE,0.9158387780189514,0.9158387780189514,0.0,3.6125352380622644e-06,2.7585350835579447e-05,0.00022688700119033456,1.3153891813999508e-05,0.00011440267553552985,0.00018762833497021347,0.00014125012967269868,6.148247466697399e-10,2.319758277735673e-05,0.9158387780189514,0.04126580059528351,4.46272169938311e-05,0.0014937857631593943,1.2484141734603327e-05,5.14768828452361e-07,8.2887409007526e-06,0.0007435915758833289,3.6926037410012214e-06,3.740876991287223e-06,0.0398469977080822
9,_A,1TIF,A,12,ARG,LYS,0.13740354776382446,0.2899720072746277,1.0774943828582764,0.01858033612370491,0.13740354776382446,0.010595710016787052,0.010533500462770462,0.0017827263800427318,0.21058671176433563,0.07896579056978226,1.6864354620338418e-05,0.010042346082627773,0.008463213220238686,0.023770367726683617,0.2899720072746277,0.015337971039116383,0.0007162445108406246,0.001101271016523242,0.03551279380917549,0.12097867578268051,0.00043747463496401906,0.0009022614685818553,0.024300135672092438
10,_A,1TIF,A,13,ALA,ALA,0.6314306259155273,0.6314306259155273,0.0,0.6314306259155273,0.0008139058481901884,0.00634630536660552,0.008287327364087105,0.016519714146852493,0.004124859347939491,0.003249370027333498,0.0004271756042726338,0.017199460417032242,0.00021113768161740154,0.0075135063380002975,0.0026167414616793394,0.011063024401664734,0.01232156716287136,0.14821366965770721,0.12161234766244888,0.0011085328878834844,0.000432146480306983,0.006021326873451471,0.00048719547339715064
11,_A,1TIF,A,14,ARG,LYS,0.08669185638427734,0.1535755693912506,0.8249803781509399,0.08606305718421936,0.08669185638427734,0.03467342257499695,0.08589398860931396,0.0023286393843591213,0.06103906407952309,0.12181056290864944,0.0007093003951013088,0.02508927695453167,0.022638704627752304,0.022321121767163277,0.1535755693912506,0.01050772424787283,0.01067307684570551,0.06895064562559128,0.056554827839136124,0.07844232767820358,0.00465952605009079,0.011025529354810715,0.05635177716612816
12,_A,1TIF,A,15,GLU,GLU,0.35442444682121277,0.35442444682121277,0.0,0.03205927833914757,0.02743319794535637,0.04581623524427414,0.06527658551931381,0.003840834368020296,0.10493625700473785,0.35442444682121277,0.0001237135293195024,0.019670534878969193,0.03392229974269867,0.05776546895503998,0.041807159781455994,0.01863064616918564,0.009821619838476181,0.001397554180584848,0.0512632355093956,0.07862453162670135,0.002935399767011404,0.010129070840775967,0.04012193903326988
13,_A,1TIF,A,16,VAL,VAL,0.8248869776725769,0.8248869776725769,0.0,0.0032103138510137796,0.0028388092759996653,0.006371475290507078,0.0005226094508543611,0.010160637088119984,0.007454304024577141,0.004023089073598385,1.654505808801332e-06,0.004781930707395077,0.09885647892951965,0.009952360764145851,0.00351526215672493,0.0029420300852507353,0.0012110081734135747,7.68372556194663e-05,0.0019240941619500518,0.01570449024438858,0.0002882294647861272,0.0012774849310517311,0.8248869776725769
14,_A,1TIF,A,17,ARG,ARG,0.42294883728027344,0.42294883728027344,0.0,0.004918500315397978,0.42294883728027344,0.010796100832521915,0.001827515079639852,0.0023333984427154064,0.09523343294858932,0.01605965569615364,0.00011594937677728012,0.04838613420724869,0.017086654901504517,0.08473558723926544,0.20872238278388977,0.03210674226284027,0.00631963973864913,0.00041433784645050764,0.004100670572370291,0.0072253127582371235,0.010017749853432178,0.008778480812907219,0.01787293143570423
15,_A,1TIF,A,18,LEU,LEU,0.9999885559082031,0.9999885559082031,0.0,3.370238810251891e-10,3.924846836422802e-10,5.433669514331996e-09,2.6924984464216095e-10,9.219935037663163e-09,6.602164148716838e-08,4.622424221167876e-09,3.4470297369679677e-18,7.249281730459245e-10,3.964955340052256e-06,0.9999885559082031,1.5942193121176729e-09,6.24343374511227e-06,1.255869630512052e-09,1.0899335150439823e-15,9.821812252397422e-10,1.576654824475554e-07,1.3997142334076784e-10,1.0569326663878442e-10,9.982855999624007e-07
16,_A,1TIF,A,19,ILE,ILE,0.9891197681427002,0.9891197681427002,0.0,1.0424591856406096e-08,1.2657543265959248e-05,1.3503683931048727e-06,4.989732360627386e-08,1.1064627187806764e-06,5.447751027531922e-05,1.5167672245297581e-05,1.0820188603606617e-13,1.0027914498778046e-07,0.9891197681427002,6.694818148389459e-05,6.317781753750751e-06,0.0002342538209632039,3.636569800846701e-08,2.427076872812961e-10,5.846855088975644e-08,9.939639858203009e-05,1.2654355430186115e-07,1.9976342358063448e-08,0.010388300754129887
17,_A,1TIF,A,20,ASP,ASP,0.8881808519363403,0.8881808519363403,0.0,0.00010297909466316923,2.989529457408935e-05,0.09981567412614822,0.8881808519363403,0.002338468562811613,0.00022659021487925202,0.0008932004566304386,7.06565174368734e-07,0.006571632809937,9.813231827138225e-07,1.3599807971331757e-05,1.9161783711751923e-05,3.8539899833267555e-05,0.0003345741133671254,1.4720071703777649e-06,0.0009668683051131666,4.791485480382107e-05,8.894555503502488e-05,0.00032656369148753583,1.3683780935025425e-06
18,_A,1TIF,A,21,GLN,GLU,0.06370420008897781,0.770866334438324,3.597020387649536,0.009612882509827614,0.00045370313455350697,0.027133358642458916,0.0698542669415474,0.002042905893176794,0.06370420008897781,0.770866334438324,2.524890021504689e-07,0.03381025046110153,0.0011115649249404669,0.000223153067054227,0.0012290350859984756,0.0005941952113062143,0.0014883321709930897,1.4375837054103613e-06,0.008116642013192177,0.00295341107994318,0.00010644590656738728,0.0018252477748319507,0.004872407764196396
19,_A,1TIF,A,22,ASN,ASN,0.3481651246547699,0.3481651246547699,0.0,0.012011965736746788,0.04306946322321892,0.3481651246547699,0.19881616532802582,0.003471412928774953,0.039893049746751785,0.03930298238992691,6.179922638693824e-05,0.02871071733534336,0.013025403022766113,0.010323251597583294,0.04206192120909691,0.0039341081865131855,0.004203821998089552,0.0010390890529379249,0.05964713543653488,0.12651461362838745,0.0016205246793106198,0.004788384772837162,0.019339025020599365
20,_A,1TIF,A,23,GLY,GLY,1.0,1.0,0.0,7.072383802241371e-34,2.3181139817429143e-33,3.3105061840061013e-31,4.551987333389764e-30,2.591171914014757e-30,9.05025474275623e-38,8.14141730312953e-33,1.0,1.9548794315121117e-33,0.0,2.0952644973979943e-33,2.5700384220244064e-36,9.513558978971592e-26,1.0117822423928098e-33,3.278398073030905e-30,1.5930358123021633e-29,5.522200167916998e-34,0.0,6.345347060838295e-36,0.0
21,_A,1TIF,A,24,ASP,ARG,0.08395519852638245,0.1575942486524582,0.9085232615470886,0.04986114427447319,0.1575942486524582,0.1216762512922287,0.08395519852638245,0.0065737636759877205,0.11730463057756424,0.1443595439195633,7.14157649781555e-05,0.01466082688421011,0.01454183179885149,0.01156997587531805,0.12942944467067719,0.006633371580392122,0.0017053020419552922,0.00016038509784266353,0.04352901875972748,0.06173491105437279,0.0009428537450730801,0.0027275194879621267,0.030968375504016876
22,_A,1TIF,A,25,GLN,GLU,0.07008413225412369,0.2530539929866791,1.8522855043411255,0.003870747284963727,0.008851905353367329,0.1565595120191574,0.1729568988084793,0.006620586849749088,0.07008413225412369,0.2530539929866791,0.00033419678220525384,0.0796213150024414,0.05916079133749008,0.06315312534570694,0.011825916357338428,0.03351344168186188,0.02258431725203991,0.0008981185383163393,0.004605052527040243,0.004813505336642265,0.006427265238016844,0.01928209327161312,0.021783074364066124
23,_A,1TIF,A,26,LEU,LEU,0.8207545280456543,0.8207545280456543,0.0,3.1537713311990956e-06,6.50925503578037e-05,5.5182572396006435e-05,8.960667400970124e-06,3.4437718568369746e-05,0.00034564477391541004,7.596038631163538e-05,3.4153755379406903e-09,0.00016365171177312732,0.0014366564573720098,0.8207545280456543,7.276850374182686e-05,0.15386836230754852,0.015934262424707413,1.0774920866651883e-07,3.838748398266034e-06,1.284024074266199e-05,0.0002526600146666169,0.006879037246108055,3.2859134080354124e-05
24,_A,1TIF,A,27,GLY,GLY,1.0,1.0,0.0,4.676770350694524e-27,3.9345889028704054e-26,1.790563187988347e-24,8.818337638137351e-24,5.2389416285562595e-24,6.556837523462959e-30,4.3869907712533404e-26,1.0,3.4948266816008905e-26,8.937624201595413e-37,3.9328783689309984e-26,1.4263174760176946e-28,2.77410948108798e-20,4.234568053222668e-26,1.2210958601063337e-23,1.84853065945625e-23,1.4846711985137343e-26,3.385911090326039e-31,6.0472953214120215e-28,6.957320354040139e-34
25,_A,1TIF,A,28,ILE,ILE,0.5944272875785828,0.5944272875785828,0.0,0.00015795585932210088,0.007075656205415726,0.0036637005396187305,0.00022116275795269758,0.0005623199976980686,0.001906546764075756,0.002114677568897605,8.311334909194557e-08,0.0010241487761959434,0.5944272875785828,0.0038183792494237423,0.005742812063544989,0.0011279891477897763,0.00023498610244132578,4.793640073330607e-06,0.0005196306738071144,0.059324365109205246,0.00010706621105782688,0.000299706996884197,0.31766676902770996
26,_A,1TIF,A,29,LYS,LYS,0.40981075167655945,0.40981075167655945,0.0,2.4124545234371908e-05,0.0817326232790947,2.440458774799481e-05,4.7400317271240056e-06,0.00015289269504137337,0.004357252269983292,0.000441480748122558,8.024815811857877e-10,0.000491086975671351,0.06891733407974243,0.01991104893386364,0.40981075167655945,0.001062404946424067,1.3349724213185254e-05,1.643449252242135e-07,4.493830419960432e-05,0.008062694221735,1.8458531485521235e-05,2.547369513195008e-05,0.4049048125743866
27,_A,1TIF,A,30,SER,SER,0.5525241494178772,0.5525241494178772,0.0,5.9798585425596684e-05,5.31718887941679e-06,5.415324631030671e-05,8.423531107837334e-05,3.7027559301350266e-05,1.4559895134880207e-05,3.3843054552562535e-05,5.598980834520262e-09,1.0681497997211409e-06,5.745343969465466e-06,2.3542721464764327e-05,3.056479545193724e-05,4.952903964294819e-06,8.081362352641008e-07,0.0072739035822451115,0.5525241494178772,0.4398075342178345,4.721122603967842e-09,5.214727494262661e-08,3.8730235246475786e-05
28,_A,1TIF,A,31,LYS,ARG,0.11856242269277573,0.7493411898612976,2.659976005554199,0.0010801076423376799,0.7493411898612976,0.025207314640283585,0.0010299923596903682,0.0007960868533700705,0.01014114823192358,0.0008799747447483242,1.5331866961787455e-05,0.01629069447517395,0.004302468150854111,0.034727953374385834,0.11856242269277573,0.019005989655852318,0.00271255848929286,3.896535054082051e-05,0.0008194432011805475,0.00047606113366782665,0.005906777922064066,0.0083217304199934,0.0003438560524955392
29,_A,1TIF,A,32,GLN,GLN,0.3463711440563202,0.3463711440563202,0.0,0.03853834792971611,0.057288359850645065,0.018661776557564735,0.030068207532167435,0.0020185457542538643,0.3463711440563202,0.166276216506958,1.3773616956314072e-05,0.010100843384861946,0.012991048395633698,0.09460896253585815,0.12236116826534271,0.019262779504060745,0.0012011192739009857,8.342294313479215e-05,0.019326316192746162,0.04770471155643463,0.0008018835796974599,0.0014603707240894437,0.010861018672585487
30,_A,1TIF,A,33,GLU,GLU,0.9819259643554688,0.9819259643554688,0.0,0.0006861958536319435,0.0017336286837235093,0.00011777346662711352,0.000644575571641326,1.7092284906539135e-05,0.012416103854775429,0.9819259643554688,1.5879224324333308e-10,0.00011192960664629936,4.7301185986725613e-05,8.836443157633767e-05,0.0008486605947837234,0.00014426080451812595,3.3204437386302743e-06,1.5839159459574148e-06,0.00020672942628152668,0.0007546668057329953,2.904941538872663e-06,1.0849348655028734e-05,0.0002381309459451586
31,_A,1TIF,A,34,ALA,ALA,0.6407346129417419,0.6407346129417419,0.0,0.6407346129417419,4.889955744147301e-05,0.0005851230234839022,0.00046411645598709583,0.011709349229931831,0.0004836905573029071,0.00032903600367717445,7.629688298038673e-06,0.00025628390721976757,0.0005631193635053933,0.0009508101502433419,0.00015183356299530715,0.0011451833415776491,0.00018908033962361515,0.19359427690505981,0.1382809281349182,0.005863807629793882,7.133524377422873e-06,9.211955330101773e-05,0.004542912356555462
32,_A,1TIF,A,35,LEU,GLN,0.014207640662789345,0.9100715517997742,6.001241207122803,0.0006262788665480912,0.019219830632209778,0.004193814937025309,0.00017686939099803567,7.740480941720307e-05,0.9100715517997742,0.018624458461999893,5.670897529341801e-09,0.002178488066419959,0.00039776205085217953,0.014207640662789345,0.02467271313071251,0.005027502775192261,3.900070169038372e-06,2.3691481487730925e-07,0.00041689854697324336,7.945994002511725e-05,9.531869181955699e-06,3.999650289188139e-06,1.1850470400531776e-05
33,_A,1TIF,A,36,GLU,GLU,0.9275594353675842,0.9275594353675842,0.0,0.0006197038455866277,0.0023119470570236444,0.003385070711374283,0.01247505284845829,7.569001900264993e-05,0.04091046378016472,0.9275594353675842,8.183921096360791e-08,0.0001239144039573148,0.0009522314066998661,0.003851362271234393,0.0014644382754340768,0.002047761809080839,1.131161752709886e-05,2.610588308016304e-05,0.0013980412622913718,0.0021402579732239246,2.971762660308741e-05,2.045263499894645e-05,0.0005969940684735775
34,_A,1TIF,A,37,ILE,ILE,0.21856921911239624,0.21856921911239624,0.0,0.020088672637939453,0.048396676778793335,0.03433126211166382,0.017956484109163284,0.00609526876360178,0.06653347611427307,0.0650649443268776,8.122577128233388e-05,0.020121511071920395,0.21856921911239624,0.11955694109201431,0.06923004239797592,0.022207088768482208,0.010033240541815758,0.0019026512745767832,0.019871149212121964,0.07248064875602722,0.00314162066206336,0.011055447161197662,0.17328248918056488
35,_A,1TIF,A,38,ALA,ALA,0.7380825281143188,0.7380825281143188,0.0,0.7380825281143188,0.0023523764684796333,0.0012396755628287792,0.0007486523827537894,0.0024732013698667288,0.00665453914552927,0.0017069403547793627,5.55420047021471e-06,0.0007093738531693816,9.373706416226923e-05,0.0006150153349153697,0.003348445752635598,0.0012669608695432544,9.884662722470239e-05,0.00010608244338072836,0.23715998232364655,0.0026409525889903307,3.0515109756379388e-05,0.00010807533544721082,0.0005586033221334219
36,_A,1TIF,A,39,ALA,ALA,0.833005428314209,0.833005428314209,0.0,0.833005428314209,0.0025251242332160473,0.0036954765673726797,0.0060180556029081345,0.0006686333217658103,0.007992074824869633,0.009342331439256668,8.226510544773191e-06,0.0025270029436796904,0.0001170532195828855,0.0007455203449353576,0.006458898074924946,0.0006552316481247544,0.0004804179770871997,6.220937211764976e-05,0.11540257185697556,0.008828792721033096,0.0001037946276483126,0.0005335122114047408,0.0008294947328977287
37,_A,1TIF,A,40,ARG,GLU,0.14534689486026764,0.17198975384235382,0.2428223043680191,0.09094484150409698,0.14534689486026764,0.01110020186752081,0.014320802874863148,0.005958096124231815,0.1471203714609146,0.17198975384235382,0.00014411019219551235,0.005918382667005062,0.04578910395503044,0.025165921077132225,0.12048902362585068,0.03784674033522606,0.0024625679943710566,0.0006994043942540884,0.05932021886110306,0.06036567687988281,0.0035428840201348066,0.003796885022893548,0.04767810180783272
38,_A,1TIF,A,41,ARG,LEU,0.025502610951662064,0.46857234835624695,4.199554920196533,0.017451554536819458,0.025502610951662064,0.005149402189999819,0.013900619000196457,0.0011147466721013188,0.12822481989860535,0.05874078720808029,3.32504314428661e-05,0.016212770715355873,0.002050502225756645,0.46857234835624695,0.06613489240407944,0.06007852777838707,0.05467598885297775,0.0010845066281035542,0.017536675557494164,0.006837011780589819,0.010961626656353474,0.04297832027077675,0.0027590745594352484
39,_A,1TIF,A,42,ASN,ASN,0.283687949180603,0.283687949180603,0.0,0.05682344362139702,0.0758027583360672,0.283687949180603,0.11618474870920181,0.005408839788287878,0.0637560784816742,0.04799174517393112,0.0004603636043611914,0.09520597010850906,0.001033547567203641,0.008691814728081226,0.12137574702501297,0.004632547032088041,0.012364561669528484,0.0009627941763028502,0.0824187621474266,0.00806920975446701,0.0026279340963810682,0.011114147491753101,0.0013870041584596038
40,_A,1TIF,A,43,LEU,LEU,0.6196971535682678,0.6196971535682678,0.0,0.020505264401435852,0.006755604408681393,0.00991158839315176,0.019977876916527748,0.0008502696873620152,0.10142555832862854,0.08218681067228317,5.7164950703736395e-05,0.0046087587252259254,0.008230214938521385,0.6196971535682678,0.0059285410679876804,0.07743702828884125,0.005489034578204155,0.0012288512662053108,0.019803393632173538,0.005280137527734041,0.003434746526181698,0.00568515295162797,0.0015068795764818788
41,_A,1TIF,A,44,ASP,ASP,0.7137210965156555,0.7137210965156555,0.0,0.005863061640411615,0.000573045399505645,0.10987626016139984,0.7137210965156555,0.008594406768679619,0.004291158635169268,0.004878105130046606,0.00019818684086203575,0.04295995458960533,0.005721481516957283,0.003652373794466257,0.0011174444807693362,0.011689071543514729,0.008690516464412212,0.001231096568517387,0.01661066897213459,0.05157836526632309,0.0006578289321623743,0.0033159598242491484,0.004779955372214317
42,_A,1TIF,A,45,LEU,LEU,0.9978506565093994,0.9978506565093994,0.0,6.027989343238005e-07,8.402847129218571e-07,8.634247024019714e-06,5.693171374332451e-07,7.109311354724923e-06,2.176688030885998e-05,1.8666210053197574e-06,1.795115965597116e-11,1.2023347153444774e-05,1.0628239579091314e-05,0.9978506565093994,8.339395662915194e-07,0.002042597159743309,3.217857010895386e-05,3.5833669365104015e-10,9.449485673940217e-07,1.77656693267636e-06,1.4510083019558806e-06,4.639690359908855e-06,8.758192961977329e-07
43,_A,1TIF,A,46,VAL,VAL,0.9272276163101196,0.9272276163101196,0.0,1.669202720222529e-05,2.0174407836748287e-05,1.470248207624536e-05,1.2342892432570807e-06,0.0003029495128430426,2.5606857889215462e-05,1.1454815648903605e-05,2.8437086019295066e-10,4.135843937547179e-06,0.06929975748062134,8.58790153870359e-05,2.6916159185930155e-05,0.00013819259766023606,2.2976585114520276e-06,1.3125860220952745e-07,1.0569651749392506e-05,0.0028096172027289867,9.862062597676413e-07,1.058492784977716e-06,0.9272276163101196
44,_A,1TIF,A,47,LEU,LEU,0.7973909974098206,0.7973909974098206,0.0,0.007158772554248571,0.002546124393120408,0.0022512946743518114,0.0007644975557923317,0.003122018650174141,0.07911544293165207,0.013771806843578815,8.568741804992897e-07,0.002667910885065794,0.0028703813441097736,0.7973909974098206,0.002794171217828989,0.07711566239595413,0.001907166326418519,7.830361028027255e-06,0.0028974346350878477,0.00176908727735281,0.00027728351415134966,0.0008526927558705211,0.0007186119328252971
45,_A,1TIF,A,48,VAL,VAL,0.631251871585846,0.631251871585846,0.0,1.8143366105505265e-05,2.324270644749049e-05,0.00015947071369737387,3.9738199120620266e-05,0.000520066823810339,4.943164822179824e-05,0.0001837179734138772,2.2766253326977903e-09,5.490423063747585e-05,0.3287122845649719,0.00011907377484021708,1.9689103282871656e-05,0.0001117699866881594,0.00014702498447149992,4.788830210600281e-06,9.150334517471492e-05,0.038275036960840225,0.0001167496302514337,0.00010158203804166988,0.631251871585846
46,_A,1TIF,A,49,ALA,ASN,0.06950964033603668,0.11430425196886063,0.7175941467285156,0.06950964033603668,0.03388706594705582,0.11430425196886063,0.068059042096138,0.015616916120052338,0.05363849177956581,0.05581427365541458,0.0014190280344337225,0.08938778936862946,0.012704683467745781,0.028074610978364944,0.03815041482448578,0.022630466148257256,0.06728313118219376,0.0035714234691113234,0.08785998076200485,0.10996146500110626,0.02533496916294098,0.07932104170322418,0.023471396416425705
47,_A,1TIF,A,50,PRO,PRO,0.9060123562812805,0.9060123562812805,0.0,0.057315416634082794,0.003603355959057808,0.000120538730698172,0.000872760487254709,3.7272737245075405e-05,0.0034085125662386417,0.007137472275644541,3.498735452467372e-07,5.073813008493744e-05,4.676458047470078e-05,0.0006088014924898744,0.01306266151368618,0.00011928425374208018,2.1488328911800636e-06,0.9060123562812805,0.00717704463750124,0.0002964436716865748,2.574087147877435e-07,2.0008783394587226e-06,0.00012585861259140074
48,_A,1TIF,A,51,ASN,ASP,0.12470448762178421,0.24151480197906494,0.9535982608795166,0.02418222464621067,0.048440609127283096,0.12470448762178421,0.24151480197906494,0.00345211080275476,0.06433700770139694,0.12903936207294464,0.0052792844362556934,0.049257490783929825,0.010118966922163963,0.08355559408664703,0.07035217434167862,0.02099999412894249,0.03016636334359646,0.0052280547097325325,0.02857675403356552,0.015666823834180832,0.00961906835436821,0.028905266895890236,0.006603527348488569
49,_A,1TIF,A,52,ALA,SER,0.4113507866859436,0.47262975573539734,0.20034128427505493,0.4113507866859436,0.0016658322419971228,0.007490517571568489,0.023303385823965073,0.004122581798583269,0.0062242355197668076,0.00889834389090538,0.0003490688977763057,0.001129653537645936,0.000674970680847764,0.005609812680631876,0.004088116344064474,0.0042871953919529915,0.0008711260161362588,0.0008934518555179238,0.47262975573539734,0.043126076459884644,8.513737702742219e-05,0.00034898199373856187,0.002850949764251709
50,_A,1TIF,A,53,LYS,LYS,0.11836828291416168,0.11836828291416168,0.0,0.057866599410772324,0.0817558690905571,0.08523861318826675,0.05759593844413757,0.008685377426445484,0.09267920255661011,0.07660507410764694,0.001229004468768835,0.03902478143572807,0.05669664591550827,0.042238540947437286,0.11836828291416168,0.01938517764210701,0.0084775909781456,0.0021185812074691057,0.07415066659450531,0.10037528723478317,0.004277623724192381,0.007992240600287914,0.06523892283439636
51,_A,1TIF,A,54,PRO,PRO,0.9979561567306519,0.9979561567306519,0.0,2.5366691147610254e-07,1.3091007531329524e-05,2.0559536295650105e-08,7.065807494655019e-08,5.207168385368277e-08,2.779079977699439e-06,1.2601517482835334e-06,5.842965830816409e-15,1.0329567423639219e-08,8.234111191995908e-06,0.001968528376892209,1.0401230611023493e-05,3.7384825191111304e-07,4.3582167563727126e-07,0.9979561567306519,1.7459629475524707e-07,1.9045824046770576e-06,3.560532979562936e-10,1.479956210914679e-07,3.618695700424723e-05
52,_A,1TIF,A,55,PRO,PRO,0.8644120693206787,0.8644120693206787,0.0,0.12155875563621521,4.894231824437156e-05,7.842656486900523e-05,8.639891166239977e-05,0.00010457100870553404,0.00021705774997826666,9.538356971461326e-05,3.7707434330513934e-07,3.8267138734227046e-05,2.595721298348508e-06,2.6857271677727113e-06,0.00011406985140638426,0.0001497909106547013,2.4995822514028987e-06,0.8644120693206787,0.012918037362396717,0.00013722063158638775,1.1254409173488966e-06,2.8681583899015095e-06,2.8862532417406328e-05
53,_A,1TIF,A,56,VAL,VAL,0.7652822136878967,0.7652822136878967,0.0,8.972354407887906e-05,0.0009735903586260974,0.00042904287693090737,0.00012699725630227476,0.0027753093745559454,0.0019691011402755976,0.0024229693226516247,2.679095985058666e-07,0.0001010598280117847,0.08745328336954117,0.08908914774656296,0.0003885054320562631,0.02015085145831108,0.0002272762212669477,5.768518349213991e-06,0.0001471404975745827,0.028203025460243225,7.215012738015503e-05,9.255870099877939e-05,0.7652822136878967
54,_A,1TIF,A,57,CYS,CYS,0.38781988620758057,0.38781988620758057,0.0,0.22717183828353882,0.0023562877904623747,0.0043819360435009,0.0011128553887829185,0.38781988620758057,0.010384914465248585,0.006688406225293875,2.3827944460208528e-05,0.0008251619874499738,0.00940032210201025,0.003812284441664815,0.005849355831742287,0.009007314220070839,0.00025689357426017523,0.0009941153693944216,0.043432191014289856,0.17768186330795288,1.1528046343300957e-05,0.0001976634666789323,0.10859138518571854
55,_A,1TIF,A,58,ARG,ARG,0.34655267000198364,0.34655267000198364,0.0,0.010164075531065464,0.34655267000198364,0.01805799826979637,0.008098140358924866,0.0013224909780547023,0.16299906373023987,0.057621486485004425,2.9398584956652485e-05,0.060757383704185486,0.018648814409971237,0.018561923876404762,0.22885702550411224,0.008982203900814056,0.004486763384193182,0.001079356879927218,0.007483434863388538,0.008002666756510735,0.015298462472856045,0.008302797563374043,0.014693858101963997
56,_A,1TIF,A,59,ILE,ILE,0.5417490601539612,0.5417490601539612,0.0,0.0004473412118386477,0.0005148534546606243,0.011559795588254929,0.003956613130867481,0.0014484327984973788,0.017055386677384377,0.01121084950864315,7.010805802565301e-07,0.0029153195209801197,0.5417490601539612,0.36542055010795593,0.0011966470628976822,0.0131501080468297,0.00047583316336385906,2.2682486815028824e-05,0.0007953915628604591,0.005411206278949976,5.766932008555159e-05,0.0001857321767602116,0.022425763309001923
57,_A,1TIF,A,60,MET,MET,0.8602081537246704,0.8602081537246704,0.0,0.00010871176345972344,0.00017390292487107217,0.0001004775331239216,8.913376950658858e-05,0.0006813328946009278,0.021019870415329933,0.005571241024881601,1.9023681829821726e-07,3.3756303309928626e-05,0.08930420875549316,0.020700382068753242,0.000266967253992334,0.8602081537246704,0.00020601398136932403,8.518687195646635e-07,0.0001995149505091831,0.0002725244266912341,6.424315506592393e-05,3.761997140827589e-05,0.0009609662811271846
58,_A,1TIF,A,61,ASP,ASP,0.7292963266372681,0.7292963266372681,0.0,0.012780820019543171,0.00989010650664568,0.14949047565460205,0.7292963266372681,0.011225726455450058,0.009579235687851906,0.02089727856218815,0.0005285907536745071,0.01031827088445425,0.0009347302839159966,0.0017625170294195414,0.007741386536508799,0.0033498506527394056,0.0017333989962935448,0.0004950210568495095,0.022595670074224472,0.003189613576978445,0.001776611665263772,0.0016169094014912844,0.0007973965257406235
59,_A,1TIF,A,62,TYR,TYR,0.7862725853919983,0.7862725853919983,0.0,1.3521367918656324e-06,2.4085111363092437e-05,5.7117991673294455e-05,2.053275920843589e-06,6.834341661487997e-07,1.297574181080563e-05,3.6429441934160423e-06,1.1050161480286036e-10,0.004503084812313318,2.967057071145973e-07,0.00011814114259323105,2.527449623812572e-06,0.00012031041114823893,0.16432610154151917,1.2805955185157814e-09,1.1663787518045865e-06,8.531785766763278e-08,0.044553618878126144,0.7862725853919983,5.8848012685075446e-08
60,_A,1TIF,A,63,GLY,GLY,1.0,1.0,0.0,2.779187470436373e-13,4.070320740613004e-13,1.814966471384849e-12,4.087656862300504e-12,1.917593688005592e-12,6.122215229350733e-15,3.6086777554893146e-13,1.0,1.6945596130728963e-13,6.5952334466159475e-18,6.175442102129836e-13,3.042051745054397e-14,6.062526036743066e-10,1.6786807946304882e-13,1.7396365381214252e-12,1.6991184501047307e-11,9.101801343863736e-13,3.378827396789409e-16,1.8360892640274448e-14,2.27848924665871e-16
61,_A,1TIF,A,64,LYS,ALA,0.12736360728740692,0.23168838024139404,0.8632326126098633,0.23168838024139404,0.1069527342915535,0.01805087737739086,0.03177276998758316,0.002980379853397608,0.06701420247554779,0.08027929812669754,0.001040607108734548,0.013899068348109722,0.01850455440580845,0.11209532618522644,0.12736360728740692,0.022766543552279472,0.014322847127914429,0.008417999371886253,0.07158739119768143,0.030548274517059326,0.008586297743022442,0.011507861316204071,0.020620984956622124
62,_A,1TIF,A,65,PHE,TYR,0.1968568116426468,0.5453352928161621,1.4699968099594116,0.002348327776417136,0.0024575674906373024,0.01137737836688757,0.007078259717673063,0.0006924992776475847,0.004017168655991554,0.005928707309067249,7.215424830064876e-06,0.0869002491235733,0.00020431347365956753,0.0009168399847112596,0.0010009355610236526,0.001654301886446774,0.1968568116426468,4.0450500819133595e-05,0.005261608399450779,0.001859560259617865,0.12558917701244354,0.5453352928161621,0.00047337092109955847
63,_A,1TIF,A,66,ARG,MET,0.021392235532402992,0.39325666427612305,4.20031213760376,0.0014867372810840607,0.021392235532402992,0.010203965939581394,0.0026475638151168823,0.007693744730204344,0.05727227032184601,0.025499247014522552,2.0403673261171207e-05,0.0014649661025032401,0.22082678973674774,0.05339796096086502,0.013455476611852646,0.39325666427612305,0.0031334885861724615,0.00014799096970818937,0.010612624697387218,0.08650427311658859,0.002942235441878438,0.0024464756716042757,0.08559483289718628
64,_A,1TIF,A,67,PHE,TYR,0.18997958302497864,0.44057154655456543,1.2135318517684937,0.009235183708369732,0.030365874990820885,0.01147483941167593,0.011290766298770905,0.0004760432057082653,0.025886330753564835,0.06378109753131866,4.835294384974986e-05,0.0906331017613411,0.0006235280307009816,0.027069343253970146,0.03413376212120056,0.008552242070436478,0.18997958302497864,0.00023179242270998657,0.0052639394998550415,0.002559609478339553,0.047265566885471344,0.44057154655456543,0.0005574771203100681
65,_A,1TIF,A,68,GLU,LEU,0.06335543096065521,0.17908956110477448,1.499140977859497,0.011257454752922058,0.017388014122843742,0.11264623701572418,0.050031520426273346,0.007738823536783457,0.05239362642168999,0.06335543096065521,0.0006766968872398138,0.029041001573204994,0.15151618421077728,0.17908956110477448,0.018361851572990417,0.0612608902156353,0.03906194120645523,0.0018870275234803557,0.02744855359196663,0.07192367315292358,0.012933451682329178,0.027693631127476692,0.06429442018270493
66,_A,1TIF,A,69,GLN,LEU,0.13352949917316437,0.3598824441432953,1.4303672313690186,0.010604357346892357,0.020211173221468925,0.02437439374625683,0.018439313396811485,0.004219723865389824,0.13352949917316437,0.1715315580368042,7.76447996031493e-05,0.010010975413024426,0.08301543444395065,0.3598824441432953,0.0206034854054451,0.05991453677415848,0.006324324756860733,0.0009899009019136429,0.011969760060310364,0.01520116999745369,0.002665223553776741,0.005731871817260981,0.040703170001506805
67,_A,1TIF,A,70,GLN,GLU,0.06494301557540894,0.30583471059799194,2.2355058193206787,0.003159596584737301,0.008895359002053738,0.13440391421318054,0.18056005239486694,0.0022932987194508314,0.06494301557540894,0.30583471059799194,0.00010337051207898185,0.0029609953053295612,0.04596201330423355,0.13143178820610046,0.017426233738660812,0.014060404151678085,0.0008941660635173321,0.0011061878176406026,0.014349553734064102,0.04759129136800766,0.0004707998305093497,0.0008267982047982514,0.02272646874189377
68,_A,1TIF,A,71,LYS,LYS,0.6575687527656555,0.6575687527656555,0.0,0.016190210357308388,0.16834640502929688,0.008105051703751087,0.0019445889629423618,0.0001915303582791239,0.04531614109873772,0.015260634012520313,7.867754447943298e-07,0.022669628262519836,0.000108997272036504,0.04134153202176094,0.6575687527656555,0.004350446164608002,0.005317074246704578,0.00010956190089927986,0.004262307193130255,0.000455225701443851,0.0009943379554897547,0.007387773599475622,7.892020948929712e-05
69,_A,1TIF,A,72,LYS,LYS,0.32089442014694214,0.32089442014694214,0.0,0.050903335213661194,0.24871455132961273,0.03255600482225418,0.01976320892572403,0.001470536575652659,0.09828521311283112,0.09189751744270325,0.00018324849952477962,0.01663121208548546,0.0065914965234696865,0.03644284978508949,0.32089442014694214,0.014601115137338638,0.0046547213569283485,0.004633263684809208,0.024641631171107292,0.013093280605971813,0.0034082981292158365,0.0061116269789636135,0.00452242000028491
70,_A,1TIF,A,73,GLU,GLU,0.485889196395874,0.485889196395874,0.0,0.014262889511883259,0.014580092392861843,0.03373686596751213,0.20190812647342682,0.002408900298178196,0.08797828108072281,0.485889196395874,0.00012953398982062936,0.038486286997795105,0.004559563938528299,0.014137676917016506,0.0173066146671772,0.013054907321929932,0.007395163178443909,0.0008161418372765183,0.01851070672273636,0.014434474520385265,0.01262020505964756,0.01325790025293827,0.004526394419372082
71,_A,1TIF,A,74,LYS,THR,0.03522728756070137,0.16206008195877075,2.201763391494751,0.0672006756067276,0.024389151483774185,0.1110861673951149,0.09446465969085693,0.012317297048866749,0.050993360579013824,0.06252610683441162,0.0009132804116234183,0.014433206990361214,0.10233130306005478,0.07499223202466965,0.03522728756070137,0.01950969360768795,0.005847070831805468,0.005136852152645588,0.07047634571790695,0.16206008195877075,0.0018515748670324683,0.0035134381614625454,0.08073018491268158
72,_A,1TIF,A,75,GLU,GLU,0.37005969882011414,0.37005969882011414,0.0,0.002797446446493268,0.0071945227682590485,0.04531589150428772,0.055953122675418854,0.0046513876877725124,0.045076992362737656,0.37005969882011414,0.00011236206046305597,0.06408476829528809,0.08804337680339813,0.10207142680883408,0.018182551488280296,0.01693802885711193,0.03269624710083008,0.000493243511300534,0.006355092860758305,0.01743924990296364,0.00906085129827261,0.035390447825193405,0.07808322459459305
73,_A,1TIF,A,76,ALA,ALA,0.2987050712108612,0.2987050712108612,0.0,0.2987050712108612,0.02188168466091156,0.034569524228572845,0.0635140985250473,0.007863163948059082,0.05727190524339676,0.0820537805557251,0.0006076651043258607,0.009133763611316681,0.014323795214295387,0.06423911452293396,0.045705050230026245,0.014447445049881935,0.006851382087916136,0.0025383427273482084,0.20357277989387512,0.04575182497501373,0.0016251839697360992,0.0049830651842057705,0.020361339673399925
74,_A,1TIF,A,77,ARG,ARG,0.16137082874774933,0.16137082874774933,0.0,0.08037146180868149,0.16137082874774933,0.056205879896879196,0.03637335076928139,0.005333929322659969,0.11320893466472626,0.09473866969347,0.00038436875911429524,0.0171375572681427,0.017316045239567757,0.05095594376325607,0.11531316488981247,0.028980832546949387,0.005885882768779993,0.0011595243122428656,0.11214319616556168,0.07379657030105591,0.0028087168466299772,0.00757604232057929,0.01893911324441433
75,_A,1TIF,A,78,LYS,ARG,0.2811260223388672,0.3044648766517639,0.11505873501300812,0.01247658021748066,0.3044648766517639,0.03797135129570961,0.014664006419479847,0.002202908508479595,0.06728718429803848,0.04163007065653801,0.00013711335486732423,0.045699503272771835,0.0348864421248436,0.03995167091488838,0.2811260223388672,0.013856036588549614,0.010136323049664497,0.0011171858059242368,0.023681869730353355,0.03594411164522171,0.0033687513787299395,0.011214501224458218,0.018183482810854912
