Num,Res,VLXT,gene
1,Q,0.391305328,1atz
2,P,0.31444985,1atz
3,L,0.2833042162,1atz
4,D,0.2687073313,1atz
5,V,0.3229770469,1atz
6,I,0.2961637477,1atz
7,L,0.2842699654,1atz
8,L,0.2886517892,1atz
9,L,0.2984201479,1atz
10,D,0.2936184034,1atz
11,G,0.2638356011,1atz
12,S,0.2274614892,1atz
13,S,0.1960671103,1atz
14,S,0.1577816558,1atz
15,F,0.1421793901,1atz
16,P,0.1194083902,1atz
17,A,0.0835929076,1atz
18,S,0.0440227943,1atz
19,Y,0.0128325106,1atz
20,F,0.0051912451,1atz
21,D,0.003990792,1atz
22,E,0.0021383349,1atz
23,M,0.0014990708,1atz
24,K,0.0004589557,1atz
25,S,0.0002470003,1atz
26,F,0.0005581828,1atz
27,A,0.0036916972,1atz
28,K,0.0051838913,1atz
29,A,0.0061401853,1atz
30,F,0.0072819734,1atz
31,I,0.0075947375,1atz
32,S,0.0077942178,1atz
33,K,0.0112758792,1atz
34,A,0.0122838589,1atz
35,N,0.0136141675,1atz
36,I,0.013066123,1atz
37,G,0.0956010971,1atz
38,P,0.1904713962,1atz
39,R,0.2768776048,1atz
40,L,0.3589588734,1atz
41,T,0.4117425588,1atz
42,Q,0.4448827859,1atz
43,V,0.5369523444,1atz
44,S,0.5471117621,1atz
45,V,0.5484683143,1atz
46,L,0.4693456929,1atz
47,Q,0.3806456309,1atz
48,Y,0.3143368552,1atz
49,G,0.2387586074,1atz
50,S,0.1880432542,1atz
51,I,0.1527266101,1atz
52,T,0.0604668661,1atz
53,T,0.0495012988,1atz
54,I,0.0458517193,1atz
55,D,0.0442041522,1atz
56,V,0.0385616114,1atz
57,P,0.018010384,1atz
58,W,0.033148258,1atz
59,N,0.0441576552,1atz
60,V,0.0673707538,1atz
61,V,0.0899615401,1atz
62,P,0.1345689385,1atz
63,E,0.2020136577,1atz
64,K,0.2377592611,1atz
65,A,0.2653638882,1atz
66,H,0.2919804088,1atz
67,L,0.2950183786,1atz
68,L,0.3096275219,1atz
69,S,0.3144273444,1atz
70,L,0.3223680594,1atz
71,V,0.3044780957,1atz
72,D,0.2511015111,1atz
73,V,0.2640676974,1atz
74,M,0.2827028708,1atz
75,Q,0.2483762721,1atz
1,A,0.3088527365,1dmg
2,Q,0.2722294335,1dmg
3,V,0.1836905568,1dmg
4,D,0.2732424117,1dmg
5,L,0.3120546659,1dmg
6,L,0.3225532186,1dmg
7,N,0.332342522,1dmg
8,V,0.3598472326,1dmg
9,K,0.3596968906,1dmg
10,G,0.3655546232,1dmg
11,E,0.3279929372,1dmg
12,K,0.2940192202,1dmg
13,V,0.2873194674,1dmg
14,G,0.2715329845,1dmg
15,T,0.2297391755,1dmg
16,L,0.1976156485,1dmg
17,E,0.1547995566,1dmg
18,I,0.1263320904,1dmg
19,S,0.0875290496,1dmg
20,D,0.0876569552,1dmg
21,F,0.0759762766,1dmg
22,V,0.0483097201,1dmg
23,F,0.0206512504,1dmg
24,N,0.017726489,1dmg
25,I,0.0099745185,1dmg
26,D,0.0049488974,1dmg
27,P,0.0032960503,1dmg
28,N,0.0033082229,1dmg
29,Y,0.0010460209,1dmg
30,D,0.00109413,1dmg
31,V,0.0010650955,1dmg
32,M,0.0014221299,1dmg
33,W,0.0014055413,1dmg
34,R,0.0012869012,1dmg
35,Y,0.0022391666,1dmg
36,V,0.0114265785,1dmg
37,D,0.0304061203,1dmg
38,M,0.0654148107,1dmg
39,Q,0.1122825258,1dmg
40,L,0.1873130011,1dmg
41,S,0.2675966022,1dmg
42,D,0.3522387746,1dmg
43,W,0.4410609254,1dmg
44,S,0.5438669126,1dmg
45,K,0.6381844159,1dmg
46,K,0.7184040158,1dmg
47,L,0.7883850753,1dmg
48,N,0.8423657693,1dmg
49,K,0.8741030142,1dmg
50,K,0.8984157764,1dmg
51,M,0.9141642069,1dmg
52,K,0.9216513138,1dmg
53,K,0.9205651804,1dmg
54,L,0.9155596882,1dmg
55,A,0.9124192335,1dmg
56,L,0.9076516427,1dmg
57,R,0.898422769,1dmg
58,S,0.8765257289,1dmg
59,A,0.8198350358,1dmg
60,L,0.7615325942,1dmg
61,S,0.7073489819,1dmg
62,V,0.6933629733,1dmg
63,K,0.683533108,1dmg
64,Y,0.6022835252,1dmg
65,R,0.5901274836,1dmg
66,E,0.592876422,1dmg
67,N,0.6172688696,1dmg
68,K,0.6778160452,1dmg
69,L,0.7460967076,1dmg
70,L,0.8135357102,1dmg
71,V,0.8356932144,1dmg
72,L,0.848756495,1dmg
73,D,0.9354763903,1dmg
74,D,0.9452449802,1dmg
75,L,0.9203186488,1dmg
76,K,0.8931148145,1dmg
77,L,0.8740533566,1dmg
78,E,0.850575502,1dmg
79,R,0.835440987,1dmg
80,P,0.7634234448,1dmg
81,K,0.6793460316,1dmg
82,T,0.6341163427,1dmg
83,K,0.5928469907,1dmg
84,S,0.6158949509,1dmg
85,L,0.6362659537,1dmg
86,K,0.5583625361,1dmg
87,E,0.4788333021,1dmg
88,I,0.385298282,1dmg
89,L,0.3470724347,1dmg
90,Q,0.3305759794,1dmg
91,N,0.274278798,1dmg
92,L,0.220313602,1dmg
93,Q,0.1278588322,1dmg
94,L,0.025567177,1dmg
95,S,0.013936968,1dmg
96,D,0.006545359,1dmg
97,K,0.0056566749,1dmg
98,K,0.0050326995,1dmg
99,T,0.0038406028,1dmg
100,L,0.0037403214,1dmg
101,I,0.0013080548,1dmg
102,V,0.0013038252,1dmg
103,L,0.001283462,1dmg
104,P,0.001620818,1dmg
105,W,0.0027282653,1dmg
106,K,0.0033844833,1dmg
107,E,0.005552483,1dmg
108,E,0.0180804865,1dmg
109,G,0.0304696764,1dmg
110,Y,0.0370890496,1dmg
111,M,0.0397061828,1dmg
112,N,0.0653985069,1dmg
113,V,0.1173655246,1dmg
114,K,0.1316027871,1dmg
115,L,0.1376539006,1dmg
116,S,0.1408897254,1dmg
117,G,0.1484194749,1dmg
118,R,0.1545060848,1dmg
119,N,0.1663625115,1dmg
120,L,0.2011168085,1dmg
121,P,0.2128120484,1dmg
122,D,0.2180730654,1dmg
123,V,0.251660044,1dmg
124,K,0.3229830667,1dmg
125,V,0.3333247559,1dmg
126,I,0.3293603271,1dmg
127,I,0.3299491872,1dmg
128,A,0.3824032512,1dmg
129,D,0.3680373897,1dmg
130,N,0.3982257499,1dmg
131,P,0.4103529794,1dmg
132,N,0.4273464358,1dmg
133,N,0.423998585,1dmg
134,S,0.4857690908,1dmg
135,K,0.5158220967,1dmg
136,N,0.5427649532,1dmg
137,G,0.5191212062,1dmg
138,E,0.5215178334,1dmg
139,K,0.4757486624,1dmg
140,A,0.4089295745,1dmg
141,V,0.3485483308,1dmg
142,R,0.2742541615,1dmg
143,I,0.1969645136,1dmg
144,D,0.1509410311,1dmg
145,G,0.1047581348,1dmg
146,L,0.0573510011,1dmg
147,N,0.0326948043,1dmg
148,V,0.0115808395,1dmg
149,F,0.0084869645,1dmg
150,D,0.0030019894,1dmg
151,M,0.0027649198,1dmg
152,L,0.0025361073,1dmg
153,K,0.0024059076,1dmg
154,Y,0.0026164663,1dmg
155,D,0.0071023443,1dmg
156,Y,0.0182265104,1dmg
157,L,0.0301739713,1dmg
158,V,0.045632149,1dmg
159,L,0.0748458028,1dmg
160,T,0.1192583653,1dmg
161,R,0.153902744,1dmg
162,D,0.1963977859,1dmg
163,M,0.2383262567,1dmg
164,V,0.2691770736,1dmg
165,S,0.3021991244,1dmg
166,K,0.3472110141,1dmg
167,I,0.3767760276,1dmg
168,E,0.3854751053,1dmg
169,E,0.4057876356,1dmg
170,V,0.520481739,1dmg
171,L,0.4060408762,1dmg
172,G,0.3421993344,1dmg
1,D,0.3832886875,1dqg
2,A,0.1974243477,1dqg
3,R,0.047006685,1dqg
4,Q,0.0232834113,1dqg
5,F,0.1378880424,1dqg
6,L,0.1032077354,1dqg
7,I,0.090257911,1dqg
8,Y,0.0961846079,1dqg
9,N,0.1148644718,1dqg
10,E,0.1359599022,1dqg
11,D,0.1251585504,1dqg
12,H,0.1260718267,1dqg
13,K,0.1269615103,1dqg
14,R,0.1362765024,1dqg
15,C,0.1417665409,1dqg
16,V,0.14617769,1dqg
17,D,0.1364637067,1dqg
18,A,0.1233525901,1dqg
19,L,0.110816077,1dqg
20,S,0.1772945412,1dqg
21,A,0.2352468421,1dqg
22,I,0.3056706561,1dqg
23,S,0.3593146918,1dqg
24,V,0.3728807663,1dqg
25,Q,0.4125086339,1dqg
26,T,0.4153015786,1dqg
27,A,0.409563082,1dqg
28,T,0.3979327123,1dqg
29,C,0.3498093169,1dqg
30,N,0.3013280574,1dqg
31,P,0.2392146381,1dqg
32,E,0.1771295962,1dqg
33,A,0.1695357529,1dqg
34,E,0.1407775579,1dqg
35,S,0.1563370425,1dqg
36,Q,0.1952736304,1dqg
37,K,0.2060916673,1dqg
38,F,0.1887424313,1dqg
39,R,0.1680483365,1dqg
40,W,0.1411796338,1dqg
41,V,0.1226342329,1dqg
42,S,0.1033300047,1dqg
43,D,0.079117939,1dqg
44,S,0.0593824691,1dqg
45,Q,0.0181934094,1dqg
46,I,0.0042937516,1dqg
47,M,0.0020018777,1dqg
48,S,0.0029234075,1dqg
49,V,0.0028980514,1dqg
50,A,0.0029595017,1dqg
51,F,0.0030269114,1dqg
52,K,0.0030595684,1dqg
53,L,0.0031501712,1dqg
54,C,0.0030646632,1dqg
55,L,0.0029298475,1dqg
56,G,0.0017158459,1dqg
57,V,0.000630994,1dqg
58,P,0.0005868136,1dqg
59,S,0.0004707776,1dqg
60,K,0.0003543243,1dqg
61,T,0.0004969832,1dqg
62,D,0.0007562319,1dqg
63,W,0.0007415468,1dqg
64,A,0.0008465201,1dqg
65,S,0.0008974032,1dqg
66,V,0.0009351169,1dqg
67,T,0.0009454443,1dqg
68,L,0.0009318567,1dqg
69,Y,0.0009301452,1dqg
70,A,0.0007192309,1dqg
71,C,0.0004011263,1dqg
72,D,0.0003953981,1dqg
73,S,0.0003356616,1dqg
74,K,0.0003059055,1dqg
75,S,0.0003176808,1dqg
76,E,0.0003339758,1dqg
77,Y,0.0004379138,1dqg
78,Q,0.0006909694,1dqg
79,K,0.000765358,1dqg
80,W,0.000838507,1dqg
81,E,0.0009149386,1dqg
82,C,0.0009914745,1dqg
83,K,0.0009705761,1dqg
84,N,0.0009245696,1dqg
85,D,0.0008965311,1dqg
86,T,0.0007925173,1dqg
87,L,0.0007123529,1dqg
88,F,0.0006337718,1dqg
89,G,0.0005397187,1dqg
90,I,0.0018201915,1dqg
91,K,0.0024628775,1dqg
92,G,0.002862623,1dqg
93,T,0.0031237158,1dqg
94,E,0.0032839773,1dqg
95,L,0.0035274558,1dqg
96,Y,0.0035832168,1dqg
97,F,0.0039942568,1dqg
98,N,0.0043005002,1dqg
99,Y,0.0033075759,1dqg
100,G,0.0030031322,1dqg
101,N,0.002629103,1dqg
102,R,0.0023813358,1dqg
103,Q,0.0022580447,1dqg
104,E,0.0161285068,1dqg
105,K,0.028524871,1dqg
106,N,0.0955711668,1dqg
107,I,0.1517768198,1dqg
108,K,0.1776435399,1dqg
109,L,0.2130275902,1dqg
110,Y,0.2469897018,1dqg
111,K,0.3355868737,1dqg
112,G,0.3429546012,1dqg
113,S,0.3306921009,1dqg
114,G,0.3198474905,1dqg
115,L,0.2523951373,1dqg
116,W,0.1958639191,1dqg
117,S,0.1902024788,1dqg
118,R,0.1758719637,1dqg
119,W,0.1520285552,1dqg
120,K,0.0708451572,1dqg
121,V,0.090009149,1dqg
122,Y,0.1190490595,1dqg
123,G,0.1910783657,1dqg
124,T,0.2648825269,1dqg
125,T,0.3552004262,1dqg
126,D,0.4329848039,1dqg
127,D,0.5160735161,1dqg
128,L,0.5991399707,1dqg
129,C,0.6611088799,1dqg
130,S,0.7357305146,1dqg
131,R,0.9414414304,1dqg
132,G,0.8389289986,1dqg
133,Y,0.6246037465,1dqg
134,E,0.9107413952,1dqg
1,S,0.1534830696,1ej8
2,S,0.1608233587,1ej8
3,A,0.2785334312,1ej8
4,V,0.3147707699,1ej8
5,A,0.2056427748,1ej8
6,I,0.19711586,1ej8
7,L,0.1848714388,1ej8
8,E,0.1714077058,1ej8
9,T,0.1597150071,1ej8
10,F,0.1691057087,1ej8
11,Q,0.1437574379,1ej8
12,K,0.1108524173,1ej8
13,Y,0.1005215722,1ej8
14,T,0.1593455465,1ej8
15,I,0.1764982697,1ej8
16,D,0.1911795908,1ej8
17,Q,0.2620195971,1ej8
18,K,0.3176818135,1ej8
19,K,0.3183223468,1ej8
20,D,0.390792241,1ej8
21,T,0.4645352478,1ej8
22,A,0.5693142291,1ej8
23,V,0.5905367535,1ej8
24,R,0.6504283499,1ej8
25,G,0.6405109441,1ej8
26,L,0.5699868045,1ej8
27,A,0.4980905798,1ej8
28,R,0.4803917165,1ej8
29,I,0.4102776812,1ej8
30,V,0.3416549086,1ej8
31,Q,0.2383776088,1ej8
32,V,0.1479214379,1ej8
33,G,0.0713777487,1ej8
34,E,0.1235621442,1ej8
35,N,0.1551664346,1ej8
36,K,0.2081586128,1ej8
37,T,0.2657895219,1ej8
38,L,0.2946770518,1ej8
39,F,0.3177841645,1ej8
40,D,0.3410922822,1ej8
41,I,0.3438218643,1ej8
42,T,0.3381258198,1ej8
43,V,0.2831601576,1ej8
44,N,0.2769964833,1ej8
45,G,0.2422310581,1ej8
46,V,0.2323655416,1ej8
47,P,0.2526958969,1ej8
48,E,0.2809221314,1ej8
49,A,0.3183972504,1ej8
50,G,0.3382671182,1ej8
51,N,0.3633357942,1ej8
52,Y,0.3762718506,1ej8
53,H,0.3692626368,1ej8
54,A,0.3759475311,1ej8
55,S,0.3416778615,1ej8
56,I,0.30947959,1ej8
57,H,0.2530212917,1ej8
58,E,0.1889822743,1ej8
59,K,0.1640788549,1ej8
60,G,0.1363217051,1ej8
61,D,0.1166147207,1ej8
62,V,0.0805678901,1ej8
63,S,0.0490797108,1ej8
64,K,0.0315381959,1ej8
65,G,0.0099243678,1ej8
66,V,0.0090605783,1ej8
67,E,0.0138683484,1ej8
68,S,0.0136256914,1ej8
69,T,0.0131810757,1ej8
70,G,0.0124892802,1ej8
71,K,0.0181683368,1ej8
72,V,0.0243829516,1ej8
73,W,0.030432477,1ej8
74,H,0.0321503079,1ej8
75,K,0.0334471843,1ej8
76,F,0.0280125337,1ej8
77,D,0.0282418155,1ej8
78,E,0.0291880819,1ej8
79,P,0.0293998891,1ej8
80,I,0.0264877123,1ej8
81,E,0.0241132871,1ej8
82,C,0.019373211,1ej8
83,F,0.0265618558,1ej8
84,N,0.0285523537,1ej8
85,E,0.0285966481,1ej8
86,S,0.0285345939,1ej8
87,D,0.0282917223,1ej8
88,L,0.0280188735,1ej8
89,G,0.0252605163,1ej8
90,K,0.0236181903,1ej8
91,N,0.0220061049,1ej8
92,L,0.0121583802,1ej8
93,Y,0.0079794495,1ej8
94,S,0.0074011497,1ej8
95,G,0.0070310453,1ej8
96,K,0.0063267324,1ej8
97,T,0.0068899439,1ej8
98,F,0.0077271563,1ej8
99,L,0.0051125738,1ej8
100,S,0.0025620739,1ej8
101,A,0.0026069845,1ej8
102,P,0.0026788995,1ej8
103,L,0.002608363,1ej8
104,P,0.0025433326,1ej8
105,T,0.0038471827,1ej8
106,W,0.0059084822,1ej8
107,Q,0.0058234826,1ej8
108,L,0.0077163614,1ej8
109,I,0.0079275815,1ej8
110,G,0.0083446817,1ej8
111,R,0.0103901776,1ej8
112,S,0.0140548544,1ej8
113,F,0.0784764867,1ej8
114,V,0.1452555394,1ej8
115,I,0.2135948357,1ej8
116,S,0.2668905106,1ej8
117,K,0.3472114982,1ej8
118,S,0.3660185298,1ej8
119,L,0.3846637988,1ej8
120,N,0.401671496,1ej8
121,H,0.414767976,1ej8
122,P,0.3745398249,1ej8
123,E,0.3686853025,1ej8
124,N,0.3780318879,1ej8
125,E,0.3884619376,1ej8
126,P,0.3746857774,1ej8
127,S,0.4094837717,1ej8
128,S,0.4215356145,1ej8
129,V,0.4204351578,1ej8
130,K,0.4223590548,1ej8
131,D,0.4245743882,1ej8
132,Y,0.3810536994,1ej8
133,S,0.31302697,1ej8
134,F,0.2776599424,1ej8
135,L,0.230968251,1ej8
136,G,0.2216862992,1ej8
137,V,0.1113064908,1ej8
138,I,0.2637386732,1ej8
139,A,0.1962052817,1ej8
140,R,0.4021487032,1ej8
1,N,0.8453080643,1fx2
2,N,0.9358027976,1fx2
3,N,0.9622795819,1fx2
4,R,0.9827260651,1fx2
5,A,0.9442762241,1fx2
6,P,0.94493433,1fx2
7,K,0.9243589272,1fx2
8,E,0.8875120271,1fx2
9,P,0.8446504614,1fx2
10,T,0.8023195849,1fx2
11,D,0.7891762644,1fx2
12,P,0.7697715673,1fx2
13,V,0.6958012143,1fx2
14,T,0.6344333607,1fx2
15,L,0.5437235545,1fx2
16,I,0.461281436,1fx2
17,F,0.393261344,1fx2
18,T,0.328984086,1fx2
19,D,0.2636877245,1fx2
20,I,0.1715224925,1fx2
21,E,0.083725838,1fx2
22,S,0.0635376269,1fx2
23,S,0.0361897796,1fx2
24,T,0.0705438212,1fx2
25,A,0.1082639585,1fx2
26,L,0.1344475633,1fx2
27,W,0.1575381709,1fx2
28,A,0.1620794311,1fx2
29,A,0.1631710073,1fx2
30,H,0.16264364,1fx2
31,P,0.1537362771,1fx2
32,D,0.1411260769,1fx2
33,L,0.1084980911,1fx2
34,M,0.0958318777,1fx2
35,P,0.084655906,1fx2
36,D,0.0786233206,1fx2
37,A,0.1044877426,1fx2
38,V,0.1219469592,1fx2
39,A,0.1453434492,1fx2
40,A,0.1569615922,1fx2
41,H,0.1671322446,1fx2
42,H,0.1764974995,1fx2
43,R,0.1572902972,1fx2
44,M,0.1531218462,1fx2
45,V,0.1512138384,1fx2
46,R,0.1329849924,1fx2
47,S,0.1279811988,1fx2
48,L,0.1567124635,1fx2
49,I,0.2164892737,1fx2
50,G,0.2056092062,1fx2
51,R,0.1918365603,1fx2
52,Y,0.1860255612,1fx2
53,K,0.1732326454,1fx2
54,C,0.1561288974,1fx2
55,Y,0.1435139878,1fx2
56,E,0.1293462416,1fx2
57,V,0.0763089729,1fx2
58,K,0.0041675673,1fx2
59,T,0.0030074701,1fx2
60,V,0.0019493489,1fx2
61,G,0.0013344702,1fx2
62,D,0.0044181155,1fx2
63,S,0.0046493765,1fx2
64,F,0.0049805868,1fx2
65,M,0.0053932799,1fx2
66,I,0.0157044493,1fx2
67,A,0.0245790066,1fx2
68,S,0.0330549137,1fx2
69,K,0.0344340326,1fx2
70,S,0.0345425537,1fx2
71,P,0.031849613,1fx2
72,F,0.0318467763,1fx2
73,A,0.0317331564,1fx2
74,A,0.0313328648,1fx2
75,V,0.0209307397,1fx2
76,Q,0.0120553849,1fx2
77,L,0.0035663388,1fx2
78,A,0.0020649487,1fx2
79,Q,0.0015942437,1fx2
80,E,0.0011235388,1fx2
81,L,0.0008076564,1fx2
82,Q,0.000525331,1fx2
83,L,0.0004128609,1fx2
84,C,0.0004673297,1fx2
85,F,0.0004857491,1fx2
86,L,0.0008213454,1fx2
87,H,0.0011640977,1fx2
88,H,0.001423488,1fx2
89,D,0.0017473727,1fx2
90,W,0.0023522953,1fx2
91,G,0.0045411453,1fx2
92,T,0.0146274556,1fx2
93,N,0.0277215582,1fx2
94,A,0.0667915269,1fx2
95,L,0.1477901388,1fx2
96,D,0.2432952434,1fx2
97,D,0.3434265641,1fx2
98,S,0.4456732497,1fx2
99,Y,0.5558790217,1fx2
100,R,0.6643707511,1fx2
101,E,0.765282993,1fx2
102,F,0.8606137405,1fx2
103,E,0.9301908869,1fx2
104,E,0.9594772891,1fx2
105,Q,0.9730977378,1fx2
106,R,0.9778248683,1fx2
107,A,0.9851141898,1fx2
108,E,0.9792764745,1fx2
109,G,0.9853019638,1fx2
110,E,0.9462336195,1fx2
111,C,0.9889120716,1fx2
112,E,0.94486274,1fx2
1,A,0.5103281755,1h4x
2,F,0.3932279255,1h4x
3,Q,0.3854192394,1h4x
4,L,0.4059514682,1h4x
5,E,0.4278558622,1h4x
6,M,0.4084534181,1h4x
7,V,0.3885834728,1h4x
8,T,0.3583823534,1h4x
9,R,0.337630392,1h4x
10,E,0.3073768716,1h4x
11,T,0.2966476972,1h4x
12,V,0.2938579332,1h4x
13,V,0.2789348572,1h4x
14,I,0.2957438849,1h4x
15,R,0.2819582157,1h4x
16,L,0.3000923478,1h4x
17,F,0.3119112876,1h4x
18,G,0.3067072726,1h4x
19,E,0.3086017228,1h4x
20,L,0.2956730295,1h4x
21,D,0.2891299069,1h4x
22,H,0.2815940428,1h4x
23,H,0.2589296466,1h4x
24,A,0.2826543983,1h4x
25,V,0.2879379887,1h4x
26,E,0.2670749535,1h4x
27,Q,0.2523028887,1h4x
28,I,0.2268354673,1h4x
29,R,0.198264989,1h4x
30,A,0.1634823329,1h4x
31,K,0.1284613388,1h4x
32,I,0.1095501666,1h4x
33,S,0.062606775,1h4x
34,T,0.0154242979,1h4x
35,A,0.0119125998,1h4x
36,I,0.0076023693,1h4x
37,F,0.0063944692,1h4x
38,Q,0.004453322,1h4x
39,G,0.002332099,1h4x
40,A,0.0009367939,1h4x
41,V,0.0009961604,1h4x
42,T,0.0009855015,1h4x
43,T,0.0013633093,1h4x
44,I,0.0017401355,1h4x
45,I,0.0021333922,1h4x
46,W,0.0023673779,1h4x
47,N,0.0025138973,1h4x
48,F,0.0026356563,1h4x
49,E,0.0027871367,1h4x
50,R,0.0035818466,1h4x
51,L,0.0047301699,1h4x
52,S,0.0114934876,1h4x
53,F,0.0281364198,1h4x
54,M,0.0437796187,1h4x
55,D,0.0874324246,1h4x
56,S,0.1106748398,1h4x
57,G,0.1465739678,1h4x
58,V,0.1882499069,1h4x
59,G,0.2267918842,1h4x
60,L,0.2745481246,1h4x
61,V,0.3158853537,1h4x
62,L,0.3518379546,1h4x
63,G,0.3766723431,1h4x
64,R,0.3651486737,1h4x
65,M,0.3778628446,1h4x
66,R,0.3848687952,1h4x
67,E,0.3982836785,1h4x
68,L,0.4277519367,1h4x
69,E,0.454517449,1h4x
70,A,0.4807863264,1h4x
71,V,0.5025510439,1h4x
72,A,0.5483555315,1h4x
73,G,0.6008065755,1h4x
74,R,0.5712286074,1h4x
75,T,0.5395413631,1h4x
76,I,0.4845163907,1h4x
77,L,0.4158243352,1h4x
78,L,0.3403054224,1h4x
79,N,0.2658262134,1h4x
80,P,0.1913470044,1h4x
81,S,0.1050681107,1h4x
82,P,0.0203744985,1h4x
83,T,0.0140006562,1h4x
84,M,0.0029210177,1h4x
85,R,0.0029097606,1h4x
86,K,0.0028491232,1h4x
87,V,0.0026076407,1h4x
88,F,0.0030523526,1h4x
89,Q,0.012827539,1h4x
90,F,0.0612488916,1h4x
91,S,0.1093473344,1h4x
92,G,0.1433064816,1h4x
93,L,0.1949138528,1h4x
94,G,0.2417439905,1h4x
95,P,0.3215903054,1h4x
96,W,0.3847897201,1h4x
97,M,0.4372786713,1h4x
98,M,0.5203868688,1h4x
99,D,0.5790335167,1h4x
100,A,0.6364583858,1h4x
101,T,0.7059747708,1h4x
102,E,0.7599389591,1h4x
103,E,0.8230772037,1h4x
104,E,0.8513795319,1h4x
105,A,0.8921147277,1h4x
106,I,0.9374057977,1h4x
107,D,0.9921813116,1h4x
108,R,0.9758406129,1h4x
109,V,0.9371700851,1h4x
110,R,0.8869504325,1h4x
1,E,0.7358978651,1hxn
2,S,0.8014489645,1hxn
3,T,0.8870811049,1hxn
4,R,0.8038250234,1hxn
5,C,0.6177749361,1hxn
6,D,0.5833818789,1hxn
7,P,0.5516911676,1hxn
8,D,0.49914061,1hxn
9,L,0.436008197,1hxn
10,V,0.3999899494,1hxn
11,L,0.3509986136,1hxn
12,S,0.3113499932,1hxn
13,A,0.2721587937,1hxn
14,M,0.2200436359,1hxn
15,V,0.1738072996,1hxn
16,S,0.1170153442,1hxn
17,D,0.0710117289,1hxn
18,N,0.0449526204,1hxn
19,H,0.0252513963,1hxn
20,G,0.023610453,1hxn
21,A,0.0141671452,1hxn
22,T,0.0070241694,1hxn
23,Y,0.0033460347,1hxn
24,V,0.0033874684,1hxn
25,F,0.0041777088,1hxn
26,S,0.0042610822,1hxn
27,G,0.0041800453,1hxn
28,S,0.0042027291,1hxn
29,H,0.0041250799,1hxn
30,Y,0.0043681124,1hxn
31,W,0.0045379989,1hxn
32,R,0.007033128,1hxn
33,L,0.0071792727,1hxn
34,D,0.0070759924,1hxn
35,T,0.0112962004,1hxn
36,N,0.0286886447,1hxn
37,R,0.0914903301,1hxn
38,D,0.102381981,1hxn
39,G,0.1080492104,1hxn
40,W,0.1255179881,1hxn
41,H,0.1897575379,1hxn
42,S,0.2480612446,1hxn
43,W,0.2592673914,1hxn
44,P,0.2661543236,1hxn
45,I,0.3010645216,1hxn
46,A,0.2390877725,1hxn
47,H,0.2308604308,1hxn
48,Q,0.2281219275,1hxn
49,W,0.2104621274,1hxn
50,P,0.1431664528,1hxn
51,Q,0.0836382033,1hxn
52,G,0.0712741602,1hxn
53,P,0.0600799494,1hxn
54,S,0.0077430923,1hxn
55,T,0.0068610232,1hxn
56,V,0.0048851001,1hxn
57,D,0.0024736805,1hxn
58,A,0.0031216306,1hxn
59,A,0.0026367457,1hxn
60,F,0.0025733217,1hxn
61,S,0.0024887572,1hxn
62,W,0.0024899926,1hxn
63,E,0.0024880312,1hxn
64,D,0.0024847063,1hxn
65,K,0.0017861373,1hxn
66,L,0.0009447324,1hxn
67,Y,0.0002001076,1hxn
68,L,7.07677E-05,1hxn
69,I,8.94446E-05,1hxn
70,Q,8.05994E-05,1hxn
71,D,7.4636E-05,1hxn
72,T,7.00554E-05,1hxn
73,K,7.04259E-05,1hxn
74,V,7.25823E-05,1hxn
75,Y,7.35629E-05,1hxn
76,V,7.61068E-05,1hxn
77,F,8.16305E-05,1hxn
78,L,4.78073E-05,1hxn
79,T,5.92253E-05,1hxn
80,K,8.22351E-05,1hxn
81,G,0.0001127146,1hxn
82,G,0.0004446727,1hxn
83,Y,0.0007280727,1hxn
84,T,0.0015384808,1hxn
85,L,0.0032827868,1hxn
86,V,0.00646031,1hxn
87,N,0.0441299157,1hxn
88,G,0.0715764059,1hxn
89,Y,0.0884987729,1hxn
90,P,0.1551141478,1hxn
91,K,0.2090967083,1hxn
92,R,0.2882070881,1hxn
93,L,0.3693165404,1hxn
94,E,0.4471700328,1hxn
95,K,0.5228263866,1hxn
96,E,0.5781866058,1hxn
97,L,0.6418878188,1hxn
98,G,0.714288787,1hxn
99,S,0.733388959,1hxn
100,P,0.7593028676,1hxn
101,P,0.7434200235,1hxn
102,V,0.7393971897,1hxn
103,I,0.696723155,1hxn
104,S,0.6788763043,1hxn
105,L,0.6347340588,1hxn
106,E,0.5748214173,1hxn
107,A,0.4989788873,1hxn
108,V,0.4183931579,1hxn
109,D,0.34532199,1hxn
110,A,0.2926086977,1hxn
111,A,0.2237880935,1hxn
112,F,0.2001075177,1hxn
113,V,0.1455155039,1hxn
114,C,0.1012902383,1hxn
115,P,0.0708785339,1hxn
116,G,0.0586738073,1hxn
117,S,0.0545460757,1hxn
118,S,0.0482784272,1hxn
119,R,0.0407533296,1hxn
120,L,0.09488602,1hxn
121,H,0.1720328299,1hxn
122,I,0.2479350823,1hxn
123,M,0.3234201225,1hxn
124,A,0.3982929557,1hxn
125,G,0.4668375939,1hxn
126,R,0.476146488,1hxn
127,R,0.5546219808,1hxn
128,L,0.6428661196,1hxn
129,W,0.594982387,1hxn
130,W,0.5162894217,1hxn
131,L,0.4498897825,1hxn
132,D,0.4313518909,1hxn
133,L,0.3619131056,1hxn
134,K,0.2921271067,1hxn
135,S,0.2817924398,1hxn
136,G,0.2024864223,1hxn
137,A,0.1112986059,1hxn
138,Q,0.0966749786,1hxn
139,A,0.0855675721,1hxn
140,T,0.0706253269,1hxn
141,W,0.0106369876,1hxn
142,T,0.0046660107,1hxn
143,E,0.0048807142,1hxn
144,L,0.0070386874,1hxn
145,P,0.0072196389,1hxn
146,W,0.0073449712,1hxn
147,P,0.0069164187,1hxn
148,H,0.0223510743,1hxn
149,E,0.047081267,1hxn
150,K,0.0490058347,1hxn
151,V,0.0563166668,1hxn
152,D,0.0574598395,1hxn
153,G,0.0897459891,1hxn
154,A,0.1123131167,1hxn
155,L,0.1515399647,1hxn
156,C,0.1644788377,1hxn
157,M,0.2136892077,1hxn
158,E,0.2646655196,1hxn
159,K,0.3330215347,1hxn
160,P,0.3757761419,1hxn
161,L,0.4032770199,1hxn
162,G,0.3991640096,1hxn
163,P,0.4368791621,1hxn
164,N,0.46171183,1hxn
165,S,0.5556469761,1hxn
166,C,0.5991985283,1hxn
167,S,0.6255990485,1hxn
168,T,0.654133531,1hxn
169,S,0.6553815858,1hxn
170,G,0.627345917,1hxn
171,P,0.5985058778,1hxn
172,N,0.5381522794,1hxn
173,L,0.475307795,1hxn
174,Y,0.3684483888,1hxn
175,L,0.2596809505,1hxn
176,I,0.1566147183,1hxn
177,H,0.0561607916,1hxn
178,G,0.0045478377,1hxn
179,P,0.0036663681,1hxn
180,N,0.0021698985,1hxn
181,L,0.0020173157,1hxn
182,Y,0.0003624431,1hxn
183,C,0.0001725945,1hxn
184,Y,0.0004494232,1hxn
185,R,0.0011955479,1hxn
186,H,0.001468398,1hxn
187,V,0.003944978,1hxn
188,D,0.0072974707,1hxn
189,K,0.023754501,1hxn
190,L,0.1260577211,1hxn
191,N,0.2215580714,1hxn
192,A,0.2510451586,1hxn
193,A,0.3286438745,1hxn
194,K,0.3909291522,1hxn
195,N,0.475944084,1hxn
196,L,0.5352670282,1hxn
197,P,0.6383189428,1hxn
198,Q,0.7301902154,1hxn
199,P,0.719503783,1hxn
200,Q,0.6952707512,1hxn
201,R,0.6911294666,1hxn
202,V,0.636364587,1hxn
203,S,0.5938272767,1hxn
204,R,0.5318400884,1hxn
205,L,0.4881875684,1hxn
206,L,0.3983275178,1hxn
207,G,0.1844913437,1hxn
208,C,0.2097392077,1hxn
209,T,0.163334368,1hxn
210,H,0.148911025,1hxn
1,G,0.0670100174,1kq6
2,D,0.1674975339,1kq6
3,T,0.0261749674,1kq6
4,F,0.0553216006,1kq6
5,I,0.0711243237,1kq6
6,R,0.0804707237,1kq6
7,H,0.0820792844,1kq6
8,I,0.089280801,1kq6
9,A,0.0867453489,1kq6
10,L,0.0948607202,1kq6
11,L,0.0832214367,1kq6
12,G,0.0717449302,1kq6
13,F,0.070250146,1kq6
14,E,0.0685261793,1kq6
15,K,0.0517428694,1kq6
16,R,0.0315253562,1kq6
17,F,0.0214160039,1kq6
18,V,0.0178052042,1kq6
19,P,0.0006733475,1kq6
20,S,0.0004332404,1kq6
21,Q,2.98608E-05,1kq6
22,H,2.77783E-05,1kq6
23,Y,2.11426E-05,1kq6
24,V,1.48275E-05,1kq6
25,Y,1.52753E-05,1kq6
26,M,1.56029E-05,1kq6
27,F,1.62156E-05,1kq6
28,L,2.94342E-05,1kq6
29,V,4.00863E-05,1kq6
30,K,5.50954E-05,1kq6
31,W,0.000166332,1kq6
32,Q,0.0006892801,1kq6
33,D,0.000769342,1kq6
34,L,0.0017624617,1kq6
35,S,0.0020275676,1kq6
36,E,0.0022599533,1kq6
37,K,0.0024790439,1kq6
38,V,0.0042468479,1kq6
39,V,0.0054431805,1kq6
40,Y,0.0071920866,1kq6
41,R,0.0100096057,1kq6
42,R,0.0130475502,1kq6
43,F,0.0125495936,1kq6
44,T,0.0127822877,1kq6
45,E,0.0130057034,1kq6
46,I,0.0141946119,1kq6
47,Y,0.0263805705,1kq6
48,E,0.031198182,1kq6
49,F,0.0323016819,1kq6
50,H,0.033238553,1kq6
51,K,0.034379695,1kq6
52,T,0.0367481722,1kq6
53,L,0.0427056711,1kq6
54,K,0.0934544545,1kq6
55,E,0.1600077712,1kq6
56,M,0.2212863101,1kq6
57,F,0.2912915666,1kq6
58,P,0.3760127901,1kq6
59,I,0.457136067,1kq6
60,E,0.5382759877,1kq6
61,A,0.6247095512,1kq6
62,G,0.6918168491,1kq6
63,A,0.7210255591,1kq6
64,I,0.7480082011,1kq6
65,N,0.691769861,1kq6
66,P,0.6218063108,1kq6
67,E,0.5352518584,1kq6
68,N,0.4511250428,1kq6
69,R,0.3669403438,1kq6
70,I,0.2809606219,1kq6
71,I,0.2121388915,1kq6
72,P,0.1365565664,1kq6
73,H,0.0670526034,1kq6
74,L,0.0510053521,1kq6
75,P,0.0683346021,1kq6
76,A,0.0703859451,1kq6
77,P,0.0741109439,1kq6
78,K,0.0799903115,1kq6
79,W,0.0796624136,1kq6
80,F,0.0794523389,1kq6
81,D,0.1126890072,1kq6
82,G,0.109925513,1kq6
83,Q,0.1193312378,1kq6
84,R,0.1063982083,1kq6
85,A,0.1147322176,1kq6
86,A,0.1411125553,1kq6
87,E,0.1997040063,1kq6
88,N,0.2771874111,1kq6
89,R,0.3441805844,1kq6
90,Q,0.3854836163,1kq6
91,G,0.4486605167,1kq6
92,T,0.5054452779,1kq6
93,L,0.5541821553,1kq6
94,T,0.5765482679,1kq6
95,E,0.585262645,1kq6
96,Y,0.5272230897,1kq6
97,C,0.4620478301,1kq6
98,S,0.3969391479,1kq6
99,T,0.3210095112,1kq6
100,L,0.2385838481,1kq6
101,M,0.1772941584,1kq6
102,S,0.118175596,1kq6
103,L,0.0843590674,1kq6
104,P,0.044387053,1kq6
105,T,0.0368282612,1kq6
106,K,0.0218992157,1kq6
107,I,0.0160712699,1kq6
108,S,0.0158713518,1kq6
109,R,0.0276414527,1kq6
110,C,0.0349941383,1kq6
111,P,0.0789758122,1kq6
112,H,0.112976049,1kq6
113,L,0.1247949662,1kq6
114,L,0.1396458468,1kq6
115,D,0.1654392939,1kq6
116,F,0.1688567928,1kq6
117,F,0.1751384514,1kq6
118,K,0.1663952987,1kq6
119,V,0.1628603622,1kq6
120,R,0.1666415711,1kq6
121,P,0.2125435115,1kq6
122,D,0.2731922284,1kq6
123,D,0.3470045821,1kq6
124,L,0.3962705387,1kq6
125,K,0.448684568,1kq6
126,L,0.5201193136,1kq6
127,P,0.6058635992,1kq6
128,T,0.6942542257,1kq6
129,D,0.7070490635,1kq6
130,N,0.6758388296,1kq6
131,Q,0.624771962,1kq6
132,T,0.5589249855,1kq6
133,K,0.5083177882,1kq6
134,K,0.4763303346,1kq6
135,P,0.4198289037,1kq6
136,E,0.3510710402,1kq6
137,T,0.2234090035,1kq6
138,Y,0.2198900981,1kq6
139,L,0.2201156417,1kq6
140,M,0.211100479,1kq6
1,M,0.544016602,1ne2
2,G,0.4319104141,1ne2
3,I,0.5605287522,1ne2
4,K,0.280564407,1ne2
5,N,0.4032607242,1ne2
6,D,0.3904621568,1ne2
7,L,0.3785242218,1ne2
8,E,0.3636161275,1ne2
9,I,0.3830110868,1ne2
10,R,0.3967827047,1ne2
11,L,0.4338851444,1ne2
12,Q,0.4699402942,1ne2
13,K,0.5022227798,1ne2
14,L,0.5179947247,1ne2
15,Q,0.4713345245,1ne2
16,Q,0.4362101231,1ne2
17,Q,0.3889400365,1ne2
18,G,0.3402004102,1ne2
19,Y,0.2894168996,1ne2
20,P,0.2176090874,1ne2
21,T,0.1457238266,1ne2
22,D,0.0720557291,1ne2
23,A,0.0073849904,1ne2
24,S,0.0069276202,1ne2
25,T,0.0062877039,1ne2
26,A,0.0117758934,1ne2
27,A,0.0131094959,1ne2
28,Y,0.0185052274,1ne2
29,F,0.0293494942,1ne2
30,L,0.0371607663,1ne2
31,I,0.040767264,1ne2
32,E,0.0434706561,1ne2
33,I,0.0462294916,1ne2
34,Y,0.0496143565,1ne2
35,N,0.0572963107,1ne2
36,D,0.0979664375,1ne2
37,G,0.146997114,1ne2
38,N,0.204710547,1ne2
39,I,0.242312609,1ne2
40,G,0.2827206751,1ne2
41,G,0.3316340576,1ne2
42,R,0.3393084154,1ne2
43,S,0.3522150173,1ne2
44,V,0.3621123098,1ne2
45,I,0.338088769,1ne2
46,D,0.3012258207,1ne2
47,A,0.2378849425,1ne2
48,G,0.197295158,1ne2
49,T,0.1631103527,1ne2
50,G,0.1232289917,1ne2
51,N,0.1403407169,1ne2
52,G,0.1573210266,1ne2
53,I,0.1658522189,1ne2
54,L,0.1777442943,1ne2
55,A,0.160809334,1ne2
56,C,0.1599067016,1ne2
57,G,0.1563590769,1ne2
58,S,0.1508954711,1ne2
59,Y,0.1471892639,1ne2
60,L,0.1302607687,1ne2
61,L,0.1144418886,1ne2
62,G,0.0943187229,1ne2
63,A,0.1244331408,1ne2
64,E,0.1813184781,1ne2
65,S,0.2267050887,1ne2
66,V,0.3039811432,1ne2
67,T,0.3748856792,1ne2
68,A,0.4476785941,1ne2
69,F,0.4997512184,1ne2
70,D,0.5471809344,1ne2
71,I,0.5692280171,1ne2
72,D,0.532015485,1ne2
73,P,0.5020775824,1ne2
74,D,0.4644912788,1ne2
75,A,0.3978963833,1ne2
76,I,0.3470624597,1ne2
77,E,0.2877354453,1ne2
78,T,0.2560825704,1ne2
79,A,0.2152817042,1ne2
80,K,0.2018312257,1ne2
81,R,0.2357584745,1ne2
82,N,0.2580669939,1ne2
83,C,0.3087587219,1ne2
84,G,0.3064910494,1ne2
85,G,0.2873813416,1ne2
86,V,0.2679742663,1ne2
87,N,0.2528231341,1ne2
88,F,0.2372634072,1ne2
89,M,0.2171249532,1ne2
90,V,0.1587117778,1ne2
91,A,0.1080006932,1ne2
92,D,0.0447414189,1ne2
93,V,0.0344570042,1ne2
94,S,0.0294330549,1ne2
95,E,0.0276197663,1ne2
96,I,0.0133458224,1ne2
97,S,0.0125704133,1ne2
98,G,0.0205684124,1ne2
99,K,0.0216527737,1ne2
100,Y,0.0225987302,1ne2
101,D,0.0240116591,1ne2
102,T,0.0237543897,1ne2
103,W,0.023017112,1ne2
104,I,0.0221823481,1ne2
105,M,0.0201688045,1ne2
106,N,0.0125772131,1ne2
107,P,0.0103615371,1ne2
108,P,0.0110705034,1ne2
109,F,0.0100874446,1ne2
110,D,0.0099672625,1ne2
111,R,0.0101942848,1ne2
112,A,0.0104557101,1ne2
113,F,0.0106961098,1ne2
114,I,0.0107404645,1ne2
115,D,0.0103919523,1ne2
116,K,0.0048991961,1ne2
117,A,0.0029978536,1ne2
118,F,0.0029337116,1ne2
119,E,0.0015675659,1ne2
120,T,0.0015248188,1ne2
121,S,0.0012029557,1ne2
122,M,0.0009460483,1ne2
123,W,0.0016776347,1ne2
124,I,0.0135996092,1ne2
125,Y,0.0409526889,1ne2
126,S,0.0529595991,1ne2
127,I,0.0667655007,1ne2
128,G,0.0788486575,1ne2
129,N,0.1621771667,1ne2
130,A,0.2028526323,1ne2
131,K,0.2480368032,1ne2
132,A,0.2970698521,1ne2
133,R,0.3247660922,1ne2
134,D,0.3901164626,1ne2
135,F,0.4413978345,1ne2
136,L,0.4663832484,1ne2
137,R,0.5541105052,1ne2
138,R,0.5092445501,1ne2
139,E,0.5033294338,1ne2
140,F,0.4760164954,1ne2
141,S,0.4445100645,1ne2
142,A,0.4288803197,1ne2
143,R,0.363260078,1ne2
144,G,0.3273716116,1ne2
145,D,0.3187489586,1ne2
146,V,0.2287185354,1ne2
147,F,0.2233970767,1ne2
148,R,0.2206497284,1ne2
149,E,0.278471233,1ne2
150,E,0.2902106574,1ne2
151,K,0.2959880999,1ne2
152,V,0.3045069413,1ne2
153,Y,0.3130257826,1ne2
154,I,0.3507973849,1ne2
155,T,0.3780716838,1ne2
156,V,0.3643853717,1ne2
157,P,0.3389887522,1ne2
158,R,0.2782710861,1ne2
159,I,0.2627959881,1ne2
160,Y,0.2416779975,1ne2
161,R,0.2191875613,1ne2
162,A,0.2003971804,1ne2
163,R,0.1523173137,1ne2
164,I,0.1295101351,1ne2
165,E,0.1139357339,1ne2
166,A,0.1202150739,1ne2
167,V,0.1094025425,1ne2
168,I,0.0964233855,1ne2
169,F,0.0900766582,1ne2
170,G,0.0815087091,1ne2
171,V,0.0781980039,1ne2
172,R,0.0624896009,1ne2
173,N,0.0215594482,1ne2
174,H,0.0438267238,1ne2
175,S,0.1244424159,1ne2
176,F,0.0373878755,1ne2
1,M,0.544016602,1nps
2,G,0.4319104141,1nps
3,I,0.5605287522,1nps
4,K,0.280564407,1nps
5,N,0.4032607242,1nps
6,D,0.3904621568,1nps
7,L,0.3785242218,1nps
8,E,0.3636161275,1nps
9,I,0.3830110868,1nps
10,R,0.3967827047,1nps
11,L,0.4338851444,1nps
12,Q,0.4699402942,1nps
13,K,0.5022227798,1nps
14,L,0.5179947247,1nps
15,Q,0.4713345245,1nps
16,Q,0.4362101231,1nps
17,Q,0.3889400365,1nps
18,G,0.3402004102,1nps
19,Y,0.2894168996,1nps
20,P,0.2176090874,1nps
21,T,0.1457238266,1nps
22,D,0.0720557291,1nps
23,A,0.0073849904,1nps
24,S,0.0069276202,1nps
25,T,0.0062877039,1nps
26,A,0.0117758934,1nps
27,A,0.0131094959,1nps
28,Y,0.0185052274,1nps
29,F,0.0293494942,1nps
30,L,0.0371607663,1nps
31,I,0.040767264,1nps
32,E,0.0434706561,1nps
33,I,0.0462294916,1nps
34,Y,0.0496143565,1nps
35,N,0.0572963107,1nps
36,D,0.0979664375,1nps
37,G,0.146997114,1nps
38,N,0.204710547,1nps
39,I,0.242312609,1nps
40,G,0.2827206751,1nps
41,G,0.3316340576,1nps
42,R,0.3393084154,1nps
43,S,0.3522150173,1nps
44,V,0.3621123098,1nps
45,I,0.338088769,1nps
46,D,0.3012258207,1nps
47,A,0.2378849425,1nps
48,G,0.197295158,1nps
49,T,0.1631103527,1nps
50,G,0.1232289917,1nps
51,N,0.1403407169,1nps
52,G,0.1573210266,1nps
53,I,0.1658522189,1nps
54,L,0.1777442943,1nps
55,A,0.160809334,1nps
56,C,0.1599067016,1nps
57,G,0.1563590769,1nps
58,S,0.1508954711,1nps
59,Y,0.1471892639,1nps
60,L,0.1302607687,1nps
61,L,0.1144418886,1nps
62,G,0.0943187229,1nps
63,A,0.1244331408,1nps
64,E,0.1813184781,1nps
65,S,0.2267050887,1nps
66,V,0.3039811432,1nps
67,T,0.3748856792,1nps
68,A,0.4476785941,1nps
69,F,0.4997512184,1nps
70,D,0.5471809344,1nps
71,I,0.5692280171,1nps
72,D,0.532015485,1nps
73,P,0.5020775824,1nps
74,D,0.4644912788,1nps
75,A,0.3978963833,1nps
76,I,0.3470624597,1nps
77,E,0.2877354453,1nps
78,T,0.2560825704,1nps
79,A,0.2152817042,1nps
80,K,0.2018312257,1nps
81,R,0.2357584745,1nps
82,N,0.2580669939,1nps
83,C,0.3087587219,1nps
84,G,0.3064910494,1nps
85,G,0.2873813416,1nps
86,V,0.2679742663,1nps
87,N,0.2528231341,1nps
88,F,0.2372634072,1nps
89,M,0.2171249532,1nps
90,V,0.1587117778,1nps
91,A,0.1080006932,1nps
92,D,0.0447414189,1nps
93,V,0.0344570042,1nps
94,S,0.0294330549,1nps
95,E,0.0276197663,1nps
96,I,0.0133458224,1nps
97,S,0.0125704133,1nps
98,G,0.0205684124,1nps
99,K,0.0216527737,1nps
100,Y,0.0225987302,1nps
101,D,0.0240116591,1nps
102,T,0.0237543897,1nps
103,W,0.023017112,1nps
104,I,0.0221823481,1nps
105,M,0.0201688045,1nps
106,N,0.0125772131,1nps
107,P,0.0103615371,1nps
108,P,0.0110705034,1nps
109,F,0.0100874446,1nps
110,D,0.0099672625,1nps
111,R,0.0101942848,1nps
112,A,0.0104557101,1nps
113,F,0.0106961098,1nps
114,I,0.0107404645,1nps
115,D,0.0103919523,1nps
116,K,0.0048991961,1nps
117,A,0.0029978536,1nps
118,F,0.0029337116,1nps
119,E,0.0015675659,1nps
120,T,0.0015248188,1nps
121,S,0.0012029557,1nps
122,M,0.0009460483,1nps
123,W,0.0016776347,1nps
124,I,0.0135996092,1nps
125,Y,0.0409526889,1nps
126,S,0.0529595991,1nps
127,I,0.0667655007,1nps
128,G,0.0788486575,1nps
129,N,0.1621771667,1nps
130,A,0.2028526323,1nps
131,K,0.2480368032,1nps
132,A,0.2970698521,1nps
133,R,0.3247660922,1nps
134,D,0.3901164626,1nps
135,F,0.4413978345,1nps
136,L,0.4663832484,1nps
137,R,0.5541105052,1nps
138,R,0.5092445501,1nps
139,E,0.5033294338,1nps
140,F,0.4760164954,1nps
141,S,0.4445100645,1nps
142,A,0.4288803197,1nps
143,R,0.363260078,1nps
144,G,0.3273716116,1nps
145,D,0.3187489586,1nps
146,V,0.2287185354,1nps
147,F,0.2233970767,1nps
148,R,0.2206497284,1nps
149,E,0.278471233,1nps
150,E,0.2902106574,1nps
151,K,0.2959880999,1nps
152,V,0.3045069413,1nps
153,Y,0.3130257826,1nps
154,I,0.3507973849,1nps
155,T,0.3780716838,1nps
156,V,0.3643853717,1nps
157,P,0.3389887522,1nps
158,R,0.2782710861,1nps
159,I,0.2627959881,1nps
160,Y,0.2416779975,1nps
161,R,0.2191875613,1nps
162,A,0.2003971804,1nps
163,R,0.1523173137,1nps
164,I,0.1295101351,1nps
165,E,0.1139357339,1nps
166,A,0.1202150739,1nps
167,V,0.1094025425,1nps
168,I,0.0964233855,1nps
169,F,0.0900766582,1nps
170,G,0.0815087091,1nps
171,V,0.0781980039,1nps
172,R,0.0624896009,1nps
173,N,0.0215594482,1nps
174,H,0.0438267238,1nps
175,S,0.1244424159,1nps
176,F,0.0373878755,1nps
1,I,0.7873312131,1nrv
2,H,0.2659146547,1nrv
3,R,0.0513837569,1nrv
4,T,0.1396633766,1nrv
5,Q,0.2660260454,1nrv
6,H,0.2046100596,1nrv
7,W,0.1930845524,1nrv
8,F,0.2227928116,1nrv
9,H,0.2664741111,1nrv
10,G,0.2957941526,1nrv
11,R,0.2748127462,1nrv
12,I,0.2514894247,1nrv
13,S,0.2350410609,1nrv
14,R,0.2438814084,1nrv
15,E,0.2846519338,1nrv
16,E,0.3340843718,1nrv
17,S,0.3311975977,1nrv
18,H,0.3106886547,1nrv
19,R,0.2966962866,1nrv
20,I,0.3145714605,1nrv
21,I,0.3383130462,1nrv
22,K,0.344941688,1nrv
23,Q,0.31526189,1nrv
24,Q,0.2508569135,1nrv
25,G,0.1870293527,1nrv
26,L,0.1564239924,1nrv
27,V,0.1198110907,1nrv
28,D,0.084962186,1nrv
29,G,0.0606206635,1nrv
30,L,0.0323021911,1nrv
31,F,0.0196774554,1nrv
32,L,0.0179858078,1nrv
33,L,0.0162941601,1nrv
34,R,0.0130125908,1nrv
35,D,0.0111611005,1nrv
36,S,0.0091344531,1nrv
37,Q,0.0059108283,1nrv
38,S,0.0043853493,1nrv
39,N,0.0033189072,1nrv
40,P,0.0041488706,1nrv
41,K,0.0037288151,1nrv
42,A,0.0030372917,1nrv
43,F,0.0027320907,1nrv
44,V,0.0026826193,1nrv
45,L,0.0026434962,1nrv
46,T,0.0025943924,1nrv
47,L,0.0023635305,1nrv
48,C,0.0021293042,1nrv
49,H,0.0004750093,1nrv
50,H,0.0001573739,1nrv
51,Q,0.000112158,1nrv
52,K,7.59076E-05,1nrv
53,I,5.28086E-05,1nrv
54,K,4.23494E-05,1nrv
55,N,2.61954E-05,1nrv
56,F,2.97509E-05,1nrv
57,Q,3.45058E-05,1nrv
58,I,3.61314E-05,1nrv
59,L,3.75858E-05,1nrv
60,P,4.05216E-05,1nrv
61,C,0.0003539478,1nrv
62,T,0.0005382272,1nrv
63,F,0.0008070986,1nrv
64,F,0.0010726669,1nrv
65,S,0.0013235536,1nrv
66,L,0.0016347588,1nrv
67,D,0.0022313016,1nrv
68,D,0.0030888958,1nrv
69,G,0.0031418717,1nrv
70,N,0.0029661728,1nrv
71,T,0.0030527314,1nrv
72,K,0.0029624457,1nrv
73,F,0.0027604894,1nrv
74,S,0.0025247469,1nrv
75,D,0.0022062766,1nrv
76,L,0.0016089562,1nrv
77,I,0.0007531019,1nrv
78,Q,0.0006960199,1nrv
79,L,0.0005571223,1nrv
80,V,0.0002897625,1nrv
81,D,0.0001127045,1nrv
82,F,4.76155E-05,1nrv
83,Y,0.0115537356,1nrv
84,Q,0.0221203921,1nrv
85,L,0.0312299821,1nrv
86,N,0.04086334,1nrv
87,K,0.0535815379,1nrv
88,G,0.0685217476,1nrv
89,V,0.0782924697,1nrv
90,L,0.0908971193,1nrv
91,P,0.1020372757,1nrv
92,C,0.0997668236,1nrv
93,K,0.0960494942,1nrv
94,L,0.0933896635,1nrv
95,K,0.0881477545,1nrv
96,H,0.0769405896,1nrv
97,H,0.0616852515,1nrv
98,C,0.0580687004,1nrv
99,I,0.0395650236,1nrv
100,R,0.0136105639,1nrv
1,I,0.5350033534,1r26
2,R,0.1512003164,1r26
3,M,0.46141782,1r26
4,R,0.549393784,1r26
5,A,0.4057414875,1r26
6,R,0.3590639207,1r26
7,Y,0.3552209444,1r26
8,P,0.3180438766,1r26
9,S,0.2927289308,1r26
10,V,0.2583893166,1r26
11,V,0.260688898,1r26
12,D,0.2214355262,1r26
13,V,0.1858190725,1r26
14,Y,0.2259585219,1r26
15,S,0.2535968887,1r26
16,V,0.2704114934,1r26
17,E,0.2911948244,1r26
18,Q,0.262003115,1r26
19,F,0.2527031589,1r26
20,R,0.2195212741,1r26
21,N,0.1985298195,1r26
22,I,0.1763615907,1r26
23,M,0.125322533,1r26
24,S,0.0849366887,1r26
25,E,0.0551853976,1r26
26,D,0.0203530168,1r26
27,I,0.0138228244,1r26
28,L,0.0118241443,1r26
29,T,0.0093138114,1r26
30,V,0.0038843211,1r26
31,A,0.0002981561,1r26
32,W,0.0001190643,1r26
33,F,0.0001360998,1r26
34,T,0.0001646389,1r26
35,A,0.0001807609,1r26
36,V,0.0002430453,1r26
37,W,0.000301737,1r26
38,C,0.0003588244,1r26
39,G,0.000403095,1r26
40,P,0.0034420363,1r26
41,C,0.0040868372,1r26
42,K,0.0053472479,1r26
43,T,0.0070598149,1r26
44,I,0.0406662256,1r26
45,E,0.0538942865,1r26
46,R,0.0581496146,1r26
47,P,0.0611036361,1r26
48,M,0.0635004391,1r26
49,E,0.0655707093,1r26
50,K,0.0719700239,1r26
51,I,0.0791231664,1r26
52,A,0.0841689055,1r26
53,Y,0.052880626,1r26
54,E,0.0412653346,1r26
55,F,0.0389164364,1r26
56,P,0.0378688448,1r26
57,T,0.0390596435,1r26
58,V,0.0379995191,1r26
59,K,0.0359762016,1r26
60,F,0.0387484602,1r26
61,A,0.0322314741,1r26
62,K,0.0542002223,1r26
63,V,0.06347219,1r26
64,D,0.0681890938,1r26
65,A,0.0760843648,1r26
66,D,0.0802298022,1r26
67,N,0.1141049898,1r26
68,N,0.1466585304,1r26
69,S,0.1520315998,1r26
70,E,0.1665127921,1r26
71,I,0.1449658653,1r26
72,V,0.136810541,1r26
73,S,0.1311463836,1r26
74,K,0.1226614979,1r26
75,C,0.1164499961,1r26
76,R,0.0799724137,1r26
77,V,0.043203091,1r26
78,L,0.0274117577,1r26
79,Q,0.0136630497,1r26
80,L,0.0115046055,1r26
81,P,0.008876919,1r26
82,T,0.0081280948,1r26
83,F,0.0071949789,1r26
84,I,0.0062297053,1r26
85,I,0.0057841397,1r26
86,A,0.0068555972,1r26
87,R,0.0102860419,1r26
88,S,0.0112735226,1r26
89,G,0.0117597165,1r26
90,K,0.0457859702,1r26
91,M,0.1039747939,1r26
92,L,0.1984042151,1r26
93,G,0.278577977,1r26
94,H,0.3583513678,1r26
95,V,0.383866321,1r26
96,I,0.4066504498,1r26
97,G,0.4269907125,1r26
98,A,0.4471560957,1r26
99,N,0.4560961789,1r26
100,P,0.4702775675,1r26
101,G,0.443840898,1r26
102,M,0.4064451601,1r26
103,L,0.374907027,1r26
104,R,0.4376235395,1r26
105,Q,0.5114923408,1r26
106,K,0.5617206737,1r26
107,L,0.6099816044,1r26
108,R,0.6263094348,1r26
109,D,0.6350709199,1r26
110,I,0.653209131,1r26
111,I,0.625974004,1r26
112,K,0.5351857577,1r26
113,D,0.7326338905,1r26
