,residue_number,amino_acid,chain,CA_coords,CB_coords,SCcenter_coords,gene
0,1,A, ,[ 4.533 27.677 49.431],[ 5.743 28.493 49.827],[ 5.743 28.493 49.827],1cke
1,2,I, ,[ 6.682 24.964 50.692],[ 6.353 24.086 51.861],[ 6.88125  24.4605   52.786503],1cke
2,3,A, ,[ 6.696 23.    47.396],[ 5.601 22.153 46.824],[ 5.601 22.153 46.824],1cke
3,4,P, ,[ 8.799 24.708 44.626],[10.189 24.178 44.307],[ 9.788001 23.150331 44.83267 ],1cke
4,5,V, ,[ 7.079 26.176 41.635],[ 5.866 27.092 41.824],[ 5.3096666 26.966667  41.690002 ],1cke
5,6,I, ,[ 8.784 27.156 38.377],[ 9.659 26.175 37.594],[10.53175  25.808998 37.5915  ],1cke
6,7,T, ,[ 6.559 29.665 36.411],[ 5.963 30.973 37.037],[ 6.051333 31.204666 37.546665],1cke
7,8,I, ,[ 6.809 30.162 32.626],[ 7.04  28.873 31.784],[ 7.69075 28.18925 31.65525],1cke
8,9,D, ,[ 5.045 33.209 31.198],[ 4.768 34.382 32.13 ],[ 4.02775 33.9455  33.29575],1cke
9,10,G, ,[ 5.156 34.727 27.767],[ 5.156 34.727 27.767],[ 5.156 34.727 27.767],1cke
10,11,P, ,[ 3.194 35.541 24.655],[ 3.744 36.591 23.691],[ 4.8346667 36.256     24.156668 ],1cke
11,12,S, ,[ 1.379 33.067 22.387],[ 0.041 33.435 21.701],[-0.48399997 33.4665     22.1765    ],1cke
12,13,G, ,[ 3.667 31.091 20.104],[ 3.667 31.091 20.104],[ 3.667 31.091 20.104],1cke
13,14,A, ,[ 6.837 31.666 22.173],[ 6.924 32.617 23.39 ],[ 6.924 32.617 23.39 ],1cke
14,15,G, ,[ 7.421 27.953 22.863],[ 7.421 27.953 22.863],[ 7.421 27.953 22.863],1cke
15,16,K, ,[ 6.227 27.907 26.503],[ 5.175 28.78  27.181],[ 4.0472 30.4478 27.0964],1cke
16,17,G, ,[ 4.396 24.641 25.891],[ 4.396 24.641 25.891],[ 4.396 24.641 25.891],1cke
17,18,T, ,[ 7.453 22.907 24.579],[ 8.175 23.368 23.299],[ 8.306666 23.039999 22.858002],1cke
18,19,L, ,[ 9.606 24.246 27.493],[ 9.804 25.731 27.85 ],[10.99025  26.159752 28.604752],1cke
19,20,C, ,[ 7.062 23.411 30.157],[ 5.696 24.092 30.254],[ 5.1495   23.815498 30.911   ],1cke
20,21,K, ,[ 6.712 19.84  28.849],[ 6.111 19.323 27.523],[ 4.6544003 19.3696    25.997799 ],1cke
21,22,A, ,[10.506 19.305 28.664],[11.517 20.098 27.81 ],[11.517 20.098 27.81 ],1cke
22,23,M, ,[10.994 20.599 32.234],[10.883 22.055 32.708],[11.8815   23.567749 32.84325 ],1cke
23,24,A, ,[ 8.167 18.598 33.749],[ 6.671 18.731 33.446],[ 6.671 18.731 33.446],1cke
24,25,E, ,[ 9.526 15.42  32.077],[ 9.47  15.1   30.576],[ 8.185  14.4704 29.1814],1cke
25,26,A, ,[13.179 16.125 33.02 ],[13.94  17.399 32.621],[13.94  17.399 32.621],1cke
26,27,L, ,[12.365 16.829 36.669],[12.075 18.24  37.207],[12.88375 19.417   36.94975],1cke
27,28,Q, ,[ 9.408 14.562 36.919],[ 9.889 13.19  37.371],[11.443399 12.1336   36.922997],1cke
28,29,W, ,[ 7.29  17.296 38.625],[ 7.818 18.717 38.758],[ 9.9382   20.0576   40.359596],1cke
29,30,H, ,[ 3.621 18.129 38.366],[ 2.718 18.468 39.515],[ 2.6431668 16.936499  41.113667 ],1cke
30,31,L, ,[ 2.417 20.187 35.391],[ 2.578 19.433 34.066],[ 2.775  20.0135 32.808 ],1cke
31,32,L, ,[-0.185 22.987 35.07 ],[-0.45  23.91  36.253],[-1.6859999 24.80125   36.363503 ],1cke
32,33,D, ,[-1.237 24.556 31.735],[-1.505 23.641 30.53 ],[-1.5057501 24.349752  29.29875  ],1cke
33,34,S, ,[-3.257 27.596 32.615],[-2.785 28.886 33.286],[-2.352  29.25   32.8515],1cke
34,35,G, ,[-4.274 28.149 28.985],[-4.274 28.149 28.985],[-4.274 28.149 28.985],1cke
35,36,A, ,[-6.004 24.743 28.863],[-5.244 23.429 28.871],[-5.244 23.429 28.871],1cke
36,37,I, ,[-7.779 25.338 32.274],[-7.14  26.11  33.526],[-7.3945   25.793    34.173748],1cke
37,38,Y, ,[-10.741  27.428  31.02 ],[-10.723  28.855  30.518],[-10.341125  30.81975   32.6325  ],1cke
38,39,R, ,[-11.387  24.993  28.145],[-10.402  24.667  27.025],[-9.463143 26.224573 24.376429],1cke
39,40,V, ,[-11.396  22.07   30.539],[-10.274  21.619  31.465],[-10.033001  21.088667  31.467667],1cke
40,41,L, ,[-13.933  23.907  32.743],[-13.789  25.292  33.361],[-14.7635    25.760002  34.40175 ],1cke
41,42,A, ,[-16.174  24.661  29.691],[-15.738  25.489  28.44 ],[-15.738  25.489  28.44 ],1cke
42,43,L, ,[-15.97   20.934  28.716],[-14.756  20.14   28.217],[-14.9135  18.9915  27.324 ],1cke
43,44,A, ,[-16.885  19.715  32.168],[-16.164  20.07   33.497],[-16.164  20.07   33.497],1cke
44,45,A, ,[-19.928  22.091  32.105],[-19.894  23.58   31.924],[-19.894  23.58   31.924],1cke
45,46,L, ,[-20.982  20.716  28.659],[-20.134  20.814  27.366],[-20.215502  22.0645    26.570002],1cke
46,47,H, ,[-20.437  17.192  29.924],[-19.136  16.515  30.371],[-17.7255    15.916833  28.764833],1cke
47,48,H, ,[-22.474  17.713  33.107],[-21.774  18.098  34.434],[-20.227001  16.649332  35.07883 ],1cke
48,49,H, ,[-25.151  19.914  31.593],[-26.425  19.057  31.568],[-26.3785    17.6355    29.864836],1cke
49,50,V, ,[-24.215  22.869  33.815],[-22.898  23.057  34.63 ],[-22.815332  23.071     35.210335],1cke
50,51,D, ,[-25.545  26.106  32.292],[-26.891  26.728  32.681],[-27.2315   27.87925  31.881  ],1cke
51,52,V, ,[-22.653  28.058  30.796],[-22.327  27.776  29.294],[-21.848999  27.740334  29.030334],1cke
52,53,A, ,[-24.447  31.381  31.544],[-25.629  31.766  30.743],[-25.629  31.766  30.743],1cke
53,54,S, ,[-25.028  30.671  35.192],[-25.884  29.496  35.629],[-25.970001  29.5295    36.3285  ],1cke
54,55,E, ,[-22.222  32.065  37.384],[-22.001  33.528  37.757],[-20.805   34.8442  38.6468],1cke
55,56,D, ,[-23.785  30.409  40.488],[-25.166  30.689  41.036],[-25.30275  32.023    41.5305 ],1cke
56,57,A, ,[-23.766  26.902  38.937],[-24.726  26.433  37.84 ],[-24.726  26.433  37.84 ],1cke
57,58,L, ,[-20.242  27.299  37.482],[-19.904  28.316  36.377],[-20.1655    28.19875   34.946747],1cke
58,59,V, ,[-18.433  28.318  40.741],[-18.93   29.412  41.738],[-18.634     29.857666  41.950333],1cke
59,60,P, ,[-18.703  24.92   42.599],[-20.071  24.332  42.984],[-20.529     25.388     42.576664],1cke
60,61,L, ,[-17.86   23.173  39.33 ],[-18.606  23.315  37.989],[-18.473251  22.3635    36.88    ],1cke
61,62,A, ,[-14.69   25.299  38.98 ],[-14.706  26.832  38.783],[-14.706  26.832  38.783],1cke
62,63,S, ,[-13.659  24.912  42.633],[-14.321  25.565  43.86 ],[-14.8645    25.187     44.086502],1cke
63,64,H, ,[-13.898  21.093  42.454],[-15.194  20.388  42.916],[-15.960666  21.258999  44.814835],1cke
64,65,L, ,[-12.441  20.609  38.947],[-11.837  21.714  38.09 ],[-12.05175  21.77525  36.66775],1cke
65,66,D, ,[-10.914  17.187  38.545],[-11.75   15.934  38.767],[-10.97275  14.75     38.819  ],1cke
66,67,V, ,[-8.116 17.663 35.955],[-7.852 19.052 35.29 ],[-8.090667 19.407333 35.015667],1cke
67,68,R, ,[-4.503 16.633 35.562],[-4.068 15.423 36.394],[-3.6261427 12.361428  36.250572 ],1cke
68,69,F, ,[-1.872 17.296 32.874],[-1.443 18.741 32.605],[-3.3467143 20.341002  32.571003 ],1cke
69,70,V, ,[ 0.556 14.574 31.889],[1.2000e-02 1.3120e+01 3.2064e+01],[ 0.03866665 12.780666   32.538     ],1cke
70,71,S, ,[ 3.384 14.972 29.388],[ 4.255 16.202 29.492],[ 4.6425 16.2565 28.9065],1cke
71,72,T, ,[ 4.91  11.809 27.787],[ 4.028 10.563 27.63 ],[ 4.101667 10.061333 27.868668],1cke
72,73,N, ,[ 7.584 12.227 25.153],[ 7.291 11.088 24.155],[ 7.9172497  9.8055    24.445    ],1cke
73,74,G, ,[ 6.337 15.774 24.512],[ 6.337 15.774 24.512],[ 6.337 15.774 24.512],1cke
74,75,N, ,[ 2.73  14.694 24.196],[ 2.41  13.305 23.631],[ 3.118 13.014 22.376],1cke
75,76,L, ,[ 0.325 16.367 26.633],[ 0.071 17.872 26.536],[-0.46825 18.52375 27.73575],1cke
76,77,E, ,[-2.635 14.328 27.878],[-2.551 12.915 28.431],[-1.9428002 11.046201  28.1896   ],1cke
77,78,V, ,[-5.452 16.382 29.507],[-6.098 17.577 28.768],[-6.038    18.151    28.869333],1cke
78,79,I, ,[-7.291 14.025 31.866],[-6.505 12.998 32.72 ],[-5.89225 12.559   32.37575],1cke
79,80,L, ,[-10.763  15.271  32.925],[-11.626  16.167  32.021],[-12.755751  16.94575   32.5205  ],1cke
80,81,E, ,[-12.443  13.092  35.578],[-13.94   13.325  35.419],[-15.298401  14.726801  35.648796],1cke
81,82,G, ,[-10.18   10.263  34.504],[-10.18   10.263  34.504],[-10.18   10.263  34.504],1cke
82,83,E, ,[-10.624  10.321  30.69 ],[-12.002  10.277  30.04 ],[-12.712      8.626401  30.988398],1cke
83,84,D, ,[-8.18  11.912 28.204],[-6.982 11.306 27.434],[-6.288   12.2995  26.54325],1cke
84,85,V, ,[-9.919 14.833 26.501],[-10.982  15.61   27.422],[-11.040333  15.612999  28.000334],1cke
85,86,S, ,[-7.001 16.419 24.738],[-5.596 15.899 24.632],[-5.6260004 15.21      24.528    ],1cke
86,87,G, ,[-8.758 16.231 21.392],[-8.758 16.231 21.392],[-8.758 16.231 21.392],1cke
87,88,E, ,[-12.105  17.636  22.623],[-12.86   17.06   23.827],[-14.313601  15.8566    24.489   ],1cke
88,89,I, ,[-10.394  20.764  24.078],[-9.41  20.639 25.312],[-9.6825  20.67325 26.02875],1cke
89,90,R, ,[-9.016 21.934 20.778],[-7.889 21.213 20.063],[-5.037429 21.382143 19.412144],1cke
90,91,T, ,[-12.424  22.449  19.177],[-13.62   21.536  19.309],[-13.651333  21.091667  19.663332],1cke
91,92,Q, ,[-13.829  25.88   18.385],[-14.169  26.41   16.968],[-13.2954    28.144999  17.38    ],1cke
92,93,E, ,[-16.971  24.999  20.225],[-17.693  23.707  19.977],[-19.0362    22.502     20.655201],1cke
93,94,V, ,[-15.103  24.362  23.461],[-14.233  23.138  23.823],[-14.290668  22.803001  24.316666],1cke
94,95,A, ,[-13.043  27.553  22.85 ],[-12.228  27.84   21.629],[-12.228  27.84   21.629],1cke
95,96,N, ,[-16.292  29.493  22.521],[-17.292  29.3    21.395],[-16.77875  29.722    20.085  ],1cke
96,97,A, ,[-17.856  28.093  25.735],[-18.225  26.666  25.995],[-18.225  26.666  25.995],1cke
97,98,A, ,[-14.516  28.862  27.468],[-13.172  28.395  26.956],[-13.172  28.395  26.956],1cke
98,99,S, ,[-14.956  32.516  26.554],[-15.031  33.123  25.136],[-14.495501  32.889     24.7225  ],1cke
99,100,Q, ,[-18.468  32.556  28.058],[-19.639  31.67   27.684],[-21.055601  31.274601  26.4538  ],1cke
100,101,V, ,[-17.305  30.876  31.277],[-16.733  29.459  31.198],[-16.677332  29.075668  31.519999],1cke
101,102,A, ,[-14.347  33.288  31.624],[-13.197  33.343  30.611],[-13.197  33.343  30.611],1cke
102,103,A, ,[-16.609  36.355  31.522],[-17.848  36.494  30.645],[-17.848  36.494  30.645],1cke
103,104,F, ,[-17.734  35.863  35.171],[-18.591  34.681  35.485],[-20.670572  34.46057   34.163857],1cke
104,105,P, ,[-15.691  37.39   38.081],[-16.222  38.685  38.729],[-17.107334  38.631332  37.88933 ],1cke
105,106,R, ,[-16.597  34.633  40.632],[-17.929  34.389  41.309],[-20.085714  34.15386   42.679142],1cke
106,107,V, ,[-15.641  31.885  38.189],[-16.297  31.603  36.751],[-16.546999  31.109335  36.563   ],1cke
107,108,R, ,[-12.212  33.431  37.518],[-11.887  34.769  36.841],[-12.630571  36.928715  35.37614 ],1cke
108,109,E, ,[-11.601  33.714  41.301],[-12.467  34.495  42.248],[-12.925799  34.7276    44.1692  ],1cke
109,110,A, ,[-12.656  30.1    41.831],[-14.014  29.519  41.473],[-14.014  29.519  41.473],1cke
110,111,L, ,[-10.212  28.994  39.083],[-10.347  29.25   37.567],[-10.713751  28.191     36.64925 ],1cke
111,112,L, ,[-7.479 31.128 40.674],[-7.597 32.573 41.15 ],[-6.4065003 33.34475   41.598    ],1cke
112,113,R, ,[-7.911 29.062 43.872],[-9.145 28.992 44.761],[-11.100429  31.261572  46.095573],1cke
113,114,R, ,[-8.141 25.82  41.903],[-9.262 25.433 40.895],[-8.365285 22.357573 40.926426],1cke
114,115,Q, ,[-4.832 26.499 40.039],[-4.584 27.654 39.047],[-5.1148005 28.582203  37.416    ],1cke
115,116,R, ,[-2.929 27.394 43.301],[-3.255 28.536 44.252],[-3.34     31.868    44.275146],1cke
116,117,A, ,[-4.059 23.945 44.542],[-5.494 23.469 44.662],[-5.494 23.469 44.662],1cke
117,118,F, ,[-1.739 22.218 42.017],[-1.581 22.59  40.526],[-3.4670002 21.855145  39.057    ],1cke
118,119,R, ,[ 1.292 23.314 44.061],[ 1.48  24.695 44.698],[ 3.572857 26.878    45.773144],1cke
119,120,E, ,[ 2.314 19.99  45.677],[ 1.414 18.798 45.252],[-0.22639999 18.037      44.7036    ],1cke
120,121,L, ,[ 5.523 17.914 46.045],[ 6.068 17.255 47.345],[ 6.62     17.946499 48.477   ],1cke
121,122,P, ,[ 7.844 17.368 44.548],[ 8.863 16.472 43.895],[ 7.915333 16.056    43.249332],1cke
122,123,G, ,[ 7.129 20.593 42.688],[ 7.129 20.593 42.688],[ 7.129 20.593 42.688],1cke
123,124,L, ,[ 5.207 22.188 39.877],[ 3.981 22.908 40.484],[ 2.7270002 23.29325   39.731503 ],1cke
124,125,I, ,[ 5.924 23.63  36.378],[ 6.517 22.838 35.211],[ 7.48075 22.79775 35.35625],1cke
125,126,A, ,[ 3.19  26.205 35.615],[ 2.668 26.949 36.825],[ 2.668 26.949 36.825],1cke
126,127,D, ,[ 2.69  27.848 32.233],[ 3.404 27.187 31.016],[ 2.532   26.77025 29.98975],1cke
127,128,G, ,[ 0.61  30.798 31.193],[ 0.61  30.798 31.193],[ 0.61  30.798 31.193],1cke
128,129,R, ,[ 0.481 34.624 31.013],[-0.669 35.268 30.235],[-1.8075714 36.727     28.73557  ],1cke
129,130,D, ,[ 0.287 35.758 34.638],[-0.977 36.563 34.884],[-2.171    35.733498 34.98    ],1cke
130,131,M, ,[ 1.79  32.779 36.469],[ 2.44  31.555 35.781],[ 0.95100003 30.5935     35.62025   ],1cke
131,132,G, ,[ 4.637 34.624 38.094],[ 4.637 34.624 38.094],[ 4.637 34.624 38.094],1cke
132,133,T, ,[ 2.773 37.866 38.729],[ 2.502 38.878 37.637],[ 2.6790001 38.845333  37.092667 ],1cke
133,134,V, ,[-0.673 36.819 39.874],[-1.844 37.099 38.865],[-2.292    37.468    38.939667],1cke
134,135,V, ,[-1.074 33.111 40.524],[-1.28  32.022 39.474],[-1.7863334 31.769669  39.339664 ],1cke
135,136,F, ,[ 2.293 32.363 42.196],[ 2.93  31.061 41.688],[ 1.3935715 29.078857  41.442142 ],1cke
136,137,P, ,[ 3.961 35.72  43.048],[ 3.079 36.843 43.605],[ 2.2623334 35.960667  43.780334 ],1cke
137,138,D, ,[ 6.212 33.975 45.525],[ 5.679 33.54  46.894],[ 4.79825  32.398502 46.81975 ],1cke
138,139,A, ,[ 7.651 31.422 43.081],[ 7.215 31.176 41.626],[ 7.215 31.176 41.626],1cke
139,140,P, ,[11.367 30.705 43.631],[11.781 29.406 44.348],[10.672333 29.038666 44.124332],1cke
140,141,V, ,[12.088 30.417 39.835],[12.668 29.094 39.327],[13.240334 28.970665 39.222668],1cke
141,142,K, ,[10.342 32.675 37.318],[ 9.855 34.029 37.86 ],[ 8.436399 34.981403 39.732597],1cke
142,143,I, ,[11.056 32.631 33.584],[11.423 31.256 32.983],[12.07     30.558498 32.973747],1cke
143,144,F, ,[ 9.649 34.985 30.953],[ 9.574 36.483 31.176],[ 7.8782854 37.54986   29.71543  ],1cke
144,145,L, ,[ 9.953 33.642 27.38 ],[ 9.426 32.251 27.106],[10.17025  31.22025  26.390501],1cke
145,146,D, ,[10.009 36.085 24.562],[10.709 37.422 24.765],[10.092    38.5005   24.029501],1cke
146,147,A, ,[10.207 35.424 20.815],[ 9.559 34.078 20.491],[ 9.559 34.078 20.491],1cke
147,148,S, ,[10.232 37.311 17.502],[11.349 37.2   16.421],[11.323 36.574 16.086],1cke
148,149,S, ,[ 7.048 37.683 15.457],[ 6.655 38.942 14.7  ],[ 6.599    39.488503 15.149   ],1cke
149,150,E, ,[ 8.408 35.303 12.804],[ 9.718 35.421 12.018],[10.020399 37.340004 11.692599],1cke
150,151,E, ,[ 9.137 32.586 15.386],[ 9.962 32.794 16.667],[11.1588   31.257801 16.6008  ],1cke
151,152,R, ,[ 5.638 33.112 16.806],[ 5.196 34.376 17.582],[ 4.311714 36.13957  19.345999],1cke
152,153,A, ,[ 4.004 33.212 13.357],[ 4.271 34.2   12.252],[ 4.271 34.2   12.252],1cke
153,154,H, ,[ 5.737 29.872 12.454],[ 7.245 29.602 12.341],[ 7.6701674 27.528666  11.647332 ],1cke
154,155,R, ,[ 4.6   28.151 15.624],[ 5.027 28.569 17.037],[ 7.137571 28.137    18.755713],1cke
155,156,R, ,[ 0.976 29.22  14.953],[ 0.511 30.638 14.755],[-2.017143 29.783716 16.397572],1cke
156,157,M, ,[ 1.168 27.956 11.352],[ 2.199 28.401 10.334],[ 3.02675 27.99975  8.83225],1cke
157,158,L, ,[ 2.187 24.461 12.563],[ 3.439 23.958 13.258],[ 4.7465   24.055252 12.72925 ],1cke
158,159,Q, ,[-0.48  24.569 15.311],[-0.582 25.66  16.384],[ 0.2864 26.2184 18.1442],1cke
159,160,L, ,[-3.271 25.202 12.809],[-3.479 26.543 12.085],[-3.9355001 27.764     12.71675  ],1cke
160,161,Q, ,[-1.958 22.772 10.126],[-0.523 22.54   9.691],[ 1.0491999 23.0392     8.653001 ],1cke
161,162,V, ,[-2.499 20.2   12.899],[-1.98  20.331 14.378],[-1.7119999 19.908998  14.698001 ],1cke
162,163,K, ,[-6.241 20.965 13.059],[-6.873 22.193 13.726],[-7.2612   23.358799 15.5058  ],1cke
163,164,G, ,[-6.18  20.665  9.288],[-6.18  20.665  9.288],[-6.18  20.665  9.288],1cke
164,165,F, ,[-5.894 24.334  8.222],[-6.696 25.449  8.939],[-9.130285 24.897001  9.191857],1cke
165,166,S, ,[-2.809 25.338  6.303],[-2.211 24.505  5.18 ],[-2.111     24.8905     4.5909996],1cke
166,167,V, ,[-2.582 29.094  6.103],[-3.292 29.82   7.278],[-3.0636666 30.182999   7.646667 ],1cke
167,168,N, ,[-0.264 31.538  4.367],[-0.905 32.642  3.542],[2.8750002e-02 3.3424252e+01 2.7807500e+00],1cke
168,169,F, ,[ 2.777 32.548  6.456],[ 4.234 32.181  6.204],[ 5.733571  33.228855   7.9171433],1cke
169,170,E, ,[ 2.518 36.189  5.42 ],[ 2.441 36.641  3.953],[ 4.2436    37.197      3.4323997],1cke
170,171,R, ,[-1.174 36.153  6.512],[-2.279 35.196  6.001],[-3.9465716 34.092857   3.259857 ],1cke
171,172,L, ,[-0.272 34.855  9.957],[ 0.23  33.466 10.262],[-0.64225 32.35875 10.52075],1cke
172,173,L, ,[ 2.65  37.21  10.341],[ 3.77  37.337  9.309],[ 5.1075  37.80325  9.597  ],1cke
173,174,A, ,[2.9000e-02 3.9958e+01 9.9450e+00],[-0.778 40.162  8.658],[-0.778 40.162  8.658],1cke
174,175,E, ,[-2.49  38.279 12.265],[-2.946 36.826 12.2  ],[-4.224    35.6492   11.440199],1cke
175,176,I, ,[ 0.05  38.286 15.116],[ 1.086 37.142 15.495],[ 1.8492501 36.990997  15.27275  ],1cke
176,177,K, ,[ 1.596 41.691 14.409],[ 2.301 42.089 13.1  ],[ 4.6768 42.1202 12.2334],1cke
177,178,L, ,[ 1.515 40.316 29.893],[ 1.58  39.737 28.475],[ 2.41925 38.55825 28.29875],1cke
178,179,V, ,[ 4.212 41.964 31.985],[ 3.75  42.93  33.086],[ 3.5433338 43.45367   33.050335 ],1cke
179,180,P, ,[ 7.198 40.012 33.181],[ 8.563 40.067 32.488],[ 8.098666 41.060665 31.907333],1cke
180,181,A, ,[ 7.701 39.682 36.941],[ 7.761 38.387 37.693],[ 7.761 38.387 37.693],1cke
181,182,A, ,[10.401 41.98  38.433],[10.234 42.887 39.691],[10.234 42.887 39.691],1cke
182,183,D, ,[12.206 38.845 39.518],[12.011 38.285 40.924],[10.68525 37.78575 41.1855 ],1cke
183,184,A, ,[11.929 36.822 36.282],[10.779 37.017 35.293],[10.779 37.017 35.293],1cke
184,185,L, ,[14.844 35.421 34.193],[15.371 33.984 34.313],[16.5775  33.61125 33.61325],1cke
185,186,V, ,[14.155 36.746 30.588],[14.232 38.231 30.121],[13.774333 38.562664 29.930334],1cke
186,187,L, ,[15.019 34.185 27.878],[14.789 32.705 28.226],[15.70275 31.92175 29.0485 ],1cke
187,188,D, ,[14.757 34.901 24.147],[15.428 36.143 23.554],[14.67725  36.673252 22.417   ],1cke
188,189,S, ,[13.497 32.035 21.972],[11.976 31.781 21.887],[11.8025   31.114    21.724499],1cke
189,190,T, ,[14.958 33.608 18.754],[14.296 34.727 18.053],[13.963666 35.10033  18.301332],1cke
190,191,T, ,[18.459 34.347 19.873],[18.894 35.347 20.988],[18.561666 35.58067  21.394333],1cke
191,192,L, ,[18.661 30.766 21.264],[18.585 30.57  22.767],[19.333    31.330751 23.69625 ],1cke
192,193,S, ,[17.434 27.47  19.802],[18.276 26.31  19.293],[18.508999 25.911    19.825   ],1cke
193,194,I, ,[14.554 25.813 21.674],[13.22  25.191 21.073],[12.62225  25.092999 21.59325 ],1cke
194,195,E, ,[16.993 23.159 22.796],[17.872 22.271 21.952],[16.8684   22.340399 20.207998],1cke
195,196,Q, ,[19.258 25.928 24.131],[19.982 26.941 23.227],[21.151    26.849598 21.539999],1cke
196,197,V, ,[16.389 27.579 25.958],[15.067 28.048 25.317],[14.816667 28.567    25.383001],1cke
197,198,I, ,[15.546 24.296 27.737],[15.058 22.974 27.112],[14.237499 22.5365   26.77475 ],1cke
198,199,E, ,[19.208 23.838 28.744],[20.378 23.749 27.792],[22.341799 23.812399 27.6814  ],1cke
199,200,K, ,[19.459 27.381 29.976],[19.46  28.605 29.056],[21.3694   29.7234   27.714802],1cke
200,201,A, ,[16.133 27.14  31.903],[14.755 26.838 31.281],[14.755 26.838 31.281],1cke
201,202,L, ,[17.187 23.868 33.563],[17.335 22.504 32.897],[16.24175  21.609    32.612247],1cke
202,203,Q, ,[20.606 25.303 34.592],[21.692 25.834 33.651],[23.1646   25.219799 32.4718  ],1cke
203,204,Y, ,[19.009 28.388 36.224],[18.181 29.419 35.448],[17.279251 31.651875 37.074375],1cke
204,205,A, ,[16.478 26.129 38.032],[15.524 25.045 37.404],[15.524 25.045 37.404],1cke
205,206,R, ,[19.351 23.978 39.288],[20.332 23.158 38.456],[22.226713 22.275288 37.15429 ],1cke
206,207,Q, ,[21.275 26.997 40.625],[21.785 28.175 39.808],[23.1628   26.974798 38.957203],1cke
207,208,K, ,[18.252 28.148 42.498],[17.08  28.872 41.83 ],[18.2022   30.892801 41.5686  ],1cke
208,209,L, ,[16.872 24.897 43.739],[15.65  24.38  42.964],[14.487499 25.200748 42.74025 ],1cke
209,210,A, ,[19.594 22.225 43.883],[19.272 21.094 42.893],[19.272 21.094 42.893],1cke
210,211,L, ,[23.275 21.867 42.889],[23.593 22.932 41.83 ],[24.544   22.63975 40.77375],1cke
211,212,A, ,[26.425 21.656 45.078],[26.389 23.012 45.899],[26.1875   21.773499 46.5455  ],1cke
